<?xml version="1.0"?>
<gpx version="1.1" creator="Generated by Swisstopo App. See https://www.swisstopo.ch/app for more information." xmlns="http://www.topografix.com/GPX/1/1" xmlns:xsi="http://www.w3.org/2001/XMLSchema-instance" xmlns:swisstopo="https://prod-static.swisstopo-app.ch/xmlschemas/SwisstopoExtensions" xsi:schemaLocation="http://www.topografix.com/GPX/1/1 http://www.topografix.com/GPX/1/1/gpx.xsd https://swisstopo-app.ch/xmlschemas/SwisstopoExtensions https://prod-static.swisstopo-app.ch/xmlschemas/SwisstopoExtensions.xsd">
	<metadata>
		<name>Vergeletto - Lago d'Alzasca - Lodano</name>
		<desc></desc>
		<time>2026-08-21T19:00:28+02:00</time>
		<extensions>
			<swisstopo:tour_type>0</swisstopo:tour_type>
		</extensions>
	</metadata>
	<wpt lat="46.2278074087" lon="8.5995351008">
		<ele>898.8</ele>
		<extensions>
			<swisstopo:waypoint_id>0</swisstopo:waypoint_id>
			<swisstopo:waypoint_is_controlpoint>1</swisstopo:waypoint_is_controlpoint>
			<swisstopo:waypoint_routepoint_id>1500957773</swisstopo:waypoint_routepoint_id>
			<swisstopo:waypoint_meters_into_tour>0.000000</swisstopo:waypoint_meters_into_tour>
		</extensions>
		<name>Vergeletto</name>
	</wpt>
	<wpt lat="46.2676860552" lon="8.5833661950">
		<ele>1852.8</ele>
		<extensions>
			<swisstopo:waypoint_id>1856893308</swisstopo:waypoint_id>
			<swisstopo:waypoint_is_controlpoint>0</swisstopo:waypoint_is_controlpoint>
			<swisstopo:waypoint_routepoint_id>1151325409</swisstopo:waypoint_routepoint_id>
			<swisstopo:waypoint_meters_into_tour>8433.630289</swisstopo:waypoint_meters_into_tour>
			<swisstopo:waypoint_stage_before distance="8433.630289" duration="15132.574011" ascent="1212.298035" descent="258.300781" />
		</extensions>
		<name>Lago d'Alzasca</name>
	</wpt>
	<wpt lat="46.2607666672" lon="8.6904560029">
		<ele>341.3</ele>
		<extensions>
			<swisstopo:waypoint_id>1519551407</swisstopo:waypoint_id>
			<swisstopo:waypoint_is_controlpoint>1</swisstopo:waypoint_is_controlpoint>
			<swisstopo:waypoint_routepoint_id>1223734145</swisstopo:waypoint_routepoint_id>
			<swisstopo:waypoint_meters_into_tour>23314.841733</swisstopo:waypoint_meters_into_tour>
			<swisstopo:waypoint_stage_before distance="14881.211444" duration="19994.068365" ascent="556.499908" descent="2068.024567" />
		</extensions>
		<name>Lodano</name>
	</wpt>
	<trk>
		<name>Vergeletto - Lago d'Alzasca - Lodano</name>
		<trkseg>
			<trkpt lat="46.2278074087" lon="8.5995351008">
				<ele>898.8</ele>
				<time>1970-01-01T01:00:00+01:00</time>
				<extensions>
					<swisstopo:routepoint_id>1500957773</swisstopo:routepoint_id>
				</extensions>
			</trkpt>
			<trkpt lat="46.2278074087" lon="8.5995351008">
				<ele>898.8</ele>
				<extensions>
					<swisstopo:waypoint_id>0</swisstopo:waypoint_id>
					<swisstopo:waypoint_is_controlpoint>1</swisstopo:waypoint_is_controlpoint>
					<swisstopo:waypoint_routepoint_id>1500957773</swisstopo:waypoint_routepoint_id>
					<swisstopo:waypoint_meters_into_tour>0.000000</swisstopo:waypoint_meters_into_tour>
					<swisstopo:waypoint_trackpoint_id>swisstopo-770278422</swisstopo:waypoint_trackpoint_id>
					<swisstopo:waypoint_original_name>Vergeletto</swisstopo:waypoint_original_name>
				</extensions>
				<name>swisstopo-770278422</name>
			</trkpt>
			<trkpt lat="46.2278198178" lon="8.5994393226">
				<ele>898.8</ele>
				<time>1970-01-01T01:00:00+01:00</time>
				<extensions>
					<swisstopo:routepoint_id>1402141110</swisstopo:routepoint_id>
				</extensions>
			</trkpt>
			<trkpt lat="46.2278277157" lon="8.5991992740">
				<ele>898.6</ele>
				<time>1970-01-01T01:00:00+01:00</time>
				<extensions>
					<swisstopo:routepoint_id>1983599344</swisstopo:routepoint_id>
				</extensions>
			</trkpt>
			<trkpt lat="46.2278320081" lon="8.5991395675">
				<ele>898.5</ele>
				<time>1970-01-01T01:00:00+01:00</time>
				<extensions>
					<swisstopo:routepoint_id>1796088683</swisstopo:routepoint_id>
				</extensions>
			</trkpt>
			<trkpt lat="46.2278476827" lon="8.5990437544">
				<ele>898.3</ele>
				<time>1970-01-01T01:00:00+01:00</time>
				<extensions>
					<swisstopo:routepoint_id>650029465</swisstopo:routepoint_id>
				</extensions>
			</trkpt>
			<trkpt lat="46.2278587202" lon="8.5990044265">
				<ele>898.2</ele>
				<time>1970-01-01T01:00:00+01:00</time>
				<extensions>
					<swisstopo:routepoint_id>1164349557</swisstopo:routepoint_id>
				</extensions>
			</trkpt>
			<trkpt lat="46.2279153052" lon="8.5988574652">
				<ele>897.9</ele>
				<time>1970-01-01T01:00:00+01:00</time>
				<extensions>
					<swisstopo:routepoint_id>1217653027</swisstopo:routepoint_id>
				</extensions>
			</trkpt>
			<trkpt lat="46.2280406055" lon="8.5985333371">
				<ele>897.4</ele>
				<time>1970-01-01T01:00:00+01:00</time>
				<extensions>
					<swisstopo:routepoint_id>408322821</swisstopo:routepoint_id>
				</extensions>
			</trkpt>
			<trkpt lat="46.2280698323" lon="8.5984502956">
				<ele>897.4</ele>
				<time>1970-01-01T01:00:00+01:00</time>
				<extensions>
					<swisstopo:routepoint_id>644595314</swisstopo:routepoint_id>
				</extensions>
			</trkpt>
			<trkpt lat="46.2280863529" lon="8.5983938439">
				<ele>897.4</ele>
				<time>1970-01-01T01:00:00+01:00</time>
				<extensions>
					<swisstopo:routepoint_id>327772832</swisstopo:routepoint_id>
				</extensions>
			</trkpt>
			<trkpt lat="46.2280974033" lon="8.5983383636">
				<ele>897.4</ele>
				<time>1970-01-01T01:00:00+01:00</time>
				<extensions>
					<swisstopo:routepoint_id>1379861203</swisstopo:routepoint_id>
				</extensions>
			</trkpt>
			<trkpt lat="46.2281041483" lon="8.5982859683">
				<ele>897.3</ele>
				<time>1970-01-01T01:00:00+01:00</time>
				<extensions>
					<swisstopo:routepoint_id>145558570</swisstopo:routepoint_id>
				</extensions>
			</trkpt>
			<trkpt lat="46.2281099264" lon="8.5982120333">
				<ele>897.2</ele>
				<time>1970-01-01T01:00:00+01:00</time>
				<extensions>
					<swisstopo:routepoint_id>1350184550</swisstopo:routepoint_id>
				</extensions>
			</trkpt>
			<trkpt lat="46.2281161807" lon="8.5980828731">
				<ele>897.0</ele>
				<time>1970-01-01T01:00:00+01:00</time>
				<extensions>
					<swisstopo:routepoint_id>1396551585</swisstopo:routepoint_id>
				</extensions>
			</trkpt>
			<trkpt lat="46.2281171759" lon="8.5979208950">
				<ele>896.9</ele>
				<time>1970-01-01T01:00:00+01:00</time>
				<extensions>
					<swisstopo:routepoint_id>1316537096</swisstopo:routepoint_id>
				</extensions>
			</trkpt>
			<trkpt lat="46.2281218035" lon="8.5975958161">
				<ele>896.7</ele>
				<time>1970-01-01T01:00:00+01:00</time>
				<extensions>
					<swisstopo:routepoint_id>158343390</swisstopo:routepoint_id>
				</extensions>
			</trkpt>
			<trkpt lat="46.2281252336" lon="8.5975587628">
				<ele>896.6</ele>
				<time>1970-01-01T01:00:00+01:00</time>
				<extensions>
					<swisstopo:routepoint_id>1460541971</swisstopo:routepoint_id>
				</extensions>
			</trkpt>
			<trkpt lat="46.2281309416" lon="8.5974942502">
				<ele>896.6</ele>
				<time>1970-01-01T01:00:00+01:00</time>
				<extensions>
					<swisstopo:routepoint_id>1309585054</swisstopo:routepoint_id>
				</extensions>
			</trkpt>
			<trkpt lat="46.2281436289" lon="8.5974369515">
				<ele>896.6</ele>
				<time>1970-01-01T01:00:00+01:00</time>
				<extensions>
					<swisstopo:routepoint_id>1843815731</swisstopo:routepoint_id>
				</extensions>
			</trkpt>
			<trkpt lat="46.2281735097" lon="8.5973172249">
				<ele>896.7</ele>
				<time>1970-01-01T01:00:00+01:00</time>
				<extensions>
					<swisstopo:routepoint_id>122786765</swisstopo:routepoint_id>
				</extensions>
			</trkpt>
			<trkpt lat="46.2282200888" lon="8.5971228370">
				<ele>896.8</ele>
				<time>1970-01-01T01:00:00+01:00</time>
				<extensions>
					<swisstopo:routepoint_id>135876203</swisstopo:routepoint_id>
				</extensions>
			</trkpt>
			<trkpt lat="46.2282748249" lon="8.5969365035">
				<ele>896.8</ele>
				<time>1970-01-01T01:00:00+01:00</time>
				<extensions>
					<swisstopo:routepoint_id>1403797501</swisstopo:routepoint_id>
				</extensions>
			</trkpt>
			<trkpt lat="46.2283059507" lon="8.5968770166">
				<ele>896.9</ele>
				<time>1970-01-01T01:00:00+01:00</time>
				<extensions>
					<swisstopo:routepoint_id>1149875196</swisstopo:routepoint_id>
				</extensions>
			</trkpt>
			<trkpt lat="46.2283328767" lon="8.5968331647">
				<ele>897.0</ele>
				<time>1970-01-01T01:00:00+01:00</time>
				<extensions>
					<swisstopo:routepoint_id>185187347</swisstopo:routepoint_id>
				</extensions>
			</trkpt>
			<trkpt lat="46.2283824713" lon="8.5967922056">
				<ele>897.0</ele>
				<time>1970-01-01T01:00:00+01:00</time>
				<extensions>
					<swisstopo:routepoint_id>1469016207</swisstopo:routepoint_id>
				</extensions>
			</trkpt>
			<trkpt lat="46.2285091578" lon="8.5967257157">
				<ele>897.2</ele>
				<time>1970-01-01T01:00:00+01:00</time>
				<extensions>
					<swisstopo:routepoint_id>898044025</swisstopo:routepoint_id>
				</extensions>
			</trkpt>
			<trkpt lat="46.2285587758" lon="8.5966833834">
				<ele>897.3</ele>
				<time>1970-01-01T01:00:00+01:00</time>
				<extensions>
					<swisstopo:routepoint_id>1517569014</swisstopo:routepoint_id>
				</extensions>
			</trkpt>
			<trkpt lat="46.2286699514" lon="8.5965326128">
				<ele>897.6</ele>
				<time>1970-01-01T01:00:00+01:00</time>
				<extensions>
					<swisstopo:routepoint_id>2056356546</swisstopo:routepoint_id>
				</extensions>
			</trkpt>
			<trkpt lat="46.2287573806" lon="8.5963989673">
				<ele>897.9</ele>
				<time>1970-01-01T01:00:00+01:00</time>
				<extensions>
					<swisstopo:routepoint_id>971343084</swisstopo:routepoint_id>
				</extensions>
			</trkpt>
			<trkpt lat="46.2287779909" lon="8.5963639252">
				<ele>897.9</ele>
				<time>1970-01-01T01:00:00+01:00</time>
				<extensions>
					<swisstopo:routepoint_id>1885768171</swisstopo:routepoint_id>
				</extensions>
			</trkpt>
			<trkpt lat="46.2287990866" lon="8.5963280380">
				<ele>898.0</ele>
				<time>1970-01-01T01:00:00+01:00</time>
				<extensions>
					<swisstopo:routepoint_id>223120565</swisstopo:routepoint_id>
				</extensions>
			</trkpt>
			<trkpt lat="46.2288065012" lon="8.5963067934">
				<ele>898.0</ele>
				<time>1970-01-01T01:00:00+01:00</time>
				<extensions>
					<swisstopo:routepoint_id>1852352738</swisstopo:routepoint_id>
				</extensions>
			</trkpt>
			<trkpt lat="46.2288134882" lon="8.5962948083">
				<ele>898.0</ele>
				<time>1970-01-01T01:00:00+01:00</time>
				<extensions>
					<swisstopo:routepoint_id>752111645</swisstopo:routepoint_id>
				</extensions>
			</trkpt>
			<trkpt lat="46.2288753145" lon="8.5961056410">
				<ele>898.3</ele>
				<time>1970-01-01T01:00:00+01:00</time>
				<extensions>
					<swisstopo:routepoint_id>819249787</swisstopo:routepoint_id>
				</extensions>
			</trkpt>
			<trkpt lat="46.2289425869" lon="8.5958871495">
				<ele>898.7</ele>
				<time>1970-01-01T01:00:00+01:00</time>
				<extensions>
					<swisstopo:routepoint_id>578435655</swisstopo:routepoint_id>
				</extensions>
			</trkpt>
			<trkpt lat="46.2290198479" lon="8.5957009020">
				<ele>898.7</ele>
				<time>1970-01-01T01:00:00+01:00</time>
				<extensions>
					<swisstopo:routepoint_id>241706644</swisstopo:routepoint_id>
				</extensions>
			</trkpt>
			<trkpt lat="46.2291035929" lon="8.5955104487">
				<ele>898.7</ele>
				<time>1970-01-01T01:00:00+01:00</time>
				<extensions>
					<swisstopo:routepoint_id>519754242</swisstopo:routepoint_id>
				</extensions>
			</trkpt>
			<trkpt lat="46.2292015930" lon="8.5953116385">
				<ele>898.6</ele>
				<time>1970-01-01T01:00:00+01:00</time>
				<extensions>
					<swisstopo:routepoint_id>889880195</swisstopo:routepoint_id>
				</extensions>
			</trkpt>
			<trkpt lat="46.2293196121" lon="8.5950439891">
				<ele>898.5</ele>
				<time>1970-01-01T01:00:00+01:00</time>
				<extensions>
					<swisstopo:routepoint_id>1175945266</swisstopo:routepoint_id>
				</extensions>
			</trkpt>
			<trkpt lat="46.2293740302" lon="8.5948866938">
				<ele>898.5</ele>
				<time>1970-01-01T01:00:00+01:00</time>
				<extensions>
					<swisstopo:routepoint_id>499036744</swisstopo:routepoint_id>
				</extensions>
			</trkpt>
			<trkpt lat="46.2293991400" lon="8.5947599529">
				<ele>898.5</ele>
				<time>1970-01-01T01:00:00+01:00</time>
				<extensions>
					<swisstopo:routepoint_id>1125071929</swisstopo:routepoint_id>
				</extensions>
			</trkpt>
			<trkpt lat="46.2294252597" lon="8.5945977527">
				<ele>898.6</ele>
				<time>1970-01-01T01:00:00+01:00</time>
				<extensions>
					<swisstopo:routepoint_id>2130793266</swisstopo:routepoint_id>
				</extensions>
			</trkpt>
			<trkpt lat="46.2294520643" lon="8.5944952889">
				<ele>898.7</ele>
				<time>1970-01-01T01:00:00+01:00</time>
				<extensions>
					<swisstopo:routepoint_id>976505121</swisstopo:routepoint_id>
				</extensions>
			</trkpt>
			<trkpt lat="46.2295571370" lon="8.5941693767">
				<ele>898.9</ele>
				<time>1970-01-01T01:00:00+01:00</time>
				<extensions>
					<swisstopo:routepoint_id>1191841160</swisstopo:routepoint_id>
				</extensions>
			</trkpt>
			<trkpt lat="46.2296716991" lon="8.5937968930">
				<ele>899.3</ele>
				<time>1970-01-01T01:00:00+01:00</time>
				<extensions>
					<swisstopo:routepoint_id>2083493262</swisstopo:routepoint_id>
				</extensions>
			</trkpt>
			<trkpt lat="46.2297688313" lon="8.5934924589">
				<ele>899.3</ele>
				<time>1970-01-01T01:00:00+01:00</time>
				<extensions>
					<swisstopo:routepoint_id>6952042</swisstopo:routepoint_id>
				</extensions>
			</trkpt>
			<trkpt lat="46.2298521172" lon="8.5932188816">
				<ele>899.2</ele>
				<time>1970-01-01T01:00:00+01:00</time>
				<extensions>
					<swisstopo:routepoint_id>462011307</swisstopo:routepoint_id>
				</extensions>
			</trkpt>
			<trkpt lat="46.2299077459" lon="8.5930291090">
				<ele>899.1</ele>
				<time>1970-01-01T01:00:00+01:00</time>
				<extensions>
					<swisstopo:routepoint_id>1337755205</swisstopo:routepoint_id>
				</extensions>
			</trkpt>
			<trkpt lat="46.2299477850" lon="8.5928585548">
				<ele>899.2</ele>
				<time>1970-01-01T01:00:00+01:00</time>
				<extensions>
					<swisstopo:routepoint_id>1173708850</swisstopo:routepoint_id>
				</extensions>
			</trkpt>
			<trkpt lat="46.2299808226" lon="8.5927499211">
				<ele>899.4</ele>
				<time>1970-01-01T01:00:00+01:00</time>
				<extensions>
					<swisstopo:routepoint_id>440018230</swisstopo:routepoint_id>
				</extensions>
			</trkpt>
			<trkpt lat="46.2300362207" lon="8.5926399720">
				<ele>899.8</ele>
				<time>1970-01-01T01:00:00+01:00</time>
				<extensions>
					<swisstopo:routepoint_id>1120395217</swisstopo:routepoint_id>
				</extensions>
			</trkpt>
			<trkpt lat="46.2301483086" lon="8.5924813013">
				<ele>900.6</ele>
				<time>1970-01-01T01:00:00+01:00</time>
				<extensions>
					<swisstopo:routepoint_id>2098172504</swisstopo:routepoint_id>
				</extensions>
			</trkpt>
			<trkpt lat="46.2302347262" lon="8.5923352444">
				<ele>901.1</ele>
				<time>1970-01-01T01:00:00+01:00</time>
				<extensions>
					<swisstopo:routepoint_id>2082264941</swisstopo:routepoint_id>
				</extensions>
			</trkpt>
			<trkpt lat="46.2302888822" lon="8.5922217809">
				<ele>901.5</ele>
				<time>1970-01-01T01:00:00+01:00</time>
				<extensions>
					<swisstopo:routepoint_id>251831171</swisstopo:routepoint_id>
				</extensions>
			</trkpt>
			<trkpt lat="46.2303202705" lon="8.5920860173">
				<ele>901.9</ele>
				<time>1970-01-01T01:00:00+01:00</time>
				<extensions>
					<swisstopo:routepoint_id>815101981</swisstopo:routepoint_id>
				</extensions>
			</trkpt>
			<trkpt lat="46.2303378228" lon="8.5919290115">
				<ele>902.5</ele>
				<time>1970-01-01T01:00:00+01:00</time>
				<extensions>
					<swisstopo:routepoint_id>1560143309</swisstopo:routepoint_id>
				</extensions>
			</trkpt>
			<trkpt lat="46.2303486470" lon="8.5916783310">
				<ele>903.0</ele>
				<time>1970-01-01T01:00:00+01:00</time>
				<extensions>
					<swisstopo:routepoint_id>2074184589</swisstopo:routepoint_id>
				</extensions>
			</trkpt>
			<trkpt lat="46.2303624977" lon="8.5915710785">
				<ele>903.1</ele>
				<time>1970-01-01T01:00:00+01:00</time>
				<extensions>
					<swisstopo:routepoint_id>1779284491</swisstopo:routepoint_id>
				</extensions>
			</trkpt>
			<trkpt lat="46.2303660260" lon="8.5914111829">
				<ele>903.6</ele>
				<time>1970-01-01T01:00:00+01:00</time>
				<extensions>
					<swisstopo:routepoint_id>1833235981</swisstopo:routepoint_id>
				</extensions>
			</trkpt>
			<trkpt lat="46.2303559674" lon="8.5912046808">
				<ele>904.2</ele>
				<time>1970-01-01T01:00:00+01:00</time>
				<extensions>
					<swisstopo:routepoint_id>1266473994</swisstopo:routepoint_id>
				</extensions>
			</trkpt>
			<trkpt lat="46.2303524796" lon="8.5910437681">
				<ele>904.8</ele>
				<time>1970-01-01T01:00:00+01:00</time>
				<extensions>
					<swisstopo:routepoint_id>1133656526</swisstopo:routepoint_id>
				</extensions>
			</trkpt>
			<trkpt lat="46.2303624024" lon="8.5908831132">
				<ele>905.3</ele>
				<time>1970-01-01T01:00:00+01:00</time>
				<extensions>
					<swisstopo:routepoint_id>1551354426</swisstopo:routepoint_id>
				</extensions>
			</trkpt>
			<trkpt lat="46.2303835444" lon="8.5907497765">
				<ele>905.7</ele>
				<time>1970-01-01T01:00:00+01:00</time>
				<extensions>
					<swisstopo:routepoint_id>1273917082</swisstopo:routepoint_id>
				</extensions>
			</trkpt>
			<trkpt lat="46.2304161279" lon="8.5906219061">
				<ele>906.1</ele>
				<time>1970-01-01T01:00:00+01:00</time>
				<extensions>
					<swisstopo:routepoint_id>510405000</swisstopo:routepoint_id>
				</extensions>
			</trkpt>
			<trkpt lat="46.2304804136" lon="8.5904535596">
				<ele>906.5</ele>
				<time>1970-01-01T01:00:00+01:00</time>
				<extensions>
					<swisstopo:routepoint_id>299495545</swisstopo:routepoint_id>
				</extensions>
			</trkpt>
			<trkpt lat="46.2305406805" lon="8.5903034971">
				<ele>907.0</ele>
				<time>1970-01-01T01:00:00+01:00</time>
				<extensions>
					<swisstopo:routepoint_id>1836039108</swisstopo:routepoint_id>
				</extensions>
			</trkpt>
			<trkpt lat="46.2306067749" lon="8.5901456756">
				<ele>907.5</ele>
				<time>1970-01-01T01:00:00+01:00</time>
				<extensions>
					<swisstopo:routepoint_id>1213245026</swisstopo:routepoint_id>
				</extensions>
			</trkpt>
			<trkpt lat="46.2306989747" lon="8.5899324028">
				<ele>908.2</ele>
				<time>1970-01-01T01:00:00+01:00</time>
				<extensions>
					<swisstopo:routepoint_id>20717498</swisstopo:routepoint_id>
				</extensions>
			</trkpt>
			<trkpt lat="46.2307775227" lon="8.5897433550">
				<ele>908.8</ele>
				<time>1970-01-01T01:00:00+01:00</time>
				<extensions>
					<swisstopo:routepoint_id>1912291914</swisstopo:routepoint_id>
				</extensions>
			</trkpt>
			<trkpt lat="46.2308375871" lon="8.5896133921">
				<ele>909.3</ele>
				<time>1970-01-01T01:00:00+01:00</time>
				<extensions>
					<swisstopo:routepoint_id>1192635648</swisstopo:routepoint_id>
				</extensions>
			</trkpt>
			<trkpt lat="46.2308866339" lon="8.5894989455">
				<ele>909.7</ele>
				<time>1970-01-01T01:00:00+01:00</time>
				<extensions>
					<swisstopo:routepoint_id>1670015271</swisstopo:routepoint_id>
				</extensions>
			</trkpt>
			<trkpt lat="46.2309440256" lon="8.5893811684">
				<ele>910.2</ele>
				<time>1970-01-01T01:00:00+01:00</time>
				<extensions>
					<swisstopo:routepoint_id>2080714417</swisstopo:routepoint_id>
				</extensions>
			</trkpt>
			<trkpt lat="46.2310167986" lon="8.5892584494">
				<ele>910.6</ele>
				<time>1970-01-01T01:00:00+01:00</time>
				<extensions>
					<swisstopo:routepoint_id>47300004</swisstopo:routepoint_id>
				</extensions>
			</trkpt>
			<trkpt lat="46.2310944615" lon="8.5891576590">
				<ele>910.9</ele>
				<time>1970-01-01T01:00:00+01:00</time>
				<extensions>
					<swisstopo:routepoint_id>969553079</swisstopo:routepoint_id>
				</extensions>
			</trkpt>
			<trkpt lat="46.2311445679" lon="8.5890650976">
				<ele>911.3</ele>
				<time>1970-01-01T01:00:00+01:00</time>
				<extensions>
					<swisstopo:routepoint_id>729829852</swisstopo:routepoint_id>
				</extensions>
			</trkpt>
			<trkpt lat="46.2312148457" lon="8.5888723790">
				<ele>912.1</ele>
				<time>1970-01-01T01:00:00+01:00</time>
				<extensions>
					<swisstopo:routepoint_id>745738056</swisstopo:routepoint_id>
				</extensions>
			</trkpt>
			<trkpt lat="46.2312964779" lon="8.5886291966">
				<ele>912.8</ele>
				<time>1970-01-01T01:00:00+01:00</time>
				<extensions>
					<swisstopo:routepoint_id>980726840</swisstopo:routepoint_id>
				</extensions>
			</trkpt>
			<trkpt lat="46.2313630603" lon="8.5884222577">
				<ele>913.5</ele>
				<time>1970-01-01T01:00:00+01:00</time>
				<extensions>
					<swisstopo:routepoint_id>21993077</swisstopo:routepoint_id>
				</extensions>
			</trkpt>
			<trkpt lat="46.2313849986" lon="8.5883357976">
				<ele>913.7</ele>
				<time>1970-01-01T01:00:00+01:00</time>
				<extensions>
					<swisstopo:routepoint_id>217359988</swisstopo:routepoint_id>
				</extensions>
			</trkpt>
			<trkpt lat="46.2313937148" lon="8.5882536159">
				<ele>914.0</ele>
				<time>1970-01-01T01:00:00+01:00</time>
				<extensions>
					<swisstopo:routepoint_id>1223019994</swisstopo:routepoint_id>
				</extensions>
			</trkpt>
			<trkpt lat="46.2313866040" lon="8.5881709608">
				<ele>914.2</ele>
				<time>1970-01-01T01:00:00+01:00</time>
				<extensions>
					<swisstopo:routepoint_id>505236936</swisstopo:routepoint_id>
				</extensions>
			</trkpt>
			<trkpt lat="46.2313892930" lon="8.5880758274">
				<ele>914.5</ele>
				<time>1970-01-01T01:00:00+01:00</time>
				<extensions>
					<swisstopo:routepoint_id>868564046</swisstopo:routepoint_id>
				</extensions>
			</trkpt>
			<trkpt lat="46.2314027868" lon="8.5879661477">
				<ele>914.8</ele>
				<time>1970-01-01T01:00:00+01:00</time>
				<extensions>
					<swisstopo:routepoint_id>1283070523</swisstopo:routepoint_id>
				</extensions>
			</trkpt>
			<trkpt lat="46.2314346831" lon="8.5879346139">
				<ele>914.9</ele>
				<time>1970-01-01T01:00:00+01:00</time>
				<extensions>
					<swisstopo:routepoint_id>522121632</swisstopo:routepoint_id>
				</extensions>
			</trkpt>
			<trkpt lat="46.2314857190" lon="8.5878291446">
				<ele>915.6</ele>
				<time>1970-01-01T01:00:00+01:00</time>
				<extensions>
					<swisstopo:routepoint_id>325130230</swisstopo:routepoint_id>
				</extensions>
			</trkpt>
			<trkpt lat="46.2315588019" lon="8.5876809443">
				<ele>917.3</ele>
				<time>1970-01-01T01:00:00+01:00</time>
				<extensions>
					<swisstopo:routepoint_id>1183301138</swisstopo:routepoint_id>
				</extensions>
			</trkpt>
			<trkpt lat="46.2315970059" lon="8.5876113860">
				<ele>918.2</ele>
				<time>1970-01-01T01:00:00+01:00</time>
				<extensions>
					<swisstopo:routepoint_id>1874390976</swisstopo:routepoint_id>
				</extensions>
			</trkpt>
			<trkpt lat="46.2316996169" lon="8.5874251570">
				<ele>920.6</ele>
				<time>1970-01-01T01:00:00+01:00</time>
				<extensions>
					<swisstopo:routepoint_id>807710594</swisstopo:routepoint_id>
				</extensions>
			</trkpt>
			<trkpt lat="46.2317792215" lon="8.5872723077">
				<ele>922.9</ele>
				<time>1970-01-01T01:00:00+01:00</time>
				<extensions>
					<swisstopo:routepoint_id>645627964</swisstopo:routepoint_id>
				</extensions>
			</trkpt>
			<trkpt lat="46.2318573229" lon="8.5871428726">
				<ele>925.1</ele>
				<time>1970-01-01T01:00:00+01:00</time>
				<extensions>
					<swisstopo:routepoint_id>281881555</swisstopo:routepoint_id>
				</extensions>
			</trkpt>
			<trkpt lat="46.2319646577" lon="8.5869845304">
				<ele>928.0</ele>
				<time>1970-01-01T01:00:00+01:00</time>
				<extensions>
					<swisstopo:routepoint_id>2140040560</swisstopo:routepoint_id>
				</extensions>
			</trkpt>
			<trkpt lat="46.2320332545" lon="8.5868627054">
				<ele>930.0</ele>
				<time>1970-01-01T01:00:00+01:00</time>
				<extensions>
					<swisstopo:routepoint_id>623251526</swisstopo:routepoint_id>
				</extensions>
			</trkpt>
			<trkpt lat="46.2321134801" lon="8.5867689016">
				<ele>931.8</ele>
				<time>1970-01-01T01:00:00+01:00</time>
				<extensions>
					<swisstopo:routepoint_id>1251858881</swisstopo:routepoint_id>
				</extensions>
			</trkpt>
			<trkpt lat="46.2322197765" lon="8.5866487569">
				<ele>934.3</ele>
				<time>1970-01-01T01:00:00+01:00</time>
				<extensions>
					<swisstopo:routepoint_id>1585361622</swisstopo:routepoint_id>
				</extensions>
			</trkpt>
			<trkpt lat="46.2322742151" lon="8.5865550292">
				<ele>935.9</ele>
				<time>1970-01-01T01:00:00+01:00</time>
				<extensions>
					<swisstopo:routepoint_id>1444643622</swisstopo:routepoint_id>
				</extensions>
			</trkpt>
			<trkpt lat="46.2323376497" lon="8.5864215355">
				<ele>937.8</ele>
				<time>1970-01-01T01:00:00+01:00</time>
				<extensions>
					<swisstopo:routepoint_id>278778047</swisstopo:routepoint_id>
				</extensions>
			</trkpt>
			<trkpt lat="46.2325162794" lon="8.5858406262">
				<ele>946.0</ele>
				<time>1970-01-01T01:00:00+01:00</time>
				<extensions>
					<swisstopo:routepoint_id>2071230842</swisstopo:routepoint_id>
				</extensions>
			</trkpt>
			<trkpt lat="46.2326428354" lon="8.5856034565">
				<ele>950.0</ele>
				<time>1970-01-01T01:00:00+01:00</time>
				<extensions>
					<swisstopo:routepoint_id>20609378</swisstopo:routepoint_id>
				</extensions>
			</trkpt>
			<trkpt lat="46.2327010660" lon="8.5855385710">
				<ele>951.3</ele>
				<time>1970-01-01T01:00:00+01:00</time>
				<extensions>
					<swisstopo:routepoint_id>498185875</swisstopo:routepoint_id>
				</extensions>
			</trkpt>
			<trkpt lat="46.2329504698" lon="8.5851897905">
				<ele>957.7</ele>
				<time>1970-01-01T01:00:00+01:00</time>
				<extensions>
					<swisstopo:routepoint_id>1979061144</swisstopo:routepoint_id>
				</extensions>
			</trkpt>
			<trkpt lat="46.2329903564" lon="8.5850927660">
				<ele>958.8</ele>
				<time>1970-01-01T01:00:00+01:00</time>
				<extensions>
					<swisstopo:routepoint_id>1145335644</swisstopo:routepoint_id>
				</extensions>
			</trkpt>
			<trkpt lat="46.2330197315" lon="8.5849493098">
				<ele>959.9</ele>
				<time>1970-01-01T01:00:00+01:00</time>
				<extensions>
					<swisstopo:routepoint_id>700462192</swisstopo:routepoint_id>
				</extensions>
			</trkpt>
			<trkpt lat="46.2330667765" lon="8.5847831076">
				<ele>961.2</ele>
				<time>1970-01-01T01:00:00+01:00</time>
				<extensions>
					<swisstopo:routepoint_id>1350884565</swisstopo:routepoint_id>
				</extensions>
			</trkpt>
			<trkpt lat="46.2330965354" lon="8.5847586537">
				<ele>961.5</ele>
				<time>1970-01-01T01:00:00+01:00</time>
				<extensions>
					<swisstopo:routepoint_id>1449045595</swisstopo:routepoint_id>
				</extensions>
			</trkpt>
			<trkpt lat="46.2331213951" lon="8.5847607595">
				<ele>961.8</ele>
				<time>1970-01-01T01:00:00+01:00</time>
				<extensions>
					<swisstopo:routepoint_id>2136309887</swisstopo:routepoint_id>
				</extensions>
			</trkpt>
			<trkpt lat="46.2331376385" lon="8.5847842951">
				<ele>961.9</ele>
				<time>1970-01-01T01:00:00+01:00</time>
				<extensions>
					<swisstopo:routepoint_id>707836775</swisstopo:routepoint_id>
				</extensions>
			</trkpt>
			<trkpt lat="46.2331450888" lon="8.5848215595">
				<ele>962.2</ele>
				<time>1970-01-01T01:00:00+01:00</time>
				<extensions>
					<swisstopo:routepoint_id>528378068</swisstopo:routepoint_id>
				</extensions>
			</trkpt>
			<trkpt lat="46.2331342188" lon="8.5848711745">
				<ele>962.5</ele>
				<time>1970-01-01T01:00:00+01:00</time>
				<extensions>
					<swisstopo:routepoint_id>1905190493</swisstopo:routepoint_id>
				</extensions>
			</trkpt>
			<trkpt lat="46.2331075404" lon="8.5849436252">
				<ele>963.1</ele>
				<time>1970-01-01T01:00:00+01:00</time>
				<extensions>
					<swisstopo:routepoint_id>1664239789</swisstopo:routepoint_id>
				</extensions>
			</trkpt>
			<trkpt lat="46.2330798248" lon="8.5850334494">
				<ele>963.9</ele>
				<time>1970-01-01T01:00:00+01:00</time>
				<extensions>
					<swisstopo:routepoint_id>1496279590</swisstopo:routepoint_id>
				</extensions>
			</trkpt>
			<trkpt lat="46.2330232238" lon="8.5854142201">
				<ele>967.2</ele>
				<time>1970-01-01T01:00:00+01:00</time>
				<extensions>
					<swisstopo:routepoint_id>2087433119</swisstopo:routepoint_id>
				</extensions>
			</trkpt>
			<trkpt lat="46.2330017761" lon="8.5855235588">
				<ele>969.1</ele>
				<time>1970-01-01T01:00:00+01:00</time>
				<extensions>
					<swisstopo:routepoint_id>2130598952</swisstopo:routepoint_id>
				</extensions>
			</trkpt>
			<trkpt lat="46.2329874717" lon="8.5855964596">
				<ele>969.6</ele>
				<time>1970-01-01T01:00:00+01:00</time>
				<extensions>
					<swisstopo:routepoint_id>543433816</swisstopo:routepoint_id>
				</extensions>
			</trkpt>
			<trkpt lat="46.2329552301" lon="8.5857591240">
				<ele>969.8</ele>
				<time>1970-01-01T01:00:00+01:00</time>
				<extensions>
					<swisstopo:routepoint_id>99769385</swisstopo:routepoint_id>
				</extensions>
			</trkpt>
			<trkpt lat="46.2328988421" lon="8.5861740805">
				<ele>973.3</ele>
				<time>1970-01-01T01:00:00+01:00</time>
				<extensions>
					<swisstopo:routepoint_id>795214304</swisstopo:routepoint_id>
				</extensions>
			</trkpt>
			<trkpt lat="46.2327300682" lon="8.5869367108">
				<ele>979.6</ele>
				<time>1970-01-01T01:00:00+01:00</time>
				<extensions>
					<swisstopo:routepoint_id>1664903283</swisstopo:routepoint_id>
				</extensions>
			</trkpt>
			<trkpt lat="46.2327093709" lon="8.5870602564">
				<ele>980.6</ele>
				<time>1970-01-01T01:00:00+01:00</time>
				<extensions>
					<swisstopo:routepoint_id>537673173</swisstopo:routepoint_id>
				</extensions>
			</trkpt>
			<trkpt lat="46.2327098595" lon="8.5870977917">
				<ele>980.9</ele>
				<time>1970-01-01T01:00:00+01:00</time>
				<extensions>
					<swisstopo:routepoint_id>1592509421</swisstopo:routepoint_id>
				</extensions>
			</trkpt>
			<trkpt lat="46.2327249155" lon="8.5871196823">
				<ele>981.2</ele>
				<time>1970-01-01T01:00:00+01:00</time>
				<extensions>
					<swisstopo:routepoint_id>815153682</swisstopo:routepoint_id>
				</extensions>
			</trkpt>
			<trkpt lat="46.2327425964" lon="8.5871313862">
				<ele>981.4</ele>
				<time>1970-01-01T01:00:00+01:00</time>
				<extensions>
					<swisstopo:routepoint_id>22376438</swisstopo:routepoint_id>
				</extensions>
			</trkpt>
			<trkpt lat="46.2327587089" lon="8.5871305612">
				<ele>981.7</ele>
				<time>1970-01-01T01:00:00+01:00</time>
				<extensions>
					<swisstopo:routepoint_id>1177506322</swisstopo:routepoint_id>
				</extensions>
			</trkpt>
			<trkpt lat="46.2327825988" lon="8.5871139610">
				<ele>981.9</ele>
				<time>1970-01-01T01:00:00+01:00</time>
				<extensions>
					<swisstopo:routepoint_id>554678937</swisstopo:routepoint_id>
				</extensions>
			</trkpt>
			<trkpt lat="46.2328345469" lon="8.5869246457">
				<ele>983.3</ele>
				<time>1970-01-01T01:00:00+01:00</time>
				<extensions>
					<swisstopo:routepoint_id>1326091552</swisstopo:routepoint_id>
				</extensions>
			</trkpt>
			<trkpt lat="46.2328703039" lon="8.5867698299">
				<ele>984.4</ele>
				<time>1970-01-01T01:00:00+01:00</time>
				<extensions>
					<swisstopo:routepoint_id>973080834</swisstopo:routepoint_id>
				</extensions>
			</trkpt>
			<trkpt lat="46.2329045988" lon="8.5866707391">
				<ele>985.2</ele>
				<time>1970-01-01T01:00:00+01:00</time>
				<extensions>
					<swisstopo:routepoint_id>1661614428</swisstopo:routepoint_id>
				</extensions>
			</trkpt>
			<trkpt lat="46.2329349782" lon="8.5866232830">
				<ele>986.4</ele>
				<time>1970-01-01T01:00:00+01:00</time>
				<extensions>
					<swisstopo:routepoint_id>1424034243</swisstopo:routepoint_id>
				</extensions>
			</trkpt>
			<trkpt lat="46.2329623135" lon="8.5865805736">
				<ele>989.1</ele>
				<time>1970-01-01T01:00:00+01:00</time>
				<extensions>
					<swisstopo:routepoint_id>1928075820</swisstopo:routepoint_id>
				</extensions>
			</trkpt>
			<trkpt lat="46.2329987546" lon="8.5865236359">
				<ele>989.0</ele>
				<time>1970-01-01T01:00:00+01:00</time>
				<extensions>
					<swisstopo:routepoint_id>92169697</swisstopo:routepoint_id>
				</extensions>
			</trkpt>
			<trkpt lat="46.2330268918" lon="8.5864737523">
				<ele>988.7</ele>
				<time>1970-01-01T01:00:00+01:00</time>
				<extensions>
					<swisstopo:routepoint_id>1022757382</swisstopo:routepoint_id>
				</extensions>
			</trkpt>
			<trkpt lat="46.2330381467" lon="8.5864538089">
				<ele>988.1</ele>
				<time>1970-01-01T01:00:00+01:00</time>
				<extensions>
					<swisstopo:routepoint_id>1945207331</swisstopo:routepoint_id>
				</extensions>
			</trkpt>
			<trkpt lat="46.2330775475" lon="8.5863839820">
				<ele>988.3</ele>
				<time>1970-01-01T01:00:00+01:00</time>
				<extensions>
					<swisstopo:routepoint_id>628176579</swisstopo:routepoint_id>
				</extensions>
			</trkpt>
			<trkpt lat="46.2332044230" lon="8.5860262530">
				<ele>991.7</ele>
				<time>1970-01-01T01:00:00+01:00</time>
				<extensions>
					<swisstopo:routepoint_id>1843773696</swisstopo:routepoint_id>
				</extensions>
			</trkpt>
			<trkpt lat="46.2332336925" lon="8.5859244979">
				<ele>992.8</ele>
				<time>1970-01-01T01:00:00+01:00</time>
				<extensions>
					<swisstopo:routepoint_id>711635953</swisstopo:routepoint_id>
				</extensions>
			</trkpt>
			<trkpt lat="46.2333163291" lon="8.5856370879">
				<ele>995.9</ele>
				<time>1970-01-01T01:00:00+01:00</time>
				<extensions>
					<swisstopo:routepoint_id>643047790</swisstopo:routepoint_id>
				</extensions>
			</trkpt>
			<trkpt lat="46.2333485333" lon="8.5855664627">
				<ele>996.8</ele>
				<time>1970-01-01T01:00:00+01:00</time>
				<extensions>
					<swisstopo:routepoint_id>920667527</swisstopo:routepoint_id>
				</extensions>
			</trkpt>
			<trkpt lat="46.2333897641" lon="8.5854885327">
				<ele>998.0</ele>
				<time>1970-01-01T01:00:00+01:00</time>
				<extensions>
					<swisstopo:routepoint_id>231119393</swisstopo:routepoint_id>
				</extensions>
			</trkpt>
			<trkpt lat="46.2334391484" lon="8.5853992911">
				<ele>999.4</ele>
				<time>1970-01-01T01:00:00+01:00</time>
				<extensions>
					<swisstopo:routepoint_id>1191080634</swisstopo:routepoint_id>
				</extensions>
			</trkpt>
			<trkpt lat="46.2335032022" lon="8.5852895066">
				<ele>1001.1</ele>
				<time>1970-01-01T01:00:00+01:00</time>
				<extensions>
					<swisstopo:routepoint_id>1179582125</swisstopo:routepoint_id>
				</extensions>
			</trkpt>
			<trkpt lat="46.2335858252" lon="8.5851480058">
				<ele>1003.3</ele>
				<time>1970-01-01T01:00:00+01:00</time>
				<extensions>
					<swisstopo:routepoint_id>1965241022</swisstopo:routepoint_id>
				</extensions>
			</trkpt>
			<trkpt lat="46.2336523557" lon="8.5850426154">
				<ele>1005.0</ele>
				<time>1970-01-01T01:00:00+01:00</time>
				<extensions>
					<swisstopo:routepoint_id>1681124485</swisstopo:routepoint_id>
				</extensions>
			</trkpt>
			<trkpt lat="46.2337086173" lon="8.5849552523">
				<ele>1006.2</ele>
				<time>1970-01-01T01:00:00+01:00</time>
				<extensions>
					<swisstopo:routepoint_id>952845774</swisstopo:routepoint_id>
				</extensions>
			</trkpt>
			<trkpt lat="46.2337764838" lon="8.5847839029">
				<ele>1007.4</ele>
				<time>1970-01-01T01:00:00+01:00</time>
				<extensions>
					<swisstopo:routepoint_id>1987663734</swisstopo:routepoint_id>
				</extensions>
			</trkpt>
			<trkpt lat="46.2338246116" lon="8.5846937601">
				<ele>1008.0</ele>
				<time>1970-01-01T01:00:00+01:00</time>
				<extensions>
					<swisstopo:routepoint_id>1335384647</swisstopo:routepoint_id>
				</extensions>
			</trkpt>
			<trkpt lat="46.2339394435" lon="8.5845980829">
				<ele>1009.5</ele>
				<time>1970-01-01T01:00:00+01:00</time>
				<extensions>
					<swisstopo:routepoint_id>1026014180</swisstopo:routepoint_id>
				</extensions>
			</trkpt>
			<trkpt lat="46.2340157757" lon="8.5845154838">
				<ele>1010.5</ele>
				<time>1970-01-01T01:00:00+01:00</time>
				<extensions>
					<swisstopo:routepoint_id>1709579859</swisstopo:routepoint_id>
				</extensions>
			</trkpt>
			<trkpt lat="46.2341056001" lon="8.5844071255">
				<ele>1011.9</ele>
				<time>1970-01-01T01:00:00+01:00</time>
				<extensions>
					<swisstopo:routepoint_id>1350188531</swisstopo:routepoint_id>
				</extensions>
			</trkpt>
			<trkpt lat="46.2341740358" lon="8.5842983169">
				<ele>1013.0</ele>
				<time>1970-01-01T01:00:00+01:00</time>
				<extensions>
					<swisstopo:routepoint_id>849749601</swisstopo:routepoint_id>
				</extensions>
			</trkpt>
			<trkpt lat="46.2342313252" lon="8.5841753596">
				<ele>1013.8</ele>
				<time>1970-01-01T01:00:00+01:00</time>
				<extensions>
					<swisstopo:routepoint_id>515296735</swisstopo:routepoint_id>
				</extensions>
			</trkpt>
			<trkpt lat="46.2342908011" lon="8.5840819852">
				<ele>1014.6</ele>
				<time>1970-01-01T01:00:00+01:00</time>
				<extensions>
					<swisstopo:routepoint_id>415003099</swisstopo:routepoint_id>
				</extensions>
			</trkpt>
			<trkpt lat="46.2343473692" lon="8.5840241512">
				<ele>1015.4</ele>
				<time>1970-01-01T01:00:00+01:00</time>
				<extensions>
					<swisstopo:routepoint_id>260474745</swisstopo:routepoint_id>
				</extensions>
			</trkpt>
			<trkpt lat="46.2344083147" lon="8.5839860457">
				<ele>1016.2</ele>
				<time>1970-01-01T01:00:00+01:00</time>
				<extensions>
					<swisstopo:routepoint_id>843768534</swisstopo:routepoint_id>
				</extensions>
			</trkpt>
			<trkpt lat="46.2344598218" lon="8.5839768360">
				<ele>1017.0</ele>
				<time>1970-01-01T01:00:00+01:00</time>
				<extensions>
					<swisstopo:routepoint_id>204425488</swisstopo:routepoint_id>
				</extensions>
			</trkpt>
			<trkpt lat="46.2345327436" lon="8.5839680892">
				<ele>1018.4</ele>
				<time>1970-01-01T01:00:00+01:00</time>
				<extensions>
					<swisstopo:routepoint_id>1040548157</swisstopo:routepoint_id>
				</extensions>
			</trkpt>
			<trkpt lat="46.2346318849" lon="8.5839599065">
				<ele>1020.2</ele>
				<time>1970-01-01T01:00:00+01:00</time>
				<extensions>
					<swisstopo:routepoint_id>2049540956</swisstopo:routepoint_id>
				</extensions>
			</trkpt>
			<trkpt lat="46.2347369945" lon="8.5839661940">
				<ele>1022.0</ele>
				<time>1970-01-01T01:00:00+01:00</time>
				<extensions>
					<swisstopo:routepoint_id>1192488662</swisstopo:routepoint_id>
				</extensions>
			</trkpt>
			<trkpt lat="46.2348382937" lon="8.5839765667">
				<ele>1023.7</ele>
				<time>1970-01-01T01:00:00+01:00</time>
				<extensions>
					<swisstopo:routepoint_id>1569444731</swisstopo:routepoint_id>
				</extensions>
			</trkpt>
			<trkpt lat="46.2349693220" lon="8.5840122532">
				<ele>1025.9</ele>
				<time>1970-01-01T01:00:00+01:00</time>
				<extensions>
					<swisstopo:routepoint_id>401276861</swisstopo:routepoint_id>
				</extensions>
			</trkpt>
			<trkpt lat="46.2352500398" lon="8.5840757772">
				<ele>1029.9</ele>
				<time>1970-01-01T01:00:00+01:00</time>
				<extensions>
					<swisstopo:routepoint_id>2130352137</swisstopo:routepoint_id>
				</extensions>
			</trkpt>
			<trkpt lat="46.2353566522" lon="8.5840915542">
				<ele>1031.4</ele>
				<time>1970-01-01T01:00:00+01:00</time>
				<extensions>
					<swisstopo:routepoint_id>1611476766</swisstopo:routepoint_id>
				</extensions>
			</trkpt>
			<trkpt lat="46.2355678361" lon="8.5841173175">
				<ele>1034.7</ele>
				<time>1970-01-01T01:00:00+01:00</time>
				<extensions>
					<swisstopo:routepoint_id>1326467334</swisstopo:routepoint_id>
				</extensions>
			</trkpt>
			<trkpt lat="46.2356560001" lon="8.5841260089">
				<ele>1036.1</ele>
				<time>1970-01-01T01:00:00+01:00</time>
				<extensions>
					<swisstopo:routepoint_id>1233571378</swisstopo:routepoint_id>
				</extensions>
			</trkpt>
			<trkpt lat="46.2356873381" lon="8.5841312641">
				<ele>1036.7</ele>
				<time>1970-01-01T01:00:00+01:00</time>
				<extensions>
					<swisstopo:routepoint_id>2132612437</swisstopo:routepoint_id>
				</extensions>
			</trkpt>
			<trkpt lat="46.2357673673" lon="8.5841329476">
				<ele>1038.1</ele>
				<time>1970-01-01T01:00:00+01:00</time>
				<extensions>
					<swisstopo:routepoint_id>923106169</swisstopo:routepoint_id>
				</extensions>
			</trkpt>
			<trkpt lat="46.2359719717" lon="8.5841308578">
				<ele>1042.3</ele>
				<time>1970-01-01T01:00:00+01:00</time>
				<extensions>
					<swisstopo:routepoint_id>480516559</swisstopo:routepoint_id>
				</extensions>
			</trkpt>
			<trkpt lat="46.2361289402" lon="8.5841469727">
				<ele>1045.7</ele>
				<time>1970-01-01T01:00:00+01:00</time>
				<extensions>
					<swisstopo:routepoint_id>1599450804</swisstopo:routepoint_id>
				</extensions>
			</trkpt>
			<trkpt lat="46.2362577567" lon="8.5841624956">
				<ele>1048.3</ele>
				<time>1970-01-01T01:00:00+01:00</time>
				<extensions>
					<swisstopo:routepoint_id>1888569050</swisstopo:routepoint_id>
				</extensions>
			</trkpt>
			<trkpt lat="46.2364180620" lon="8.5841423561">
				<ele>1051.6</ele>
				<time>1970-01-01T01:00:00+01:00</time>
				<extensions>
					<swisstopo:routepoint_id>413362019</swisstopo:routepoint_id>
				</extensions>
			</trkpt>
			<trkpt lat="46.2364729080" lon="8.5841435099">
				<ele>1052.8</ele>
				<time>1970-01-01T01:00:00+01:00</time>
				<extensions>
					<swisstopo:routepoint_id>1657439797</swisstopo:routepoint_id>
				</extensions>
			</trkpt>
			<trkpt lat="46.2365526775" lon="8.5841708394">
				<ele>1054.5</ele>
				<time>1970-01-01T01:00:00+01:00</time>
				<extensions>
					<swisstopo:routepoint_id>226736351</swisstopo:routepoint_id>
				</extensions>
			</trkpt>
			<trkpt lat="46.2366193512" lon="8.5841743818">
				<ele>1055.7</ele>
				<time>1970-01-01T01:00:00+01:00</time>
				<extensions>
					<swisstopo:routepoint_id>2125060935</swisstopo:routepoint_id>
				</extensions>
			</trkpt>
			<trkpt lat="46.2367961411" lon="8.5841374964">
				<ele>1058.5</ele>
				<time>1970-01-01T01:00:00+01:00</time>
				<extensions>
					<swisstopo:routepoint_id>345739837</swisstopo:routepoint_id>
				</extensions>
			</trkpt>
			<trkpt lat="46.2369808050" lon="8.5841281754">
				<ele>1060.6</ele>
				<time>1970-01-01T01:00:00+01:00</time>
				<extensions>
					<swisstopo:routepoint_id>2074315242</swisstopo:routepoint_id>
				</extensions>
			</trkpt>
			<trkpt lat="46.2369718296" lon="8.5841573100">
				<ele>1060.6</ele>
				<time>1970-01-01T01:00:00+01:00</time>
				<extensions>
					<swisstopo:routepoint_id>278083875</swisstopo:routepoint_id>
				</extensions>
			</trkpt>
			<trkpt lat="46.2369464620" lon="8.5841576500">
				<ele>1061.3</ele>
				<time>1970-01-01T01:00:00+01:00</time>
				<extensions>
					<swisstopo:routepoint_id>2132679764</swisstopo:routepoint_id>
				</extensions>
			</trkpt>
			<trkpt lat="46.2369389421" lon="8.5841731917">
				<ele>1062.2</ele>
				<time>1970-01-01T01:00:00+01:00</time>
				<extensions>
					<swisstopo:routepoint_id>176264579</swisstopo:routepoint_id>
				</extensions>
			</trkpt>
			<trkpt lat="46.2369400833" lon="8.5841871684">
				<ele>1062.5</ele>
				<time>1970-01-01T01:00:00+01:00</time>
				<extensions>
					<swisstopo:routepoint_id>1194283124</swisstopo:routepoint_id>
				</extensions>
			</trkpt>
			<trkpt lat="46.2369499295" lon="8.5841952256">
				<ele>1062.9</ele>
				<time>1970-01-01T01:00:00+01:00</time>
				<extensions>
					<swisstopo:routepoint_id>935185432</swisstopo:routepoint_id>
				</extensions>
			</trkpt>
			<trkpt lat="46.2369684986" lon="8.5841921344">
				<ele>1063.3</ele>
				<time>1970-01-01T01:00:00+01:00</time>
				<extensions>
					<swisstopo:routepoint_id>589274856</swisstopo:routepoint_id>
				</extensions>
			</trkpt>
			<trkpt lat="46.2369851521" lon="8.5841994737">
				<ele>1063.9</ele>
				<time>1970-01-01T01:00:00+01:00</time>
				<extensions>
					<swisstopo:routepoint_id>1819011848</swisstopo:routepoint_id>
				</extensions>
			</trkpt>
			<trkpt lat="46.2369943571" lon="8.5842101256">
				<ele>1064.3</ele>
				<time>1970-01-01T01:00:00+01:00</time>
				<extensions>
					<swisstopo:routepoint_id>210577611</swisstopo:routepoint_id>
				</extensions>
			</trkpt>
			<trkpt lat="46.2369967102" lon="8.5842267486">
				<ele>1064.9</ele>
				<time>1970-01-01T01:00:00+01:00</time>
				<extensions>
					<swisstopo:routepoint_id>1367410236</swisstopo:routepoint_id>
				</extensions>
			</trkpt>
			<trkpt lat="46.2369959270" lon="8.5842528903">
				<ele>1066.1</ele>
				<time>1970-01-01T01:00:00+01:00</time>
				<extensions>
					<swisstopo:routepoint_id>941711226</swisstopo:routepoint_id>
				</extensions>
			</trkpt>
			<trkpt lat="46.2370063084" lon="8.5842714296">
				<ele>1066.6</ele>
				<time>1970-01-01T01:00:00+01:00</time>
				<extensions>
					<swisstopo:routepoint_id>1159420474</swisstopo:routepoint_id>
				</extensions>
			</trkpt>
			<trkpt lat="46.2370315164" lon="8.5842937879">
				<ele>1067.8</ele>
				<time>1970-01-01T01:00:00+01:00</time>
				<extensions>
					<swisstopo:routepoint_id>1618587074</swisstopo:routepoint_id>
				</extensions>
			</trkpt>
			<trkpt lat="46.2370610906" lon="8.5843101101">
				<ele>1068.7</ele>
				<time>1970-01-01T01:00:00+01:00</time>
				<extensions>
					<swisstopo:routepoint_id>1648264095</swisstopo:routepoint_id>
				</extensions>
			</trkpt>
			<trkpt lat="46.2370851400" lon="8.5843210870">
				<ele>1069.4</ele>
				<time>1970-01-01T01:00:00+01:00</time>
				<extensions>
					<swisstopo:routepoint_id>1209620173</swisstopo:routepoint_id>
				</extensions>
			</trkpt>
			<trkpt lat="46.2371160678" lon="8.5843191295">
				<ele>1069.7</ele>
				<time>1970-01-01T01:00:00+01:00</time>
				<extensions>
					<swisstopo:routepoint_id>2105451613</swisstopo:routepoint_id>
				</extensions>
			</trkpt>
			<trkpt lat="46.2371582221" lon="8.5843043291">
				<ele>1070.0</ele>
				<time>1970-01-01T01:00:00+01:00</time>
				<extensions>
					<swisstopo:routepoint_id>1222293175</swisstopo:routepoint_id>
				</extensions>
			</trkpt>
			<trkpt lat="46.2372109258" lon="8.5842836605">
				<ele>1070.0</ele>
				<time>1970-01-01T01:00:00+01:00</time>
				<extensions>
					<swisstopo:routepoint_id>896780759</swisstopo:routepoint_id>
				</extensions>
			</trkpt>
			<trkpt lat="46.2372543186" lon="8.5842697470">
				<ele>1070.5</ele>
				<time>1970-01-01T01:00:00+01:00</time>
				<extensions>
					<swisstopo:routepoint_id>1626347976</swisstopo:routepoint_id>
				</extensions>
			</trkpt>
			<trkpt lat="46.2372951101" lon="8.5842741251">
				<ele>1070.7</ele>
				<time>1970-01-01T01:00:00+01:00</time>
				<extensions>
					<swisstopo:routepoint_id>403361165</swisstopo:routepoint_id>
				</extensions>
			</trkpt>
			<trkpt lat="46.2373191596" lon="8.5842833547">
				<ele>1071.5</ele>
				<time>1970-01-01T01:00:00+01:00</time>
				<extensions>
					<swisstopo:routepoint_id>753054818</swisstopo:routepoint_id>
				</extensions>
			</trkpt>
			<trkpt lat="46.2373630787" lon="8.5842816705">
				<ele>1072.3</ele>
				<time>1970-01-01T01:00:00+01:00</time>
				<extensions>
					<swisstopo:routepoint_id>533161633</swisstopo:routepoint_id>
				</extensions>
			</trkpt>
			<trkpt lat="46.2374299680" lon="8.5842674030">
				<ele>1073.4</ele>
				<time>1970-01-01T01:00:00+01:00</time>
				<extensions>
					<swisstopo:routepoint_id>1182020767</swisstopo:routepoint_id>
				</extensions>
			</trkpt>
			<trkpt lat="46.2375066769" lon="8.5842646867">
				<ele>1075.2</ele>
				<time>1970-01-01T01:00:00+01:00</time>
				<extensions>
					<swisstopo:routepoint_id>67154540</swisstopo:routepoint_id>
				</extensions>
			</trkpt>
			<trkpt lat="46.2375425765" lon="8.5842610865">
				<ele>1075.6</ele>
				<time>1970-01-01T01:00:00+01:00</time>
				<extensions>
					<swisstopo:routepoint_id>2089494655</swisstopo:routepoint_id>
				</extensions>
			</trkpt>
			<trkpt lat="46.2375962797" lon="8.5842753209">
				<ele>1076.5</ele>
				<time>1970-01-01T01:00:00+01:00</time>
				<extensions>
					<swisstopo:routepoint_id>1661832699</swisstopo:routepoint_id>
				</extensions>
			</trkpt>
			<trkpt lat="46.2376599886" lon="8.5842731921">
				<ele>1077.7</ele>
				<time>1970-01-01T01:00:00+01:00</time>
				<extensions>
					<swisstopo:routepoint_id>435784732</swisstopo:routepoint_id>
				</extensions>
			</trkpt>
			<trkpt lat="46.2377113918" lon="8.5842629542">
				<ele>1079.0</ele>
				<time>1970-01-01T01:00:00+01:00</time>
				<extensions>
					<swisstopo:routepoint_id>1311699959</swisstopo:routepoint_id>
				</extensions>
			</trkpt>
			<trkpt lat="46.2377553728" lon="8.5842525602">
				<ele>1079.2</ele>
				<time>1970-01-01T01:00:00+01:00</time>
				<extensions>
					<swisstopo:routepoint_id>299904757</swisstopo:routepoint_id>
				</extensions>
			</trkpt>
			<trkpt lat="46.2377750741" lon="8.5842651930">
				<ele>1079.8</ele>
				<time>1970-01-01T01:00:00+01:00</time>
				<extensions>
					<swisstopo:routepoint_id>1846977060</swisstopo:routepoint_id>
				</extensions>
			</trkpt>
			<trkpt lat="46.2378367436" lon="8.5842909271">
				<ele>1081.4</ele>
				<time>1970-01-01T01:00:00+01:00</time>
				<extensions>
					<swisstopo:routepoint_id>360543721</swisstopo:routepoint_id>
				</extensions>
			</trkpt>
			<trkpt lat="46.2378885579" lon="8.5843120983">
				<ele>1081.5</ele>
				<time>1970-01-01T01:00:00+01:00</time>
				<extensions>
					<swisstopo:routepoint_id>1898050662</swisstopo:routepoint_id>
				</extensions>
			</trkpt>
			<trkpt lat="46.2379215553" lon="8.5843703643">
				<ele>1082.4</ele>
				<time>1970-01-01T01:00:00+01:00</time>
				<extensions>
					<swisstopo:routepoint_id>1231284398</swisstopo:routepoint_id>
				</extensions>
			</trkpt>
			<trkpt lat="46.2379540529" lon="8.5844120586">
				<ele>1082.9</ele>
				<time>1970-01-01T01:00:00+01:00</time>
				<extensions>
					<swisstopo:routepoint_id>1197494331</swisstopo:routepoint_id>
				</extensions>
			</trkpt>
			<trkpt lat="46.2379768196" lon="8.5844282379">
				<ele>1083.0</ele>
				<time>1970-01-01T01:00:00+01:00</time>
				<extensions>
					<swisstopo:routepoint_id>1734473371</swisstopo:routepoint_id>
				</extensions>
			</trkpt>
			<trkpt lat="46.2379880017" lon="8.5844214967">
				<ele>1083.2</ele>
				<time>1970-01-01T01:00:00+01:00</time>
				<extensions>
					<swisstopo:routepoint_id>1522754924</swisstopo:routepoint_id>
				</extensions>
			</trkpt>
			<trkpt lat="46.2379985691" lon="8.5844138689">
				<ele>1083.4</ele>
				<time>1970-01-01T01:00:00+01:00</time>
				<extensions>
					<swisstopo:routepoint_id>724607821</swisstopo:routepoint_id>
				</extensions>
			</trkpt>
			<trkpt lat="46.2380211105" lon="8.5843724970">
				<ele>1084.7</ele>
				<time>1970-01-01T01:00:00+01:00</time>
				<extensions>
					<swisstopo:routepoint_id>1369348268</swisstopo:routepoint_id>
				</extensions>
			</trkpt>
			<trkpt lat="46.2380565547" lon="8.5843436022">
				<ele>1086.2</ele>
				<time>1970-01-01T01:00:00+01:00</time>
				<extensions>
					<swisstopo:routepoint_id>877300622</swisstopo:routepoint_id>
				</extensions>
			</trkpt>
			<trkpt lat="46.2380975591" lon="8.5843165590">
				<ele>1087.7</ele>
				<time>1970-01-01T01:00:00+01:00</time>
				<extensions>
					<swisstopo:routepoint_id>1198640785</swisstopo:routepoint_id>
				</extensions>
			</trkpt>
			<trkpt lat="46.2381384215" lon="8.5843095939">
				<ele>1088.9</ele>
				<time>1970-01-01T01:00:00+01:00</time>
				<extensions>
					<swisstopo:routepoint_id>1896306810</swisstopo:routepoint_id>
				</extensions>
			</trkpt>
			<trkpt lat="46.2381593879" lon="8.5843187588">
				<ele>1089.6</ele>
				<time>1970-01-01T01:00:00+01:00</time>
				<extensions>
					<swisstopo:routepoint_id>1440930778</swisstopo:routepoint_id>
				</extensions>
			</trkpt>
			<trkpt lat="46.2381882144" lon="8.5843533869">
				<ele>1090.7</ele>
				<time>1970-01-01T01:00:00+01:00</time>
				<extensions>
					<swisstopo:routepoint_id>2097283949</swisstopo:routepoint_id>
				</extensions>
			</trkpt>
			<trkpt lat="46.2382097690" lon="8.5843669325">
				<ele>1091.4</ele>
				<time>1970-01-01T01:00:00+01:00</time>
				<extensions>
					<swisstopo:routepoint_id>1660619109</swisstopo:routepoint_id>
				</extensions>
			</trkpt>
			<trkpt lat="46.2382344687" lon="8.5843726940">
				<ele>1092.0</ele>
				<time>1970-01-01T01:00:00+01:00</time>
				<extensions>
					<swisstopo:routepoint_id>425970920</swisstopo:routepoint_id>
				</extensions>
			</trkpt>
			<trkpt lat="46.2382678380" lon="8.5843760298">
				<ele>1092.8</ele>
				<time>1970-01-01T01:00:00+01:00</time>
				<extensions>
					<swisstopo:routepoint_id>312839414</swisstopo:routepoint_id>
				</extensions>
			</trkpt>
			<trkpt lat="46.2383253277" lon="8.5843816077">
				<ele>1093.9</ele>
				<time>1970-01-01T01:00:00+01:00</time>
				<extensions>
					<swisstopo:routepoint_id>479103636</swisstopo:routepoint_id>
				</extensions>
			</trkpt>
			<trkpt lat="46.2383617359" lon="8.5843919712">
				<ele>1094.3</ele>
				<time>1970-01-01T01:00:00+01:00</time>
				<extensions>
					<swisstopo:routepoint_id>818932010</swisstopo:routepoint_id>
				</extensions>
			</trkpt>
			<trkpt lat="46.2384186815" lon="8.5843853446">
				<ele>1095.5</ele>
				<time>1970-01-01T01:00:00+01:00</time>
				<extensions>
					<swisstopo:routepoint_id>143725940</swisstopo:routepoint_id>
				</extensions>
			</trkpt>
			<trkpt lat="46.2384607560" lon="8.5843818870">
				<ele>1096.3</ele>
				<time>1970-01-01T01:00:00+01:00</time>
				<extensions>
					<swisstopo:routepoint_id>1093186343</swisstopo:routepoint_id>
				</extensions>
			</trkpt>
			<trkpt lat="46.2385101199" lon="8.5843986387">
				<ele>1097.5</ele>
				<time>1970-01-01T01:00:00+01:00</time>
				<extensions>
					<swisstopo:routepoint_id>1368824046</swisstopo:routepoint_id>
				</extensions>
			</trkpt>
			<trkpt lat="46.2385439888" lon="8.5844203064">
				<ele>1098.5</ele>
				<time>1970-01-01T01:00:00+01:00</time>
				<extensions>
					<swisstopo:routepoint_id>685900278</swisstopo:routepoint_id>
				</extensions>
			</trkpt>
			<trkpt lat="46.2385710150" lon="8.5844479203">
				<ele>1099.3</ele>
				<time>1970-01-01T01:00:00+01:00</time>
				<extensions>
					<swisstopo:routepoint_id>591150626</swisstopo:routepoint_id>
				</extensions>
			</trkpt>
			<trkpt lat="46.2386235151" lon="8.5844577615">
				<ele>1100.3</ele>
				<time>1970-01-01T01:00:00+01:00</time>
				<extensions>
					<swisstopo:routepoint_id>1667671716</swisstopo:routepoint_id>
				</extensions>
			</trkpt>
			<trkpt lat="46.2386413808" lon="8.5844677350">
				<ele>1100.7</ele>
				<time>1970-01-01T01:00:00+01:00</time>
				<extensions>
					<swisstopo:routepoint_id>1778853456</swisstopo:routepoint_id>
				</extensions>
			</trkpt>
			<trkpt lat="46.2387037802" lon="8.5844777846">
				<ele>1101.7</ele>
				<time>1970-01-01T01:00:00+01:00</time>
				<extensions>
					<swisstopo:routepoint_id>777794695</swisstopo:routepoint_id>
				</extensions>
			</trkpt>
			<trkpt lat="46.2387258344" lon="8.5845087887">
				<ele>1102.3</ele>
				<time>1970-01-01T01:00:00+01:00</time>
				<extensions>
					<swisstopo:routepoint_id>1361927942</swisstopo:routepoint_id>
				</extensions>
			</trkpt>
			<trkpt lat="46.2387598275" lon="8.5845129986">
				<ele>1103.1</ele>
				<time>1970-01-01T01:00:00+01:00</time>
				<extensions>
					<swisstopo:routepoint_id>736291319</swisstopo:routepoint_id>
				</extensions>
			</trkpt>
			<trkpt lat="46.2387764192" lon="8.5845281746">
				<ele>1103.7</ele>
				<time>1970-01-01T01:00:00+01:00</time>
				<extensions>
					<swisstopo:routepoint_id>951156238</swisstopo:routepoint_id>
				</extensions>
			</trkpt>
			<trkpt lat="46.2388313078" lon="8.5845502848">
				<ele>1105.3</ele>
				<time>1970-01-01T01:00:00+01:00</time>
				<extensions>
					<swisstopo:routepoint_id>549337742</swisstopo:routepoint_id>
				</extensions>
			</trkpt>
			<trkpt lat="46.2388837103" lon="8.5845758246">
				<ele>1106.7</ele>
				<time>1970-01-01T01:00:00+01:00</time>
				<extensions>
					<swisstopo:routepoint_id>615692662</swisstopo:routepoint_id>
				</extensions>
			</trkpt>
			<trkpt lat="46.2389090603" lon="8.5845754971">
				<ele>1107.2</ele>
				<time>1970-01-01T01:00:00+01:00</time>
				<extensions>
					<swisstopo:routepoint_id>1310533038</swisstopo:routepoint_id>
				</extensions>
			</trkpt>
			<trkpt lat="46.2389271208" lon="8.5845575684">
				<ele>1107.6</ele>
				<time>1970-01-01T01:00:00+01:00</time>
				<extensions>
					<swisstopo:routepoint_id>163577291</swisstopo:routepoint_id>
				</extensions>
			</trkpt>
			<trkpt lat="46.2389519445" lon="8.5845450239">
				<ele>1108.2</ele>
				<time>1970-01-01T01:00:00+01:00</time>
				<extensions>
					<swisstopo:routepoint_id>1856013122</swisstopo:routepoint_id>
				</extensions>
			</trkpt>
			<trkpt lat="46.2389858489" lon="8.5845614506">
				<ele>1109.3</ele>
				<time>1970-01-01T01:00:00+01:00</time>
				<extensions>
					<swisstopo:routepoint_id>472886510</swisstopo:routepoint_id>
				</extensions>
			</trkpt>
			<trkpt lat="46.2390227656" lon="8.5845883993">
				<ele>1110.5</ele>
				<time>1970-01-01T01:00:00+01:00</time>
				<extensions>
					<swisstopo:routepoint_id>365125103</swisstopo:routepoint_id>
				</extensions>
			</trkpt>
			<trkpt lat="46.2390262863" lon="8.5846163799">
				<ele>1111.4</ele>
				<time>1970-01-01T01:00:00+01:00</time>
				<extensions>
					<swisstopo:routepoint_id>645454301</swisstopo:routepoint_id>
				</extensions>
			</trkpt>
			<trkpt lat="46.2390484732" lon="8.5846290780">
				<ele>1112.3</ele>
				<time>1970-01-01T01:00:00+01:00</time>
				<extensions>
					<swisstopo:routepoint_id>1673450684</swisstopo:routepoint_id>
				</extensions>
			</trkpt>
			<trkpt lat="46.2390837935" lon="8.5846184891">
				<ele>1113.1</ele>
				<time>1970-01-01T01:00:00+01:00</time>
				<extensions>
					<swisstopo:routepoint_id>1620525106</swisstopo:routepoint_id>
				</extensions>
			</trkpt>
			<trkpt lat="46.2391134473" lon="8.5846234815">
				<ele>1113.5</ele>
				<time>1970-01-01T01:00:00+01:00</time>
				<extensions>
					<swisstopo:routepoint_id>1583853492</swisstopo:routepoint_id>
				</extensions>
			</trkpt>
			<trkpt lat="46.2391517708" lon="8.5846260481">
				<ele>1114.0</ele>
				<time>1970-01-01T01:00:00+01:00</time>
				<extensions>
					<swisstopo:routepoint_id>1248840484</swisstopo:routepoint_id>
				</extensions>
			</trkpt>
			<trkpt lat="46.2392162893" lon="8.5845969038">
				<ele>1114.4</ele>
				<time>1970-01-01T01:00:00+01:00</time>
				<extensions>
					<swisstopo:routepoint_id>235687701</swisstopo:routepoint_id>
				</extensions>
			</trkpt>
			<trkpt lat="46.2392695372" lon="8.5845867048">
				<ele>1114.8</ele>
				<time>1970-01-01T01:00:00+01:00</time>
				<extensions>
					<swisstopo:routepoint_id>1014959858</swisstopo:routepoint_id>
				</extensions>
			</trkpt>
			<trkpt lat="46.2393091347" lon="8.5845849298">
				<ele>1115.6</ele>
				<time>1970-01-01T01:00:00+01:00</time>
				<extensions>
					<swisstopo:routepoint_id>1784444535</swisstopo:routepoint_id>
				</extensions>
			</trkpt>
			<trkpt lat="46.2393529917" lon="8.5845919684">
				<ele>1116.6</ele>
				<time>1970-01-01T01:00:00+01:00</time>
				<extensions>
					<swisstopo:routepoint_id>1181515472</swisstopo:routepoint_id>
				</extensions>
			</trkpt>
			<trkpt lat="46.2393870733" lon="8.5845822397">
				<ele>1117.9</ele>
				<time>1970-01-01T01:00:00+01:00</time>
				<extensions>
					<swisstopo:routepoint_id>1754522558</swisstopo:routepoint_id>
				</extensions>
			</trkpt>
			<trkpt lat="46.2394317224" lon="8.5845631357">
				<ele>1118.4</ele>
				<time>1970-01-01T01:00:00+01:00</time>
				<extensions>
					<swisstopo:routepoint_id>169113473</swisstopo:routepoint_id>
				</extensions>
			</trkpt>
			<trkpt lat="46.2394899598" lon="8.5845486733">
				<ele>1119.2</ele>
				<time>1970-01-01T01:00:00+01:00</time>
				<extensions>
					<swisstopo:routepoint_id>1533400941</swisstopo:routepoint_id>
				</extensions>
			</trkpt>
			<trkpt lat="46.2395383244" lon="8.5845305211">
				<ele>1120.0</ele>
				<time>1970-01-01T01:00:00+01:00</time>
				<extensions>
					<swisstopo:routepoint_id>1597591612</swisstopo:routepoint_id>
				</extensions>
			</trkpt>
			<trkpt lat="46.2395872241" lon="8.5845237125">
				<ele>1121.2</ele>
				<time>1970-01-01T01:00:00+01:00</time>
				<extensions>
					<swisstopo:routepoint_id>1605309310</swisstopo:routepoint_id>
				</extensions>
			</trkpt>
			<trkpt lat="46.2396261712" lon="8.5845262921">
				<ele>1122.3</ele>
				<time>1970-01-01T01:00:00+01:00</time>
				<extensions>
					<swisstopo:routepoint_id>502035716</swisstopo:routepoint_id>
				</extensions>
			</trkpt>
			<trkpt lat="46.2396522779" lon="8.5845059114">
				<ele>1122.7</ele>
				<time>1970-01-01T01:00:00+01:00</time>
				<extensions>
					<swisstopo:routepoint_id>1848635978</swisstopo:routepoint_id>
				</extensions>
			</trkpt>
			<trkpt lat="46.2396864303" lon="8.5844865864">
				<ele>1123.0</ele>
				<time>1970-01-01T01:00:00+01:00</time>
				<extensions>
					<swisstopo:routepoint_id>1054530470</swisstopo:routepoint_id>
				</extensions>
			</trkpt>
			<trkpt lat="46.2397353124" lon="8.5844815247">
				<ele>1124.3</ele>
				<time>1970-01-01T01:00:00+01:00</time>
				<extensions>
					<swisstopo:routepoint_id>1960839579</swisstopo:routepoint_id>
				</extensions>
			</trkpt>
			<trkpt lat="46.2398133927" lon="8.5844596420">
				<ele>1125.8</ele>
				<time>1970-01-01T01:00:00+01:00</time>
				<extensions>
					<swisstopo:routepoint_id>305743774</swisstopo:routepoint_id>
				</extensions>
			</trkpt>
			<trkpt lat="46.2399020051" lon="8.5844327514">
				<ele>1127.2</ele>
				<time>1970-01-01T01:00:00+01:00</time>
				<extensions>
					<swisstopo:routepoint_id>1042562136</swisstopo:routepoint_id>
				</extensions>
			</trkpt>
			<trkpt lat="46.2399609813" lon="8.5843999951">
				<ele>1128.0</ele>
				<time>1970-01-01T01:00:00+01:00</time>
				<extensions>
					<swisstopo:routepoint_id>1974122105</swisstopo:routepoint_id>
				</extensions>
			</trkpt>
			<trkpt lat="46.2400092219" lon="8.5843992882">
				<ele>1128.9</ele>
				<time>1970-01-01T01:00:00+01:00</time>
				<extensions>
					<swisstopo:routepoint_id>812590199</swisstopo:routepoint_id>
				</extensions>
			</trkpt>
			<trkpt lat="46.2400556357" lon="8.5843941745">
				<ele>1129.8</ele>
				<time>1970-01-01T01:00:00+01:00</time>
				<extensions>
					<swisstopo:routepoint_id>120598657</swisstopo:routepoint_id>
				</extensions>
			</trkpt>
			<trkpt lat="46.2400984490" lon="8.5843741578">
				<ele>1130.4</ele>
				<time>1970-01-01T01:00:00+01:00</time>
				<extensions>
					<swisstopo:routepoint_id>1788106848</swisstopo:routepoint_id>
				</extensions>
			</trkpt>
			<trkpt lat="46.2401403996" lon="8.5843881330">
				<ele>1130.5</ele>
				<time>1970-01-01T01:00:00+01:00</time>
				<extensions>
					<swisstopo:routepoint_id>385760451</swisstopo:routepoint_id>
				</extensions>
			</trkpt>
			<trkpt lat="46.2401667755" lon="8.5844200897">
				<ele>1131.0</ele>
				<time>1970-01-01T01:00:00+01:00</time>
				<extensions>
					<swisstopo:routepoint_id>907163187</swisstopo:routepoint_id>
				</extensions>
			</trkpt>
			<trkpt lat="46.2401907538" lon="8.5844424236">
				<ele>1131.2</ele>
				<time>1970-01-01T01:00:00+01:00</time>
				<extensions>
					<swisstopo:routepoint_id>837646528</swisstopo:routepoint_id>
				</extensions>
			</trkpt>
			<trkpt lat="46.2402234997" lon="8.5844457210">
				<ele>1131.0</ele>
				<time>1970-01-01T01:00:00+01:00</time>
				<extensions>
					<swisstopo:routepoint_id>1945935835</swisstopo:routepoint_id>
				</extensions>
			</trkpt>
			<trkpt lat="46.2402382555" lon="8.5844591367">
				<ele>1131.0</ele>
				<time>1970-01-01T01:00:00+01:00</time>
				<extensions>
					<swisstopo:routepoint_id>1210558821</swisstopo:routepoint_id>
				</extensions>
			</trkpt>
			<trkpt lat="46.2402523878" lon="8.5844734003">
				<ele>1131.3</ele>
				<time>1970-01-01T01:00:00+01:00</time>
				<extensions>
					<swisstopo:routepoint_id>946919473</swisstopo:routepoint_id>
				</extensions>
			</trkpt>
			<trkpt lat="46.2402752963" lon="8.5844695140">
				<ele>1131.9</ele>
				<time>1970-01-01T01:00:00+01:00</time>
				<extensions>
					<swisstopo:routepoint_id>892083645</swisstopo:routepoint_id>
				</extensions>
			</trkpt>
			<trkpt lat="46.2402951747" lon="8.5844568525">
				<ele>1132.8</ele>
				<time>1970-01-01T01:00:00+01:00</time>
				<extensions>
					<swisstopo:routepoint_id>1209084457</swisstopo:routepoint_id>
				</extensions>
			</trkpt>
			<trkpt lat="46.2403133149" lon="8.5844249840">
				<ele>1133.6</ele>
				<time>1970-01-01T01:00:00+01:00</time>
				<extensions>
					<swisstopo:routepoint_id>424610200</swisstopo:routepoint_id>
				</extensions>
			</trkpt>
			<trkpt lat="46.2403302610" lon="8.5843895704">
				<ele>1134.5</ele>
				<time>1970-01-01T01:00:00+01:00</time>
				<extensions>
					<swisstopo:routepoint_id>1384837405</swisstopo:routepoint_id>
				</extensions>
			</trkpt>
			<trkpt lat="46.2403531339" lon="8.5843909380">
				<ele>1135.4</ele>
				<time>1970-01-01T01:00:00+01:00</time>
				<extensions>
					<swisstopo:routepoint_id>568893634</swisstopo:routepoint_id>
				</extensions>
			</trkpt>
			<trkpt lat="46.2403740914" lon="8.5844009768">
				<ele>1136.1</ele>
				<time>1970-01-01T01:00:00+01:00</time>
				<extensions>
					<swisstopo:routepoint_id>1611879597</swisstopo:routepoint_id>
				</extensions>
			</trkpt>
			<trkpt lat="46.2403999057" lon="8.5844233367">
				<ele>1137.1</ele>
				<time>1970-01-01T01:00:00+01:00</time>
				<extensions>
					<swisstopo:routepoint_id>1201655876</swisstopo:routepoint_id>
				</extensions>
			</trkpt>
			<trkpt lat="46.2404283031" lon="8.5844317974">
				<ele>1137.7</ele>
				<time>1970-01-01T01:00:00+01:00</time>
				<extensions>
					<swisstopo:routepoint_id>1407920947</swisstopo:routepoint_id>
				</extensions>
			</trkpt>
			<trkpt lat="46.2404674009" lon="8.5844117025">
				<ele>1137.6</ele>
				<time>1970-01-01T01:00:00+01:00</time>
				<extensions>
					<swisstopo:routepoint_id>1615331061</swisstopo:routepoint_id>
				</extensions>
			</trkpt>
			<trkpt lat="46.2405306101" lon="8.5843929885">
				<ele>1137.7</ele>
				<time>1970-01-01T01:00:00+01:00</time>
				<extensions>
					<swisstopo:routepoint_id>1795598179</swisstopo:routepoint_id>
				</extensions>
			</trkpt>
			<trkpt lat="46.2405770238" lon="8.5843887484">
				<ele>1138.1</ele>
				<time>1970-01-01T01:00:00+01:00</time>
				<extensions>
					<swisstopo:routepoint_id>156930946</swisstopo:routepoint_id>
				</extensions>
			</trkpt>
			<trkpt lat="46.2406178333" lon="8.5843896198">
				<ele>1138.7</ele>
				<time>1970-01-01T01:00:00+01:00</time>
				<extensions>
					<swisstopo:routepoint_id>711287811</swisstopo:routepoint_id>
				</extensions>
			</trkpt>
			<trkpt lat="46.2406598458" lon="8.5843957459">
				<ele>1139.3</ele>
				<time>1970-01-01T01:00:00+01:00</time>
				<extensions>
					<swisstopo:routepoint_id>1031365225</swisstopo:routepoint_id>
				</extensions>
			</trkpt>
			<trkpt lat="46.2407184677" lon="8.5844144406">
				<ele>1139.9</ele>
				<time>1970-01-01T01:00:00+01:00</time>
				<extensions>
					<swisstopo:routepoint_id>1896439282</swisstopo:routepoint_id>
				</extensions>
			</trkpt>
			<trkpt lat="46.2407586533" lon="8.5844170589">
				<ele>1140.5</ele>
				<time>1970-01-01T01:00:00+01:00</time>
				<extensions>
					<swisstopo:routepoint_id>550778839</swisstopo:routepoint_id>
				</extensions>
			</trkpt>
			<trkpt lat="46.2407902403" lon="8.5844098730">
				<ele>1141.0</ele>
				<time>1970-01-01T01:00:00+01:00</time>
				<extensions>
					<swisstopo:routepoint_id>688679785</swisstopo:routepoint_id>
				</extensions>
			</trkpt>
			<trkpt lat="46.2408503754" lon="8.5843875995">
				<ele>1141.8</ele>
				<time>1970-01-01T01:00:00+01:00</time>
				<extensions>
					<swisstopo:routepoint_id>1542892204</swisstopo:routepoint_id>
				</extensions>
			</trkpt>
			<trkpt lat="46.2408857133" lon="8.5843752758">
				<ele>1142.1</ele>
				<time>1970-01-01T01:00:00+01:00</time>
				<extensions>
					<swisstopo:routepoint_id>11968334</swisstopo:routepoint_id>
				</extensions>
			</trkpt>
			<trkpt lat="46.2409147874" lon="8.5843750392">
				<ele>1142.6</ele>
				<time>1970-01-01T01:00:00+01:00</time>
				<extensions>
					<swisstopo:routepoint_id>2134201121</swisstopo:routepoint_id>
				</extensions>
			</trkpt>
			<trkpt lat="46.2409635455" lon="8.5843891579">
				<ele>1143.6</ele>
				<time>1970-01-01T01:00:00+01:00</time>
				<extensions>
					<swisstopo:routepoint_id>1640637222</swisstopo:routepoint_id>
				</extensions>
			</trkpt>
			<trkpt lat="46.2409962292" lon="8.5844029383">
				<ele>1144.0</ele>
				<time>1970-01-01T01:00:00+01:00</time>
				<extensions>
					<swisstopo:routepoint_id>921963479</swisstopo:routepoint_id>
				</extensions>
			</trkpt>
			<trkpt lat="46.2410376003" lon="8.5844116721">
				<ele>1144.5</ele>
				<time>1970-01-01T01:00:00+01:00</time>
				<extensions>
					<swisstopo:routepoint_id>186015257</swisstopo:routepoint_id>
				</extensions>
			</trkpt>
			<trkpt lat="46.2411013534" lon="8.5844043147">
				<ele>1145.1</ele>
				<time>1970-01-01T01:00:00+01:00</time>
				<extensions>
					<swisstopo:routepoint_id>426829748</swisstopo:routepoint_id>
				</extensions>
			</trkpt>
			<trkpt lat="46.2411712727" lon="8.5843979608">
				<ele>1146.1</ele>
				<time>1970-01-01T01:00:00+01:00</time>
				<extensions>
					<swisstopo:routepoint_id>1360919118</swisstopo:routepoint_id>
				</extensions>
			</trkpt>
			<trkpt lat="46.2412436778" lon="8.5843916591">
				<ele>1147.0</ele>
				<time>1970-01-01T01:00:00+01:00</time>
				<extensions>
					<swisstopo:routepoint_id>950460320</swisstopo:routepoint_id>
				</extensions>
			</trkpt>
			<trkpt lat="46.2412864115" lon="8.5843829730">
				<ele>1147.4</ele>
				<time>1970-01-01T01:00:00+01:00</time>
				<extensions>
					<swisstopo:routepoint_id>587308264</swisstopo:routepoint_id>
				</extensions>
			</trkpt>
			<trkpt lat="46.2413291451" lon="8.5843734259">
				<ele>1147.7</ele>
				<time>1970-01-01T01:00:00+01:00</time>
				<extensions>
					<swisstopo:routepoint_id>1844088014</swisstopo:routepoint_id>
				</extensions>
			</trkpt>
			<trkpt lat="46.2413825169" lon="8.5843466540">
				<ele>1148.7</ele>
				<time>1970-01-01T01:00:00+01:00</time>
				<extensions>
					<swisstopo:routepoint_id>2038210702</swisstopo:routepoint_id>
				</extensions>
			</trkpt>
			<trkpt lat="46.2414259184" lon="8.5843301439">
				<ele>1149.5</ele>
				<time>1970-01-01T01:00:00+01:00</time>
				<extensions>
					<swisstopo:routepoint_id>1053852190</swisstopo:routepoint_id>
				</extensions>
			</trkpt>
			<trkpt lat="46.2414655956" lon="8.5843152902">
				<ele>1150.0</ele>
				<time>1970-01-01T01:00:00+01:00</time>
				<extensions>
					<swisstopo:routepoint_id>1474363</swisstopo:routepoint_id>
				</extensions>
			</trkpt>
			<trkpt lat="46.2415397214" lon="8.5843273343">
				<ele>1150.9</ele>
				<time>1970-01-01T01:00:00+01:00</time>
				<extensions>
					<swisstopo:routepoint_id>522309273</swisstopo:routepoint_id>
				</extensions>
			</trkpt>
			<trkpt lat="46.2416151475" lon="8.5843315678">
				<ele>1151.7</ele>
				<time>1970-01-01T01:00:00+01:00</time>
				<extensions>
					<swisstopo:routepoint_id>1654729888</swisstopo:routepoint_id>
				</extensions>
			</trkpt>
			<trkpt lat="46.2416899144" lon="8.5843427645">
				<ele>1152.6</ele>
				<time>1970-01-01T01:00:00+01:00</time>
				<extensions>
					<swisstopo:routepoint_id>640190823</swisstopo:routepoint_id>
				</extensions>
			</trkpt>
			<trkpt lat="46.2417312501" lon="8.5843567271">
				<ele>1152.6</ele>
				<time>1970-01-01T01:00:00+01:00</time>
				<extensions>
					<swisstopo:routepoint_id>960214251</swisstopo:routepoint_id>
				</extensions>
			</trkpt>
			<trkpt lat="46.2417915659" lon="8.5843998834">
				<ele>1153.4</ele>
				<time>1970-01-01T01:00:00+01:00</time>
				<extensions>
					<swisstopo:routepoint_id>183181528</swisstopo:routepoint_id>
				</extensions>
			</trkpt>
			<trkpt lat="46.2418532885" lon="8.5844169090">
				<ele>1153.4</ele>
				<time>1970-01-01T01:00:00+01:00</time>
				<extensions>
					<swisstopo:routepoint_id>1308456334</swisstopo:routepoint_id>
				</extensions>
			</trkpt>
			<trkpt lat="46.2419137461" lon="8.5844399985">
				<ele>1153.6</ele>
				<time>1970-01-01T01:00:00+01:00</time>
				<extensions>
					<swisstopo:routepoint_id>2144032183</swisstopo:routepoint_id>
				</extensions>
			</trkpt>
			<trkpt lat="46.2419760480" lon="8.5844640133">
				<ele>1154.0</ele>
				<time>1970-01-01T01:00:00+01:00</time>
				<extensions>
					<swisstopo:routepoint_id>1553541345</swisstopo:routepoint_id>
				</extensions>
			</trkpt>
			<trkpt lat="46.2420161362" lon="8.5844814447">
				<ele>1154.2</ele>
				<time>1970-01-01T01:00:00+01:00</time>
				<extensions>
					<swisstopo:routepoint_id>1250990001</swisstopo:routepoint_id>
				</extensions>
			</trkpt>
			<trkpt lat="46.2420932297" lon="8.5845118742">
				<ele>1155.6</ele>
				<time>1970-01-01T01:00:00+01:00</time>
				<extensions>
					<swisstopo:routepoint_id>904043250</swisstopo:routepoint_id>
				</extensions>
			</trkpt>
			<trkpt lat="46.2421548105" lon="8.5845507017">
				<ele>1156.3</ele>
				<time>1970-01-01T01:00:00+01:00</time>
				<extensions>
					<swisstopo:routepoint_id>764232954</swisstopo:routepoint_id>
				</extensions>
			</trkpt>
			<trkpt lat="46.2421954604" lon="8.5845768568">
				<ele>1157.0</ele>
				<time>1970-01-01T01:00:00+01:00</time>
				<extensions>
					<swisstopo:routepoint_id>407975312</swisstopo:routepoint_id>
				</extensions>
			</trkpt>
			<trkpt lat="46.2422862220" lon="8.5845979887">
				<ele>1158.4</ele>
				<time>1970-01-01T01:00:00+01:00</time>
				<extensions>
					<swisstopo:routepoint_id>160508972</swisstopo:routepoint_id>
				</extensions>
			</trkpt>
			<trkpt lat="46.2423286810" lon="8.5846285506">
				<ele>1158.9</ele>
				<time>1970-01-01T01:00:00+01:00</time>
				<extensions>
					<swisstopo:routepoint_id>342685439</swisstopo:routepoint_id>
				</extensions>
			</trkpt>
			<trkpt lat="46.2423865639" lon="8.5846664268">
				<ele>1159.2</ele>
				<time>1970-01-01T01:00:00+01:00</time>
				<extensions>
					<swisstopo:routepoint_id>353547078</swisstopo:routepoint_id>
				</extensions>
			</trkpt>
			<trkpt lat="46.2424314114" lon="8.5847109805">
				<ele>1158.5</ele>
				<time>1970-01-01T01:00:00+01:00</time>
				<extensions>
					<swisstopo:routepoint_id>538810505</swisstopo:routepoint_id>
				</extensions>
			</trkpt>
			<trkpt lat="46.2424775324" lon="8.5847503694">
				<ele>1158.2</ele>
				<time>1970-01-01T01:00:00+01:00</time>
				<extensions>
					<swisstopo:routepoint_id>701962312</swisstopo:routepoint_id>
				</extensions>
			</trkpt>
			<trkpt lat="46.2424976536" lon="8.5847935290">
				<ele>1158.7</ele>
				<time>1970-01-01T01:00:00+01:00</time>
				<extensions>
					<swisstopo:routepoint_id>2049738629</swisstopo:routepoint_id>
				</extensions>
			</trkpt>
			<trkpt lat="46.2425500563" lon="8.5848164497">
				<ele>1159.8</ele>
				<time>1970-01-01T01:00:00+01:00</time>
				<extensions>
					<swisstopo:routepoint_id>1237488503</swisstopo:routepoint_id>
				</extensions>
			</trkpt>
			<trkpt lat="46.2425931388" lon="8.5848487725">
				<ele>1160.2</ele>
				<time>1970-01-01T01:00:00+01:00</time>
				<extensions>
					<swisstopo:routepoint_id>1948185864</swisstopo:routepoint_id>
				</extensions>
			</trkpt>
			<trkpt lat="46.2426148035" lon="8.5848497097">
				<ele>1160.3</ele>
				<time>1970-01-01T01:00:00+01:00</time>
				<extensions>
					<swisstopo:routepoint_id>1213807474</swisstopo:routepoint_id>
				</extensions>
			</trkpt>
			<trkpt lat="46.2427312845" lon="8.5847230794">
				<ele>1160.6</ele>
				<time>1970-01-01T01:00:00+01:00</time>
				<extensions>
					<swisstopo:routepoint_id>1708528009</swisstopo:routepoint_id>
				</extensions>
			</trkpt>
			<trkpt lat="46.2427555158" lon="8.5847048361">
				<ele>1160.7</ele>
				<time>1970-01-01T01:00:00+01:00</time>
				<extensions>
					<swisstopo:routepoint_id>1383038585</swisstopo:routepoint_id>
				</extensions>
			</trkpt>
			<trkpt lat="46.2427833781" lon="8.5847002056">
				<ele>1161.0</ele>
				<time>1970-01-01T01:00:00+01:00</time>
				<extensions>
					<swisstopo:routepoint_id>1987005132</swisstopo:routepoint_id>
				</extensions>
			</trkpt>
			<trkpt lat="46.2428025356" lon="8.5847014826">
				<ele>1161.6</ele>
				<time>1970-01-01T01:00:00+01:00</time>
				<extensions>
					<swisstopo:routepoint_id>1664314751</swisstopo:routepoint_id>
				</extensions>
			</trkpt>
			<trkpt lat="46.2428241168" lon="8.5847115351">
				<ele>1162.4</ele>
				<time>1970-01-01T01:00:00+01:00</time>
				<extensions>
					<swisstopo:routepoint_id>1059733265</swisstopo:routepoint_id>
				</extensions>
			</trkpt>
			<trkpt lat="46.2428560969" lon="8.5847375209">
				<ele>1163.4</ele>
				<time>1970-01-01T01:00:00+01:00</time>
				<extensions>
					<swisstopo:routepoint_id>1680939722</swisstopo:routepoint_id>
				</extensions>
			</trkpt>
			<trkpt lat="46.2428905098" lon="8.5847713960">
				<ele>1164.1</ele>
				<time>1970-01-01T01:00:00+01:00</time>
				<extensions>
					<swisstopo:routepoint_id>1842613651</swisstopo:routepoint_id>
				</extensions>
			</trkpt>
			<trkpt lat="46.2429168590" lon="8.5848068489">
				<ele>1165.1</ele>
				<time>1970-01-01T01:00:00+01:00</time>
				<extensions>
					<swisstopo:routepoint_id>1515901429</swisstopo:routepoint_id>
				</extensions>
			</trkpt>
			<trkpt lat="46.2429409880" lon="8.5848064958">
				<ele>1166.0</ele>
				<time>1970-01-01T01:00:00+01:00</time>
				<extensions>
					<swisstopo:routepoint_id>1546605949</swisstopo:routepoint_id>
				</extensions>
			</trkpt>
			<trkpt lat="46.2429520640" lon="8.5848137060">
				<ele>1166.5</ele>
				<time>1970-01-01T01:00:00+01:00</time>
				<extensions>
					<swisstopo:routepoint_id>1508767188</swisstopo:routepoint_id>
				</extensions>
			</trkpt>
			<trkpt lat="46.2429709730" lon="8.5848533710">
				<ele>1167.0</ele>
				<time>1970-01-01T01:00:00+01:00</time>
				<extensions>
					<swisstopo:routepoint_id>1709578669</swisstopo:routepoint_id>
				</extensions>
			</trkpt>
			<trkpt lat="46.2430096277" lon="8.5848978076">
				<ele>1167.0</ele>
				<time>1970-01-01T01:00:00+01:00</time>
				<extensions>
					<swisstopo:routepoint_id>1471548360</swisstopo:routepoint_id>
				</extensions>
			</trkpt>
			<trkpt lat="46.2430335352" lon="8.5849305880">
				<ele>1167.0</ele>
				<time>1970-01-01T01:00:00+01:00</time>
				<extensions>
					<swisstopo:routepoint_id>1479218137</swisstopo:routepoint_id>
				</extensions>
			</trkpt>
			<trkpt lat="46.2430476142" lon="8.5849518285">
				<ele>1167.5</ele>
				<time>1970-01-01T01:00:00+01:00</time>
				<extensions>
					<swisstopo:routepoint_id>963665716</swisstopo:routepoint_id>
				</extensions>
			</trkpt>
			<trkpt lat="46.2430760206" lon="8.5849576689">
				<ele>1168.5</ele>
				<time>1970-01-01T01:00:00+01:00</time>
				<extensions>
					<swisstopo:routepoint_id>777123831</swisstopo:routepoint_id>
				</extensions>
			</trkpt>
			<trkpt lat="46.2430900466" lon="8.5849867465">
				<ele>1169.3</ele>
				<time>1970-01-01T01:00:00+01:00</time>
				<extensions>
					<swisstopo:routepoint_id>57466333</swisstopo:routepoint_id>
				</extensions>
			</trkpt>
			<trkpt lat="46.2431165108" lon="8.5850065129">
				<ele>1170.3</ele>
				<time>1970-01-01T01:00:00+01:00</time>
				<extensions>
					<swisstopo:routepoint_id>1239988933</swisstopo:routepoint_id>
				</extensions>
			</trkpt>
			<trkpt lat="46.2431386004" lon="8.5850322781">
				<ele>1171.0</ele>
				<time>1970-01-01T01:00:00+01:00</time>
				<extensions>
					<swisstopo:routepoint_id>789308391</swisstopo:routepoint_id>
				</extensions>
			</trkpt>
			<trkpt lat="46.2431924011" lon="8.5850325498">
				<ele>1171.6</ele>
				<time>1970-01-01T01:00:00+01:00</time>
				<extensions>
					<swisstopo:routepoint_id>843014688</swisstopo:routepoint_id>
				</extensions>
			</trkpt>
			<trkpt lat="46.2432262966" lon="8.5850498516">
				<ele>1172.3</ele>
				<time>1970-01-01T01:00:00+01:00</time>
				<extensions>
					<swisstopo:routepoint_id>743534278</swisstopo:routepoint_id>
				</extensions>
			</trkpt>
			<trkpt lat="46.2432539817" lon="8.5850722524">
				<ele>1172.5</ele>
				<time>1970-01-01T01:00:00+01:00</time>
				<extensions>
					<swisstopo:routepoint_id>421547514</swisstopo:routepoint_id>
				</extensions>
			</trkpt>
			<trkpt lat="46.2432814629" lon="8.5851234313">
				<ele>1172.7</ele>
				<time>1970-01-01T01:00:00+01:00</time>
				<extensions>
					<swisstopo:routepoint_id>54428234</swisstopo:routepoint_id>
				</extensions>
			</trkpt>
			<trkpt lat="46.2433202416" lon="8.5851512954">
				<ele>1173.7</ele>
				<time>1970-01-01T01:00:00+01:00</time>
				<extensions>
					<swisstopo:routepoint_id>1769182114</swisstopo:routepoint_id>
				</extensions>
			</trkpt>
			<trkpt lat="46.2433557599" lon="8.5852026437">
				<ele>1174.5</ele>
				<time>1970-01-01T01:00:00+01:00</time>
				<extensions>
					<swisstopo:routepoint_id>1788206775</swisstopo:routepoint_id>
				</extensions>
			</trkpt>
			<trkpt lat="46.2433928033" lon="8.5853028896">
				<ele>1175.4</ele>
				<time>1970-01-01T01:00:00+01:00</time>
				<extensions>
					<swisstopo:routepoint_id>451292096</swisstopo:routepoint_id>
				</extensions>
			</trkpt>
			<trkpt lat="46.2434199651" lon="8.5854020285">
				<ele>1176.3</ele>
				<time>1970-01-01T01:00:00+01:00</time>
				<extensions>
					<swisstopo:routepoint_id>1448805650</swisstopo:routepoint_id>
				</extensions>
			</trkpt>
			<trkpt lat="46.2434305884" lon="8.5854790139">
				<ele>1176.6</ele>
				<time>1970-01-01T01:00:00+01:00</time>
				<extensions>
					<swisstopo:routepoint_id>901260096</swisstopo:routepoint_id>
				</extensions>
			</trkpt>
			<trkpt lat="46.2434562249" lon="8.5855292806">
				<ele>1177.5</ele>
				<time>1970-01-01T01:00:00+01:00</time>
				<extensions>
					<swisstopo:routepoint_id>835931155</swisstopo:routepoint_id>
				</extensions>
			</trkpt>
			<trkpt lat="46.2434864757" lon="8.5855369076">
				<ele>1178.4</ele>
				<time>1970-01-01T01:00:00+01:00</time>
				<extensions>
					<swisstopo:routepoint_id>1676444142</swisstopo:routepoint_id>
				</extensions>
			</trkpt>
			<trkpt lat="46.2435316777" lon="8.5855282741">
				<ele>1180.2</ele>
				<time>1970-01-01T01:00:00+01:00</time>
				<extensions>
					<swisstopo:routepoint_id>565147278</swisstopo:routepoint_id>
				</extensions>
			</trkpt>
			<trkpt lat="46.2435619107" lon="8.5855393957">
				<ele>1180.9</ele>
				<time>1970-01-01T01:00:00+01:00</time>
				<extensions>
					<swisstopo:routepoint_id>1374285990</swisstopo:routepoint_id>
				</extensions>
			</trkpt>
			<trkpt lat="46.2435986850" lon="8.5855881623">
				<ele>1182.4</ele>
				<time>1970-01-01T01:00:00+01:00</time>
				<extensions>
					<swisstopo:routepoint_id>44213257</swisstopo:routepoint_id>
				</extensions>
			</trkpt>
			<trkpt lat="46.2436595354" lon="8.5856435397">
				<ele>1183.4</ele>
				<time>1970-01-01T01:00:00+01:00</time>
				<extensions>
					<swisstopo:routepoint_id>323305320</swisstopo:routepoint_id>
				</extensions>
			</trkpt>
			<trkpt lat="46.2437375919" lon="8.5857149943">
				<ele>1184.2</ele>
				<time>1970-01-01T01:00:00+01:00</time>
				<extensions>
					<swisstopo:routepoint_id>306065410</swisstopo:routepoint_id>
				</extensions>
			</trkpt>
			<trkpt lat="46.2437706862" lon="8.5857601760">
				<ele>1184.8</ele>
				<time>1970-01-01T01:00:00+01:00</time>
				<extensions>
					<swisstopo:routepoint_id>1969184748</swisstopo:routepoint_id>
				</extensions>
			</trkpt>
			<trkpt lat="46.2438173687" lon="8.5858082780">
				<ele>1185.8</ele>
				<time>1970-01-01T01:00:00+01:00</time>
				<extensions>
					<swisstopo:routepoint_id>1691315484</swisstopo:routepoint_id>
				</extensions>
			</trkpt>
			<trkpt lat="46.2438603623" lon="8.5858510726">
				<ele>1186.3</ele>
				<time>1970-01-01T01:00:00+01:00</time>
				<extensions>
					<swisstopo:routepoint_id>134333772</swisstopo:routepoint_id>
				</extensions>
			</trkpt>
			<trkpt lat="46.2439089958" lon="8.5858843877">
				<ele>1186.3</ele>
				<time>1970-01-01T01:00:00+01:00</time>
				<extensions>
					<swisstopo:routepoint_id>333846463</swisstopo:routepoint_id>
				</extensions>
			</trkpt>
			<trkpt lat="46.2439829984" lon="8.5859336734">
				<ele>1187.3</ele>
				<time>1970-01-01T01:00:00+01:00</time>
				<extensions>
					<swisstopo:routepoint_id>1953806408</swisstopo:routepoint_id>
				</extensions>
			</trkpt>
			<trkpt lat="46.2440574691" lon="8.5859680016">
				<ele>1188.3</ele>
				<time>1970-01-01T01:00:00+01:00</time>
				<extensions>
					<swisstopo:routepoint_id>75057589</swisstopo:routepoint_id>
				</extensions>
			</trkpt>
			<trkpt lat="46.2441102768" lon="8.5859986064">
				<ele>1189.3</ele>
				<time>1970-01-01T01:00:00+01:00</time>
				<extensions>
					<swisstopo:routepoint_id>29549051</swisstopo:routepoint_id>
				</extensions>
			</trkpt>
			<trkpt lat="46.2441991950" lon="8.5860377472">
				<ele>1190.3</ele>
				<time>1970-01-01T01:00:00+01:00</time>
				<extensions>
					<swisstopo:routepoint_id>745912953</swisstopo:routepoint_id>
				</extensions>
			</trkpt>
			<trkpt lat="46.2442488121" lon="8.5860788964">
				<ele>1191.7</ele>
				<time>1970-01-01T01:00:00+01:00</time>
				<extensions>
					<swisstopo:routepoint_id>694424529</swisstopo:routepoint_id>
				</extensions>
			</trkpt>
			<trkpt lat="46.2442854181" lon="8.5861165171">
				<ele>1192.7</ele>
				<time>1970-01-01T01:00:00+01:00</time>
				<extensions>
					<swisstopo:routepoint_id>1421751803</swisstopo:routepoint_id>
				</extensions>
			</trkpt>
			<trkpt lat="46.2443195400" lon="8.5861383327">
				<ele>1193.4</ele>
				<time>1970-01-01T01:00:00+01:00</time>
				<extensions>
					<swisstopo:routepoint_id>1871160430</swisstopo:routepoint_id>
				</extensions>
			</trkpt>
			<trkpt lat="46.2443804100" lon="8.5861129474">
				<ele>1195.2</ele>
				<time>1970-01-01T01:00:00+01:00</time>
				<extensions>
					<swisstopo:routepoint_id>2135299087</swisstopo:routepoint_id>
				</extensions>
			</trkpt>
			<trkpt lat="46.2444545051" lon="8.5860976799">
				<ele>1196.8</ele>
				<time>1970-01-01T01:00:00+01:00</time>
				<extensions>
					<swisstopo:routepoint_id>1361935293</swisstopo:routepoint_id>
				</extensions>
			</trkpt>
			<trkpt lat="46.2445045027" lon="8.5860995820">
				<ele>1197.8</ele>
				<time>1970-01-01T01:00:00+01:00</time>
				<extensions>
					<swisstopo:routepoint_id>496454655</swisstopo:routepoint_id>
				</extensions>
			</trkpt>
			<trkpt lat="46.2445448607" lon="8.5861111835">
				<ele>1198.5</ele>
				<time>1970-01-01T01:00:00+01:00</time>
				<extensions>
					<swisstopo:routepoint_id>367760877</swisstopo:routepoint_id>
				</extensions>
			</trkpt>
			<trkpt lat="46.2445804715" lon="8.5861005499">
				<ele>1199.7</ele>
				<time>1970-01-01T01:00:00+01:00</time>
				<extensions>
					<swisstopo:routepoint_id>788586454</swisstopo:routepoint_id>
				</extensions>
			</trkpt>
			<trkpt lat="46.2446285693" lon="8.5861243064">
				<ele>1201.5</ele>
				<time>1970-01-01T01:00:00+01:00</time>
				<extensions>
					<swisstopo:routepoint_id>1121835811</swisstopo:routepoint_id>
				</extensions>
			</trkpt>
			<trkpt lat="46.2446982764" lon="8.5861570660">
				<ele>1202.4</ele>
				<time>1970-01-01T01:00:00+01:00</time>
				<extensions>
					<swisstopo:routepoint_id>780824387</swisstopo:routepoint_id>
				</extensions>
			</trkpt>
			<trkpt lat="46.2447492968" lon="8.5861837207">
				<ele>1203.8</ele>
				<time>1970-01-01T01:00:00+01:00</time>
				<extensions>
					<swisstopo:routepoint_id>1750619786</swisstopo:routepoint_id>
				</extensions>
			</trkpt>
			<trkpt lat="46.2448424567" lon="8.5862464038">
				<ele>1204.9</ele>
				<time>1970-01-01T01:00:00+01:00</time>
				<extensions>
					<swisstopo:routepoint_id>320376464</swisstopo:routepoint_id>
				</extensions>
			</trkpt>
			<trkpt lat="46.2449519550" lon="8.5862964011">
				<ele>1207.9</ele>
				<time>1970-01-01T01:00:00+01:00</time>
				<extensions>
					<swisstopo:routepoint_id>886946679</swisstopo:routepoint_id>
				</extensions>
			</trkpt>
			<trkpt lat="46.2450293006" lon="8.5863885348">
				<ele>1208.9</ele>
				<time>1970-01-01T01:00:00+01:00</time>
				<extensions>
					<swisstopo:routepoint_id>1762844589</swisstopo:routepoint_id>
				</extensions>
			</trkpt>
			<trkpt lat="46.2450670386" lon="8.5863933826">
				<ele>1210.0</ele>
				<time>1970-01-01T01:00:00+01:00</time>
				<extensions>
					<swisstopo:routepoint_id>1919845156</swisstopo:routepoint_id>
				</extensions>
			</trkpt>
			<trkpt lat="46.2451211596" lon="8.5864244339">
				<ele>1209.8</ele>
				<time>1970-01-01T01:00:00+01:00</time>
				<extensions>
					<swisstopo:routepoint_id>336112817</swisstopo:routepoint_id>
				</extensions>
			</trkpt>
			<trkpt lat="46.2451602224" lon="8.5865117088">
				<ele>1210.0</ele>
				<time>1970-01-01T01:00:00+01:00</time>
				<extensions>
					<swisstopo:routepoint_id>1609128812</swisstopo:routepoint_id>
				</extensions>
			</trkpt>
			<trkpt lat="46.2452280192" lon="8.5866634374">
				<ele>1211.2</ele>
				<time>1970-01-01T01:00:00+01:00</time>
				<extensions>
					<swisstopo:routepoint_id>1632230884</swisstopo:routepoint_id>
				</extensions>
			</trkpt>
			<trkpt lat="46.2453184018" lon="8.5867833263">
				<ele>1212.5</ele>
				<time>1970-01-01T01:00:00+01:00</time>
				<extensions>
					<swisstopo:routepoint_id>241841958</swisstopo:routepoint_id>
				</extensions>
			</trkpt>
			<trkpt lat="46.2453880468" lon="8.5868187324">
				<ele>1215.0</ele>
				<time>1970-01-01T01:00:00+01:00</time>
				<extensions>
					<swisstopo:routepoint_id>1068220580</swisstopo:routepoint_id>
				</extensions>
			</trkpt>
			<trkpt lat="46.2454196651" lon="8.5869244533">
				<ele>1214.4</ele>
				<time>1970-01-01T01:00:00+01:00</time>
				<extensions>
					<swisstopo:routepoint_id>222512157</swisstopo:routepoint_id>
				</extensions>
			</trkpt>
			<trkpt lat="46.2454885416" lon="8.5869784330">
				<ele>1215.7</ele>
				<time>1970-01-01T01:00:00+01:00</time>
				<extensions>
					<swisstopo:routepoint_id>779473484</swisstopo:routepoint_id>
				</extensions>
			</trkpt>
			<trkpt lat="46.2455281892" lon="8.5870123963">
				<ele>1216.2</ele>
				<time>1970-01-01T01:00:00+01:00</time>
				<extensions>
					<swisstopo:routepoint_id>171731637</swisstopo:routepoint_id>
				</extensions>
			</trkpt>
			<trkpt lat="46.2455739341" lon="8.5870974073">
				<ele>1215.3</ele>
				<time>1970-01-01T01:00:00+01:00</time>
				<extensions>
					<swisstopo:routepoint_id>1635338285</swisstopo:routepoint_id>
				</extensions>
			</trkpt>
			<trkpt lat="46.2456488844" lon="8.5871675346">
				<ele>1215.9</ele>
				<time>1970-01-01T01:00:00+01:00</time>
				<extensions>
					<swisstopo:routepoint_id>1884992724</swisstopo:routepoint_id>
				</extensions>
			</trkpt>
			<trkpt lat="46.2456856649" lon="8.5872476460">
				<ele>1216.8</ele>
				<time>1970-01-01T01:00:00+01:00</time>
				<extensions>
					<swisstopo:routepoint_id>59276183</swisstopo:routepoint_id>
				</extensions>
			</trkpt>
			<trkpt lat="46.2457241881" lon="8.5872815859">
				<ele>1217.9</ele>
				<time>1970-01-01T01:00:00+01:00</time>
				<extensions>
					<swisstopo:routepoint_id>304297412</swisstopo:routepoint_id>
				</extensions>
			</trkpt>
			<trkpt lat="46.2457659095" lon="8.5873293456">
				<ele>1219.8</ele>
				<time>1970-01-01T01:00:00+01:00</time>
				<extensions>
					<swisstopo:routepoint_id>1207893454</swisstopo:routepoint_id>
				</extensions>
			</trkpt>
			<trkpt lat="46.2458009719" lon="8.5873753188">
				<ele>1221.0</ele>
				<time>1970-01-01T01:00:00+01:00</time>
				<extensions>
					<swisstopo:routepoint_id>1528116708</swisstopo:routepoint_id>
				</extensions>
			</trkpt>
			<trkpt lat="46.2458504164" lon="8.5873771851">
				<ele>1222.2</ele>
				<time>1970-01-01T01:00:00+01:00</time>
				<extensions>
					<swisstopo:routepoint_id>755280895</swisstopo:routepoint_id>
				</extensions>
			</trkpt>
			<trkpt lat="46.2458849662" lon="8.5874191332">
				<ele>1222.6</ele>
				<time>1970-01-01T01:00:00+01:00</time>
				<extensions>
					<swisstopo:routepoint_id>1022236171</swisstopo:routepoint_id>
				</extensions>
			</trkpt>
			<trkpt lat="46.2459236216" lon="8.5874417805">
				<ele>1223.7</ele>
				<time>1970-01-01T01:00:00+01:00</time>
				<extensions>
					<swisstopo:routepoint_id>706609089</swisstopo:routepoint_id>
				</extensions>
			</trkpt>
			<trkpt lat="46.2460299955" lon="8.5874715046">
				<ele>1227.1</ele>
				<time>1970-01-01T01:00:00+01:00</time>
				<extensions>
					<swisstopo:routepoint_id>59816510</swisstopo:routepoint_id>
				</extensions>
			</trkpt>
			<trkpt lat="46.2460519137" lon="8.5875002570">
				<ele>1227.0</ele>
				<time>1970-01-01T01:00:00+01:00</time>
				<extensions>
					<swisstopo:routepoint_id>1374705775</swisstopo:routepoint_id>
				</extensions>
			</trkpt>
			<trkpt lat="46.2460856293" lon="8.5875179374">
				<ele>1227.3</ele>
				<time>1970-01-01T01:00:00+01:00</time>
				<extensions>
					<swisstopo:routepoint_id>1767538210</swisstopo:routepoint_id>
				</extensions>
			</trkpt>
			<trkpt lat="46.2460992608" lon="8.5875416650">
				<ele>1227.4</ele>
				<time>1970-01-01T01:00:00+01:00</time>
				<extensions>
					<swisstopo:routepoint_id>573348839</swisstopo:routepoint_id>
				</extensions>
			</trkpt>
			<trkpt lat="46.2462156558" lon="8.5875699926">
				<ele>1230.1</ele>
				<time>1970-01-01T01:00:00+01:00</time>
				<extensions>
					<swisstopo:routepoint_id>1522102492</swisstopo:routepoint_id>
				</extensions>
			</trkpt>
			<trkpt lat="46.2462907808" lon="8.5875744526">
				<ele>1231.8</ele>
				<time>1970-01-01T01:00:00+01:00</time>
				<extensions>
					<swisstopo:routepoint_id>1734420138</swisstopo:routepoint_id>
				</extensions>
			</trkpt>
			<trkpt lat="46.2463963488" lon="8.5875148448">
				<ele>1233.8</ele>
				<time>1970-01-01T01:00:00+01:00</time>
				<extensions>
					<swisstopo:routepoint_id>1185450316</swisstopo:routepoint_id>
				</extensions>
			</trkpt>
			<trkpt lat="46.2466344947" lon="8.5874697480">
				<ele>1238.7</ele>
				<time>1970-01-01T01:00:00+01:00</time>
				<extensions>
					<swisstopo:routepoint_id>801459347</swisstopo:routepoint_id>
				</extensions>
			</trkpt>
			<trkpt lat="46.2467454755" lon="8.5875147280">
				<ele>1241.4</ele>
				<time>1970-01-01T01:00:00+01:00</time>
				<extensions>
					<swisstopo:routepoint_id>2041361355</swisstopo:routepoint_id>
				</extensions>
			</trkpt>
			<trkpt lat="46.2468474947" lon="8.5875337741">
				<ele>1243.7</ele>
				<time>1970-01-01T01:00:00+01:00</time>
				<extensions>
					<swisstopo:routepoint_id>2135258844</swisstopo:routepoint_id>
				</extensions>
			</trkpt>
			<trkpt lat="46.2469721743" lon="8.5875854765">
				<ele>1246.3</ele>
				<time>1970-01-01T01:00:00+01:00</time>
				<extensions>
					<swisstopo:routepoint_id>548014955</swisstopo:routepoint_id>
				</extensions>
			</trkpt>
			<trkpt lat="46.2470152893" lon="8.5875626295">
				<ele>1248.3</ele>
				<time>1970-01-01T01:00:00+01:00</time>
				<extensions>
					<swisstopo:routepoint_id>550833862</swisstopo:routepoint_id>
				</extensions>
			</trkpt>
			<trkpt lat="46.2471045743" lon="8.5876278825">
				<ele>1248.0</ele>
				<time>1970-01-01T01:00:00+01:00</time>
				<extensions>
					<swisstopo:routepoint_id>153715777</swisstopo:routepoint_id>
				</extensions>
			</trkpt>
			<trkpt lat="46.2472095372" lon="8.5876624533">
				<ele>1249.0</ele>
				<time>1970-01-01T01:00:00+01:00</time>
				<extensions>
					<swisstopo:routepoint_id>287614272</swisstopo:routepoint_id>
				</extensions>
			</trkpt>
			<trkpt lat="46.2472652930" lon="8.5876925411">
				<ele>1248.8</ele>
				<time>1970-01-01T01:00:00+01:00</time>
				<extensions>
					<swisstopo:routepoint_id>94270859</swisstopo:routepoint_id>
				</extensions>
			</trkpt>
			<trkpt lat="46.2473330687" lon="8.5876939843">
				<ele>1249.3</ele>
				<time>1970-01-01T01:00:00+01:00</time>
				<extensions>
					<swisstopo:routepoint_id>540908232</swisstopo:routepoint_id>
				</extensions>
			</trkpt>
			<trkpt lat="46.2473600019" lon="8.5877220202">
				<ele>1250.2</ele>
				<time>1970-01-01T01:00:00+01:00</time>
				<extensions>
					<swisstopo:routepoint_id>1409718727</swisstopo:routepoint_id>
				</extensions>
			</trkpt>
			<trkpt lat="46.2473816467" lon="8.5877249212">
				<ele>1250.9</ele>
				<time>1970-01-01T01:00:00+01:00</time>
				<extensions>
					<swisstopo:routepoint_id>1609852122</swisstopo:routepoint_id>
				</extensions>
			</trkpt>
			<trkpt lat="46.2474131798" lon="8.5876876083">
				<ele>1252.7</ele>
				<time>1970-01-01T01:00:00+01:00</time>
				<extensions>
					<swisstopo:routepoint_id>896488943</swisstopo:routepoint_id>
				</extensions>
			</trkpt>
			<trkpt lat="46.2474587583" lon="8.5876877725">
				<ele>1253.4</ele>
				<time>1970-01-01T01:00:00+01:00</time>
				<extensions>
					<swisstopo:routepoint_id>734657519</swisstopo:routepoint_id>
				</extensions>
			</trkpt>
			<trkpt lat="46.2475148040" lon="8.5877455368">
				<ele>1255.3</ele>
				<time>1970-01-01T01:00:00+01:00</time>
				<extensions>
					<swisstopo:routepoint_id>1041964408</swisstopo:routepoint_id>
				</extensions>
			</trkpt>
			<trkpt lat="46.2475473543" lon="8.5877672203">
				<ele>1255.7</ele>
				<time>1970-01-01T01:00:00+01:00</time>
				<extensions>
					<swisstopo:routepoint_id>112455454</swisstopo:routepoint_id>
				</extensions>
			</trkpt>
			<trkpt lat="46.2475774007" lon="8.5877638274">
				<ele>1256.5</ele>
				<time>1970-01-01T01:00:00+01:00</time>
				<extensions>
					<swisstopo:routepoint_id>1331040873</swisstopo:routepoint_id>
				</extensions>
			</trkpt>
			<trkpt lat="46.2476310261" lon="8.5877900082">
				<ele>1257.4</ele>
				<time>1970-01-01T01:00:00+01:00</time>
				<extensions>
					<swisstopo:routepoint_id>677099269</swisstopo:routepoint_id>
				</extensions>
			</trkpt>
			<trkpt lat="46.2476861304" lon="8.5878332023">
				<ele>1258.7</ele>
				<time>1970-01-01T01:00:00+01:00</time>
				<extensions>
					<swisstopo:routepoint_id>678643122</swisstopo:routepoint_id>
				</extensions>
			</trkpt>
			<trkpt lat="46.2477191429" lon="8.5878137131">
				<ele>1259.4</ele>
				<time>1970-01-01T01:00:00+01:00</time>
				<extensions>
					<swisstopo:routepoint_id>1696500164</swisstopo:routepoint_id>
				</extensions>
			</trkpt>
			<trkpt lat="46.2477606069" lon="8.5878331788">
				<ele>1260.2</ele>
				<time>1970-01-01T01:00:00+01:00</time>
				<extensions>
					<swisstopo:routepoint_id>185657283</swisstopo:routepoint_id>
				</extensions>
			</trkpt>
			<trkpt lat="46.2478027644" lon="8.5878397294">
				<ele>1260.7</ele>
				<time>1970-01-01T01:00:00+01:00</time>
				<extensions>
					<swisstopo:routepoint_id>821507619</swisstopo:routepoint_id>
				</extensions>
			</trkpt>
			<trkpt lat="46.2478503587" lon="8.5878585267">
				<ele>1261.3</ele>
				<time>1970-01-01T01:00:00+01:00</time>
				<extensions>
					<swisstopo:routepoint_id>695464385</swisstopo:routepoint_id>
				</extensions>
			</trkpt>
			<trkpt lat="46.2478795547" lon="8.5878817605">
				<ele>1262.0</ele>
				<time>1970-01-01T01:00:00+01:00</time>
				<extensions>
					<swisstopo:routepoint_id>1795014044</swisstopo:routepoint_id>
				</extensions>
			</trkpt>
			<trkpt lat="46.2479711079" lon="8.5878958378">
				<ele>1263.8</ele>
				<time>1970-01-01T01:00:00+01:00</time>
				<extensions>
					<swisstopo:routepoint_id>1086554527</swisstopo:routepoint_id>
				</extensions>
			</trkpt>
			<trkpt lat="46.2480223544" lon="8.5879365194">
				<ele>1263.6</ele>
				<time>1970-01-01T01:00:00+01:00</time>
				<extensions>
					<swisstopo:routepoint_id>1633951319</swisstopo:routepoint_id>
				</extensions>
			</trkpt>
			<trkpt lat="46.2481597674" lon="8.5880251039">
				<ele>1265.4</ele>
				<time>1970-01-01T01:00:00+01:00</time>
				<extensions>
					<swisstopo:routepoint_id>2000086931</swisstopo:routepoint_id>
				</extensions>
			</trkpt>
			<trkpt lat="46.2482034865" lon="8.5880413756">
				<ele>1266.4</ele>
				<time>1970-01-01T01:00:00+01:00</time>
				<extensions>
					<swisstopo:routepoint_id>33118072</swisstopo:routepoint_id>
				</extensions>
			</trkpt>
			<trkpt lat="46.2482390608" lon="8.5880914271">
				<ele>1267.1</ele>
				<time>1970-01-01T01:00:00+01:00</time>
				<extensions>
					<swisstopo:routepoint_id>1535382171</swisstopo:routepoint_id>
				</extensions>
			</trkpt>
			<trkpt lat="46.2483121749" lon="8.5881148034">
				<ele>1269.2</ele>
				<time>1970-01-01T01:00:00+01:00</time>
				<extensions>
					<swisstopo:routepoint_id>720643144</swisstopo:routepoint_id>
				</extensions>
			</trkpt>
			<trkpt lat="46.2484141707" lon="8.5881888880">
				<ele>1269.3</ele>
				<time>1970-01-01T01:00:00+01:00</time>
				<extensions>
					<swisstopo:routepoint_id>1840542430</swisstopo:routepoint_id>
				</extensions>
			</trkpt>
			<trkpt lat="46.2484767426" lon="8.5882096104">
				<ele>1270.7</ele>
				<time>1970-01-01T01:00:00+01:00</time>
				<extensions>
					<swisstopo:routepoint_id>1197675119</swisstopo:routepoint_id>
				</extensions>
			</trkpt>
			<trkpt lat="46.2485329786" lon="8.5882512212">
				<ele>1271.4</ele>
				<time>1970-01-01T01:00:00+01:00</time>
				<extensions>
					<swisstopo:routepoint_id>253444392</swisstopo:routepoint_id>
				</extensions>
			</trkpt>
			<trkpt lat="46.2485808369" lon="8.5882457732">
				<ele>1272.0</ele>
				<time>1970-01-01T01:00:00+01:00</time>
				<extensions>
					<swisstopo:routepoint_id>1490527493</swisstopo:routepoint_id>
				</extensions>
			</trkpt>
			<trkpt lat="46.2486523005" lon="8.5882543361">
				<ele>1273.6</ele>
				<time>1970-01-01T01:00:00+01:00</time>
				<extensions>
					<swisstopo:routepoint_id>1981543067</swisstopo:routepoint_id>
				</extensions>
			</trkpt>
			<trkpt lat="46.2487115775" lon="8.5882405050">
				<ele>1275.7</ele>
				<time>1970-01-01T01:00:00+01:00</time>
				<extensions>
					<swisstopo:routepoint_id>260400683</swisstopo:routepoint_id>
				</extensions>
			</trkpt>
			<trkpt lat="46.2487332998" lon="8.5882401025">
				<ele>1276.4</ele>
				<time>1970-01-01T01:00:00+01:00</time>
				<extensions>
					<swisstopo:routepoint_id>456563003</swisstopo:routepoint_id>
				</extensions>
			</trkpt>
			<trkpt lat="46.2487472444" lon="8.5882442595">
				<ele>1276.7</ele>
				<time>1970-01-01T01:00:00+01:00</time>
				<extensions>
					<swisstopo:routepoint_id>1760291193</swisstopo:routepoint_id>
				</extensions>
			</trkpt>
			<trkpt lat="46.2487646723" lon="8.5882566457">
				<ele>1276.5</ele>
				<time>1970-01-01T01:00:00+01:00</time>
				<extensions>
					<swisstopo:routepoint_id>1025379192</swisstopo:routepoint_id>
				</extensions>
			</trkpt>
			<trkpt lat="46.2487823902" lon="8.5882690253">
				<ele>1276.3</ele>
				<time>1970-01-01T01:00:00+01:00</time>
				<extensions>
					<swisstopo:routepoint_id>631902384</swisstopo:routepoint_id>
				</extensions>
			</trkpt>
			<trkpt lat="46.2487984601" lon="8.5882689341">
				<ele>1276.2</ele>
				<time>1970-01-01T01:00:00+01:00</time>
				<extensions>
					<swisstopo:routepoint_id>1791902937</swisstopo:routepoint_id>
				</extensions>
			</trkpt>
			<trkpt lat="46.2488223471" lon="8.5882612829">
				<ele>1276.2</ele>
				<time>1970-01-01T01:00:00+01:00</time>
				<extensions>
					<swisstopo:routepoint_id>675061208</swisstopo:routepoint_id>
				</extensions>
			</trkpt>
			<trkpt lat="46.2488595871" lon="8.5882623985">
				<ele>1276.9</ele>
				<time>1970-01-01T01:00:00+01:00</time>
				<extensions>
					<swisstopo:routepoint_id>567887714</swisstopo:routepoint_id>
				</extensions>
			</trkpt>
			<trkpt lat="46.2489237101" lon="8.5882506580">
				<ele>1277.5</ele>
				<time>1970-01-01T01:00:00+01:00</time>
				<extensions>
					<swisstopo:routepoint_id>784033488</swisstopo:routepoint_id>
				</extensions>
			</trkpt>
			<trkpt lat="46.2489790024" lon="8.5881914814">
				<ele>1278.8</ele>
				<time>1970-01-01T01:00:00+01:00</time>
				<extensions>
					<swisstopo:routepoint_id>1551100294</swisstopo:routepoint_id>
				</extensions>
			</trkpt>
			<trkpt lat="46.2490856462" lon="8.5881341108">
				<ele>1281.7</ele>
				<time>1970-01-01T01:00:00+01:00</time>
				<extensions>
					<swisstopo:routepoint_id>364865138</swisstopo:routepoint_id>
				</extensions>
			</trkpt>
			<trkpt lat="46.2491854839" lon="8.5881084465">
				<ele>1284.2</ele>
				<time>1970-01-01T01:00:00+01:00</time>
				<extensions>
					<swisstopo:routepoint_id>1581295980</swisstopo:routepoint_id>
				</extensions>
			</trkpt>
			<trkpt lat="46.2492931807" lon="8.5880624448">
				<ele>1286.2</ele>
				<time>1970-01-01T01:00:00+01:00</time>
				<extensions>
					<swisstopo:routepoint_id>1782024357</swisstopo:routepoint_id>
				</extensions>
			</trkpt>
			<trkpt lat="46.2493767020" lon="8.5880533423">
				<ele>1287.4</ele>
				<time>1970-01-01T01:00:00+01:00</time>
				<extensions>
					<swisstopo:routepoint_id>491441986</swisstopo:routepoint_id>
				</extensions>
			</trkpt>
			<trkpt lat="46.2494561946" lon="8.5880187885">
				<ele>1288.8</ele>
				<time>1970-01-01T01:00:00+01:00</time>
				<extensions>
					<swisstopo:routepoint_id>2004619151</swisstopo:routepoint_id>
				</extensions>
			</trkpt>
			<trkpt lat="46.2495745894" lon="8.5880128412">
				<ele>1288.8</ele>
				<time>1970-01-01T01:00:00+01:00</time>
				<extensions>
					<swisstopo:routepoint_id>1001035779</swisstopo:routepoint_id>
				</extensions>
			</trkpt>
			<trkpt lat="46.2496887520" lon="8.5880031951">
				<ele>1291.5</ele>
				<time>1970-01-01T01:00:00+01:00</time>
				<extensions>
					<swisstopo:routepoint_id>538126887</swisstopo:routepoint_id>
				</extensions>
			</trkpt>
			<trkpt lat="46.2498342138" lon="8.5880147132">
				<ele>1293.9</ele>
				<time>1970-01-01T01:00:00+01:00</time>
				<extensions>
					<swisstopo:routepoint_id>1882436740</swisstopo:routepoint_id>
				</extensions>
			</trkpt>
			<trkpt lat="46.2499822469" lon="8.5879625211">
				<ele>1297.7</ele>
				<time>1970-01-01T01:00:00+01:00</time>
				<extensions>
					<swisstopo:routepoint_id>1208996713</swisstopo:routepoint_id>
				</extensions>
			</trkpt>
			<trkpt lat="46.2500785266" lon="8.5878728514">
				<ele>1299.8</ele>
				<time>1970-01-01T01:00:00+01:00</time>
				<extensions>
					<swisstopo:routepoint_id>1942410761</swisstopo:routepoint_id>
				</extensions>
			</trkpt>
			<trkpt lat="46.2501371780" lon="8.5878150865">
				<ele>1301.2</ele>
				<time>1970-01-01T01:00:00+01:00</time>
				<extensions>
					<swisstopo:routepoint_id>1053436454</swisstopo:routepoint_id>
				</extensions>
			</trkpt>
			<trkpt lat="46.2501913544" lon="8.5878043257">
				<ele>1302.1</ele>
				<time>1970-01-01T01:00:00+01:00</time>
				<extensions>
					<swisstopo:routepoint_id>98569148</swisstopo:routepoint_id>
				</extensions>
			</trkpt>
			<trkpt lat="46.2502502657" lon="8.5877720087">
				<ele>1303.0</ele>
				<time>1970-01-01T01:00:00+01:00</time>
				<extensions>
					<swisstopo:routepoint_id>1279443786</swisstopo:routepoint_id>
				</extensions>
			</trkpt>
			<trkpt lat="46.2502652332" lon="8.5877766559">
				<ele>1303.2</ele>
				<time>1970-01-01T01:00:00+01:00</time>
				<extensions>
					<swisstopo:routepoint_id>340059290</swisstopo:routepoint_id>
				</extensions>
			</trkpt>
			<trkpt lat="46.2503450893" lon="8.5877512778">
				<ele>1304.4</ele>
				<time>1970-01-01T01:00:00+01:00</time>
				<extensions>
					<swisstopo:routepoint_id>337707051</swisstopo:routepoint_id>
				</extensions>
			</trkpt>
			<trkpt lat="46.2504657969" lon="8.5876975451">
				<ele>1305.2</ele>
				<time>1970-01-01T01:00:00+01:00</time>
				<extensions>
					<swisstopo:routepoint_id>467198752</swisstopo:routepoint_id>
				</extensions>
			</trkpt>
			<trkpt lat="46.2505137355" lon="8.5876357542">
				<ele>1305.7</ele>
				<time>1970-01-01T01:00:00+01:00</time>
				<extensions>
					<swisstopo:routepoint_id>350014937</swisstopo:routepoint_id>
				</extensions>
			</trkpt>
			<trkpt lat="46.2506102369" lon="8.5875977460">
				<ele>1306.6</ele>
				<time>1970-01-01T01:00:00+01:00</time>
				<extensions>
					<swisstopo:routepoint_id>1363615700</swisstopo:routepoint_id>
				</extensions>
			</trkpt>
			<trkpt lat="46.2506619128" lon="8.5875382120">
				<ele>1308.0</ele>
				<time>1970-01-01T01:00:00+01:00</time>
				<extensions>
					<swisstopo:routepoint_id>2140527356</swisstopo:routepoint_id>
				</extensions>
			</trkpt>
			<trkpt lat="46.2506898168" lon="8.5875268963">
				<ele>1307.8</ele>
				<time>1970-01-01T01:00:00+01:00</time>
				<extensions>
					<swisstopo:routepoint_id>1033964490</swisstopo:routepoint_id>
				</extensions>
			</trkpt>
			<trkpt lat="46.2508144194" lon="8.5875316916">
				<ele>1308.8</ele>
				<time>1970-01-01T01:00:00+01:00</time>
				<extensions>
					<swisstopo:routepoint_id>221251874</swisstopo:routepoint_id>
				</extensions>
			</trkpt>
			<trkpt lat="46.2508387399" lon="8.5875029752">
				<ele>1309.4</ele>
				<time>1970-01-01T01:00:00+01:00</time>
				<extensions>
					<swisstopo:routepoint_id>1382505139</swisstopo:routepoint_id>
				</extensions>
			</trkpt>
			<trkpt lat="46.2509058287" lon="8.5874751614">
				<ele>1309.9</ele>
				<time>1970-01-01T01:00:00+01:00</time>
				<extensions>
					<swisstopo:routepoint_id>1972144266</swisstopo:routepoint_id>
				</extensions>
			</trkpt>
			<trkpt lat="46.2510145997" lon="8.5874911851">
				<ele>1311.1</ele>
				<time>1970-01-01T01:00:00+01:00</time>
				<extensions>
					<swisstopo:routepoint_id>2115871904</swisstopo:routepoint_id>
				</extensions>
			</trkpt>
			<trkpt lat="46.2510988787" lon="8.5874282353">
				<ele>1312.8</ele>
				<time>1970-01-01T01:00:00+01:00</time>
				<extensions>
					<swisstopo:routepoint_id>350317984</swisstopo:routepoint_id>
				</extensions>
			</trkpt>
			<trkpt lat="46.2511954936" lon="8.5873461687">
				<ele>1314.3</ele>
				<time>1970-01-01T01:00:00+01:00</time>
				<extensions>
					<swisstopo:routepoint_id>64014670</swisstopo:routepoint_id>
				</extensions>
			</trkpt>
			<trkpt lat="46.2512965241" lon="8.5872878145">
				<ele>1316.2</ele>
				<time>1970-01-01T01:00:00+01:00</time>
				<extensions>
					<swisstopo:routepoint_id>1007869448</swisstopo:routepoint_id>
				</extensions>
			</trkpt>
			<trkpt lat="46.2513817832" lon="8.5873065714">
				<ele>1317.8</ele>
				<time>1970-01-01T01:00:00+01:00</time>
				<extensions>
					<swisstopo:routepoint_id>1271444562</swisstopo:routepoint_id>
				</extensions>
			</trkpt>
			<trkpt lat="46.2514932120" lon="8.5872849484">
				<ele>1320.5</ele>
				<time>1970-01-01T01:00:00+01:00</time>
				<extensions>
					<swisstopo:routepoint_id>203022576</swisstopo:routepoint_id>
				</extensions>
			</trkpt>
			<trkpt lat="46.2516231602" lon="8.5872357145">
				<ele>1322.9</ele>
				<time>1970-01-01T01:00:00+01:00</time>
				<extensions>
					<swisstopo:routepoint_id>1350221156</swisstopo:routepoint_id>
				</extensions>
			</trkpt>
			<trkpt lat="46.2516358484" lon="8.5871628565">
				<ele>1324.4</ele>
				<time>1970-01-01T01:00:00+01:00</time>
				<extensions>
					<swisstopo:routepoint_id>1916559585</swisstopo:routepoint_id>
				</extensions>
			</trkpt>
			<trkpt lat="46.2518474925" lon="8.5869796939">
				<ele>1329.9</ele>
				<time>1970-01-01T01:00:00+01:00</time>
				<extensions>
					<swisstopo:routepoint_id>2020906800</swisstopo:routepoint_id>
				</extensions>
			</trkpt>
			<trkpt lat="46.2520840145" lon="8.5867777536">
				<ele>1334.3</ele>
				<time>1970-01-01T01:00:00+01:00</time>
				<extensions>
					<swisstopo:routepoint_id>1724160476</swisstopo:routepoint_id>
				</extensions>
			</trkpt>
			<trkpt lat="46.2521572659" lon="8.5866716352">
				<ele>1334.8</ele>
				<time>1970-01-01T01:00:00+01:00</time>
				<extensions>
					<swisstopo:routepoint_id>780988577</swisstopo:routepoint_id>
				</extensions>
			</trkpt>
			<trkpt lat="46.2522028467" lon="8.5866230897">
				<ele>1335.1</ele>
				<time>1970-01-01T01:00:00+01:00</time>
				<extensions>
					<swisstopo:routepoint_id>2100798746</swisstopo:routepoint_id>
				</extensions>
			</trkpt>
			<trkpt lat="46.2523025545" lon="8.5866119196">
				<ele>1335.0</ele>
				<time>1970-01-01T01:00:00+01:00</time>
				<extensions>
					<swisstopo:routepoint_id>122182411</swisstopo:routepoint_id>
				</extensions>
			</trkpt>
			<trkpt lat="46.2523418911" lon="8.5865934353">
				<ele>1335.7</ele>
				<time>1970-01-01T01:00:00+01:00</time>
				<extensions>
					<swisstopo:routepoint_id>1939522714</swisstopo:routepoint_id>
				</extensions>
			</trkpt>
			<trkpt lat="46.2523651739" lon="8.5865613270">
				<ele>1336.1</ele>
				<time>1970-01-01T01:00:00+01:00</time>
				<extensions>
					<swisstopo:routepoint_id>743199774</swisstopo:routepoint_id>
				</extensions>
			</trkpt>
			<trkpt lat="46.2523880596" lon="8.5864809066">
				<ele>1337.0</ele>
				<time>1970-01-01T01:00:00+01:00</time>
				<extensions>
					<swisstopo:routepoint_id>829000285</swisstopo:routepoint_id>
				</extensions>
			</trkpt>
			<trkpt lat="46.2524904213" lon="8.5863683593">
				<ele>1338.6</ele>
				<time>1970-01-01T01:00:00+01:00</time>
				<extensions>
					<swisstopo:routepoint_id>1110427565</swisstopo:routepoint_id>
				</extensions>
			</trkpt>
			<trkpt lat="46.2525232460" lon="8.5863171380">
				<ele>1339.4</ele>
				<time>1970-01-01T01:00:00+01:00</time>
				<extensions>
					<swisstopo:routepoint_id>662966974</swisstopo:routepoint_id>
				</extensions>
			</trkpt>
			<trkpt lat="46.2525403117" lon="8.5863193469">
				<ele>1339.5</ele>
				<time>1970-01-01T01:00:00+01:00</time>
				<extensions>
					<swisstopo:routepoint_id>713377164</swisstopo:routepoint_id>
				</extensions>
			</trkpt>
			<trkpt lat="46.2525773649" lon="8.5863821733">
				<ele>1339.7</ele>
				<time>1970-01-01T01:00:00+01:00</time>
				<extensions>
					<swisstopo:routepoint_id>1908345745</swisstopo:routepoint_id>
				</extensions>
			</trkpt>
			<trkpt lat="46.2526182343" lon="8.5864446751">
				<ele>1339.7</ele>
				<time>1970-01-01T01:00:00+01:00</time>
				<extensions>
					<swisstopo:routepoint_id>812245034</swisstopo:routepoint_id>
				</extensions>
			</trkpt>
			<trkpt lat="46.2526253054" lon="8.5865314014">
				<ele>1340.0</ele>
				<time>1970-01-01T01:00:00+01:00</time>
				<extensions>
					<swisstopo:routepoint_id>2137528001</swisstopo:routepoint_id>
				</extensions>
			</trkpt>
			<trkpt lat="46.2526264381" lon="8.5865557166">
				<ele>1340.3</ele>
				<time>1970-01-01T01:00:00+01:00</time>
				<extensions>
					<swisstopo:routepoint_id>1121574999</swisstopo:routepoint_id>
				</extensions>
			</trkpt>
			<trkpt lat="46.2526205024" lon="8.5866540736">
				<ele>1341.4</ele>
				<time>1970-01-01T01:00:00+01:00</time>
				<extensions>
					<swisstopo:routepoint_id>474155044</swisstopo:routepoint_id>
				</extensions>
			</trkpt>
			<trkpt lat="46.2526211267" lon="8.5867094324">
				<ele>1342.5</ele>
				<time>1970-01-01T01:00:00+01:00</time>
				<extensions>
					<swisstopo:routepoint_id>1463534094</swisstopo:routepoint_id>
				</extensions>
			</trkpt>
			<trkpt lat="46.2526287112" lon="8.5867533369">
				<ele>1343.5</ele>
				<time>1970-01-01T01:00:00+01:00</time>
				<extensions>
					<swisstopo:routepoint_id>1142363825</swisstopo:routepoint_id>
				</extensions>
			</trkpt>
			<trkpt lat="46.2526954933" lon="8.5866682947">
				<ele>1345.4</ele>
				<time>1970-01-01T01:00:00+01:00</time>
				<extensions>
					<swisstopo:routepoint_id>758022217</swisstopo:routepoint_id>
				</extensions>
			</trkpt>
			<trkpt lat="46.2527624074" lon="8.5865918799">
				<ele>1347.6</ele>
				<time>1970-01-01T01:00:00+01:00</time>
				<extensions>
					<swisstopo:routepoint_id>1209303872</swisstopo:routepoint_id>
				</extensions>
			</trkpt>
			<trkpt lat="46.2528233441" lon="8.5865200882">
				<ele>1349.9</ele>
				<time>1970-01-01T01:00:00+01:00</time>
				<extensions>
					<swisstopo:routepoint_id>252863618</swisstopo:routepoint_id>
				</extensions>
			</trkpt>
			<trkpt lat="46.2528824279" lon="8.5864715988">
				<ele>1351.9</ele>
				<time>1970-01-01T01:00:00+01:00</time>
				<extensions>
					<swisstopo:routepoint_id>1032187154</swisstopo:routepoint_id>
				</extensions>
			</trkpt>
			<trkpt lat="46.2529497931" lon="8.5864035265">
				<ele>1353.8</ele>
				<time>1970-01-01T01:00:00+01:00</time>
				<extensions>
					<swisstopo:routepoint_id>1908129596</swisstopo:routepoint_id>
				</extensions>
			</trkpt>
			<trkpt lat="46.2530201847" lon="8.5862934701">
				<ele>1355.7</ele>
				<time>1970-01-01T01:00:00+01:00</time>
				<extensions>
					<swisstopo:routepoint_id>1108002455</swisstopo:routepoint_id>
				</extensions>
			</trkpt>
			<trkpt lat="46.2531366605" lon="8.5861813580">
				<ele>1358.7</ele>
				<time>1970-01-01T01:00:00+01:00</time>
				<extensions>
					<swisstopo:routepoint_id>1226357070</swisstopo:routepoint_id>
				</extensions>
			</trkpt>
			<trkpt lat="46.2533923152" lon="8.5860089803">
				<ele>1365.1</ele>
				<time>1970-01-01T01:00:00+01:00</time>
				<extensions>
					<swisstopo:routepoint_id>2008475742</swisstopo:routepoint_id>
				</extensions>
			</trkpt>
			<trkpt lat="46.2535959234" lon="8.5858747028">
				<ele>1371.1</ele>
				<time>1970-01-01T01:00:00+01:00</time>
				<extensions>
					<swisstopo:routepoint_id>1805131940</swisstopo:routepoint_id>
				</extensions>
			</trkpt>
			<trkpt lat="46.2536346791" lon="8.5858519751">
				<ele>1372.0</ele>
				<time>1970-01-01T01:00:00+01:00</time>
				<extensions>
					<swisstopo:routepoint_id>1502368625</swisstopo:routepoint_id>
				</extensions>
			</trkpt>
			<trkpt lat="46.2537893671" lon="8.5857464286">
				<ele>1374.6</ele>
				<time>1970-01-01T01:00:00+01:00</time>
				<extensions>
					<swisstopo:routepoint_id>329599423</swisstopo:routepoint_id>
				</extensions>
			</trkpt>
			<trkpt lat="46.2538807982" lon="8.5856495289">
				<ele>1377.1</ele>
				<time>1970-01-01T01:00:00+01:00</time>
				<extensions>
					<swisstopo:routepoint_id>1773544328</swisstopo:routepoint_id>
				</extensions>
			</trkpt>
			<trkpt lat="46.2539733952" lon="8.5855320724">
				<ele>1379.4</ele>
				<time>1970-01-01T01:00:00+01:00</time>
				<extensions>
					<swisstopo:routepoint_id>1135571007</swisstopo:routepoint_id>
				</extensions>
			</trkpt>
			<trkpt lat="46.2540527038" lon="8.5854115872">
				<ele>1382.1</ele>
				<time>1970-01-01T01:00:00+01:00</time>
				<extensions>
					<swisstopo:routepoint_id>2067591702</swisstopo:routepoint_id>
				</extensions>
			</trkpt>
			<trkpt lat="46.2540992040" lon="8.5853329532">
				<ele>1384.0</ele>
				<time>1970-01-01T01:00:00+01:00</time>
				<extensions>
					<swisstopo:routepoint_id>1601978065</swisstopo:routepoint_id>
				</extensions>
			</trkpt>
			<trkpt lat="46.2541333049" lon="8.5852554383">
				<ele>1385.2</ele>
				<time>1970-01-01T01:00:00+01:00</time>
				<extensions>
					<swisstopo:routepoint_id>988949511</swisstopo:routepoint_id>
				</extensions>
			</trkpt>
			<trkpt lat="46.2541633610" lon="8.5852025354">
				<ele>1386.4</ele>
				<time>1970-01-01T01:00:00+01:00</time>
				<extensions>
					<swisstopo:routepoint_id>1357598972</swisstopo:routepoint_id>
				</extensions>
			</trkpt>
			<trkpt lat="46.2542163470" lon="8.5851418956">
				<ele>1387.2</ele>
				<time>1970-01-01T01:00:00+01:00</time>
				<extensions>
					<swisstopo:routepoint_id>1440665774</swisstopo:routepoint_id>
				</extensions>
			</trkpt>
			<trkpt lat="46.2542586038" lon="8.5851057143">
				<ele>1388.5</ele>
				<time>1970-01-01T01:00:00+01:00</time>
				<extensions>
					<swisstopo:routepoint_id>829095149</swisstopo:routepoint_id>
				</extensions>
			</trkpt>
			<trkpt lat="46.2543226056" lon="8.5850851006">
				<ele>1390.1</ele>
				<time>1970-01-01T01:00:00+01:00</time>
				<extensions>
					<swisstopo:routepoint_id>80232800</swisstopo:routepoint_id>
				</extensions>
			</trkpt>
			<trkpt lat="46.2543706779" lon="8.5850394415">
				<ele>1391.8</ele>
				<time>1970-01-01T01:00:00+01:00</time>
				<extensions>
					<swisstopo:routepoint_id>115623121</swisstopo:routepoint_id>
				</extensions>
			</trkpt>
			<trkpt lat="46.2544082539" lon="8.5849016110">
				<ele>1393.6</ele>
				<time>1970-01-01T01:00:00+01:00</time>
				<extensions>
					<swisstopo:routepoint_id>1349565468</swisstopo:routepoint_id>
				</extensions>
			</trkpt>
			<trkpt lat="46.2544599642" lon="8.5847691568">
				<ele>1396.1</ele>
				<time>1970-01-01T01:00:00+01:00</time>
				<extensions>
					<swisstopo:routepoint_id>1998205588</swisstopo:routepoint_id>
				</extensions>
			</trkpt>
			<trkpt lat="46.2545110628" lon="8.5847109462">
				<ele>1397.4</ele>
				<time>1970-01-01T01:00:00+01:00</time>
				<extensions>
					<swisstopo:routepoint_id>723332811</swisstopo:routepoint_id>
				</extensions>
			</trkpt>
			<trkpt lat="46.2546091241" lon="8.5845778208">
				<ele>1399.7</ele>
				<time>1970-01-01T01:00:00+01:00</time>
				<extensions>
					<swisstopo:routepoint_id>786770745</swisstopo:routepoint_id>
				</extensions>
			</trkpt>
			<trkpt lat="46.2547030443" lon="8.5844501932">
				<ele>1402.3</ele>
				<time>1970-01-01T01:00:00+01:00</time>
				<extensions>
					<swisstopo:routepoint_id>338089990</swisstopo:routepoint_id>
				</extensions>
			</trkpt>
			<trkpt lat="46.2547187375" lon="8.5844985760">
				<ele>1404.5</ele>
				<time>1970-01-01T01:00:00+01:00</time>
				<extensions>
					<swisstopo:routepoint_id>673993906</swisstopo:routepoint_id>
				</extensions>
			</trkpt>
			<trkpt lat="46.2547163207" lon="8.5846426318">
				<ele>1407.2</ele>
				<time>1970-01-01T01:00:00+01:00</time>
				<extensions>
					<swisstopo:routepoint_id>2126694822</swisstopo:routepoint_id>
				</extensions>
			</trkpt>
			<trkpt lat="46.2547255365" lon="8.5846730201">
				<ele>1408.6</ele>
				<time>1970-01-01T01:00:00+01:00</time>
				<extensions>
					<swisstopo:routepoint_id>1863616474</swisstopo:routepoint_id>
				</extensions>
			</trkpt>
			<trkpt lat="46.2547917084" lon="8.5846263734">
				<ele>1411.5</ele>
				<time>1970-01-01T01:00:00+01:00</time>
				<extensions>
					<swisstopo:routepoint_id>254230222</swisstopo:routepoint_id>
				</extensions>
			</trkpt>
			<trkpt lat="46.2547997582" lon="8.5846773311">
				<ele>1413.2</ele>
				<time>1970-01-01T01:00:00+01:00</time>
				<extensions>
					<swisstopo:routepoint_id>889500207</swisstopo:routepoint_id>
				</extensions>
			</trkpt>
			<trkpt lat="46.2548412362" lon="8.5847180117">
				<ele>1416.7</ele>
				<time>1970-01-01T01:00:00+01:00</time>
				<extensions>
					<swisstopo:routepoint_id>1873318711</swisstopo:routepoint_id>
				</extensions>
			</trkpt>
			<trkpt lat="46.2548274835" lon="8.5848536093">
				<ele>1419.0</ele>
				<time>1970-01-01T01:00:00+01:00</time>
				<extensions>
					<swisstopo:routepoint_id>1448657923</swisstopo:routepoint_id>
				</extensions>
			</trkpt>
			<trkpt lat="46.2548270385" lon="8.5848975236">
				<ele>1419.3</ele>
				<time>1970-01-01T01:00:00+01:00</time>
				<extensions>
					<swisstopo:routepoint_id>1292344811</swisstopo:routepoint_id>
				</extensions>
			</trkpt>
			<trkpt lat="46.2548491730" lon="8.5848746473">
				<ele>1420.2</ele>
				<time>1970-01-01T01:00:00+01:00</time>
				<extensions>
					<swisstopo:routepoint_id>1953313732</swisstopo:routepoint_id>
				</extensions>
			</trkpt>
			<trkpt lat="46.2548861649" lon="8.5847944562">
				<ele>1421.7</ele>
				<time>1970-01-01T01:00:00+01:00</time>
				<extensions>
					<swisstopo:routepoint_id>2047137502</swisstopo:routepoint_id>
				</extensions>
			</trkpt>
			<trkpt lat="46.2549560239" lon="8.5847602360">
				<ele>1425.8</ele>
				<time>1970-01-01T01:00:00+01:00</time>
				<extensions>
					<swisstopo:routepoint_id>1450354163</swisstopo:routepoint_id>
				</extensions>
			</trkpt>
			<trkpt lat="46.2549805403" lon="8.5847840946">
				<ele>1427.8</ele>
				<time>1970-01-01T01:00:00+01:00</time>
				<extensions>
					<swisstopo:routepoint_id>1871472093</swisstopo:routepoint_id>
				</extensions>
			</trkpt>
			<trkpt lat="46.2550054822" lon="8.5848587379">
				<ele>1430.6</ele>
				<time>1970-01-01T01:00:00+01:00</time>
				<extensions>
					<swisstopo:routepoint_id>1678876318</swisstopo:routepoint_id>
				</extensions>
			</trkpt>
			<trkpt lat="46.2550266017" lon="8.5849360366">
				<ele>1433.2</ele>
				<time>1970-01-01T01:00:00+01:00</time>
				<extensions>
					<swisstopo:routepoint_id>31587612</swisstopo:routepoint_id>
				</extensions>
			</trkpt>
			<trkpt lat="46.2550627456" lon="8.5849395461">
				<ele>1435.1</ele>
				<time>1970-01-01T01:00:00+01:00</time>
				<extensions>
					<swisstopo:routepoint_id>366797617</swisstopo:routepoint_id>
				</extensions>
			</trkpt>
			<trkpt lat="46.2550900631" lon="8.5848742356">
				<ele>1437.1</ele>
				<time>1970-01-01T01:00:00+01:00</time>
				<extensions>
					<swisstopo:routepoint_id>409491369</swisstopo:routepoint_id>
				</extensions>
			</trkpt>
			<trkpt lat="46.2551063210" lon="8.5848677260">
				<ele>1437.9</ele>
				<time>1970-01-01T01:00:00+01:00</time>
				<extensions>
					<swisstopo:routepoint_id>171566263</swisstopo:routepoint_id>
				</extensions>
			</trkpt>
			<trkpt lat="46.2551241290" lon="8.5848955344">
				<ele>1439.3</ele>
				<time>1970-01-01T01:00:00+01:00</time>
				<extensions>
					<swisstopo:routepoint_id>146621496</swisstopo:routepoint_id>
				</extensions>
			</trkpt>
			<trkpt lat="46.2551614836" lon="8.5849677163">
				<ele>1442.9</ele>
				<time>1970-01-01T01:00:00+01:00</time>
				<extensions>
					<swisstopo:routepoint_id>709992730</swisstopo:routepoint_id>
				</extensions>
			</trkpt>
			<trkpt lat="46.2551874194" lon="8.5850396325">
				<ele>1447.0</ele>
				<time>1970-01-01T01:00:00+01:00</time>
				<extensions>
					<swisstopo:routepoint_id>161312291</swisstopo:routepoint_id>
				</extensions>
			</trkpt>
			<trkpt lat="46.2552305235" lon="8.5851261844">
				<ele>1451.1</ele>
				<time>1970-01-01T01:00:00+01:00</time>
				<extensions>
					<swisstopo:routepoint_id>159854362</swisstopo:routepoint_id>
				</extensions>
			</trkpt>
			<trkpt lat="46.2552702570" lon="8.5851517317">
				<ele>1454.1</ele>
				<time>1970-01-01T01:00:00+01:00</time>
				<extensions>
					<swisstopo:routepoint_id>1277366172</swisstopo:routepoint_id>
				</extensions>
			</trkpt>
			<trkpt lat="46.2553519274" lon="8.5851726655">
				<ele>1459.3</ele>
				<time>1970-01-01T01:00:00+01:00</time>
				<extensions>
					<swisstopo:routepoint_id>1325042653</swisstopo:routepoint_id>
				</extensions>
			</trkpt>
			<trkpt lat="46.2553994852" lon="8.5851777835">
				<ele>1462.6</ele>
				<time>1970-01-01T01:00:00+01:00</time>
				<extensions>
					<swisstopo:routepoint_id>1627013329</swisstopo:routepoint_id>
				</extensions>
			</trkpt>
			<trkpt lat="46.2554471314" lon="8.5851733029">
				<ele>1465.6</ele>
				<time>1970-01-01T01:00:00+01:00</time>
				<extensions>
					<swisstopo:routepoint_id>229510859</swisstopo:routepoint_id>
				</extensions>
			</trkpt>
			<trkpt lat="46.2554967065" lon="8.5851674823">
				<ele>1468.9</ele>
				<time>1970-01-01T01:00:00+01:00</time>
				<extensions>
					<swisstopo:routepoint_id>1539773957</swisstopo:routepoint_id>
				</extensions>
			</trkpt>
			<trkpt lat="46.2555336184" lon="8.5851888414">
				<ele>1471.3</ele>
				<time>1970-01-01T01:00:00+01:00</time>
				<extensions>
					<swisstopo:routepoint_id>562794722</swisstopo:routepoint_id>
				</extensions>
			</trkpt>
			<trkpt lat="46.2555704553" lon="8.5852184568">
				<ele>1475.1</ele>
				<time>1970-01-01T01:00:00+01:00</time>
				<extensions>
					<swisstopo:routepoint_id>1660115598</swisstopo:routepoint_id>
				</extensions>
			</trkpt>
			<trkpt lat="46.2556095375" lon="8.5852137831">
				<ele>1477.3</ele>
				<time>1970-01-01T01:00:00+01:00</time>
				<extensions>
					<swisstopo:routepoint_id>49338905</swisstopo:routepoint_id>
				</extensions>
			</trkpt>
			<trkpt lat="46.2556520394" lon="8.5851542888">
				<ele>1479.9</ele>
				<time>1970-01-01T01:00:00+01:00</time>
				<extensions>
					<swisstopo:routepoint_id>807559571</swisstopo:routepoint_id>
				</extensions>
			</trkpt>
			<trkpt lat="46.2556924544" lon="8.5851125836">
				<ele>1482.4</ele>
				<time>1970-01-01T01:00:00+01:00</time>
				<extensions>
					<swisstopo:routepoint_id>621957163</swisstopo:routepoint_id>
				</extensions>
			</trkpt>
			<trkpt lat="46.2557281446" lon="8.5851599954">
				<ele>1485.8</ele>
				<time>1970-01-01T01:00:00+01:00</time>
				<extensions>
					<swisstopo:routepoint_id>419763684</swisstopo:routepoint_id>
				</extensions>
			</trkpt>
			<trkpt lat="46.2557734462" lon="8.5852941034">
				<ele>1490.7</ele>
				<time>1970-01-01T01:00:00+01:00</time>
				<extensions>
					<swisstopo:routepoint_id>1237194615</swisstopo:routepoint_id>
				</extensions>
			</trkpt>
			<trkpt lat="46.2558045622" lon="8.5852302401">
				<ele>1492.7</ele>
				<time>1970-01-01T01:00:00+01:00</time>
				<extensions>
					<swisstopo:routepoint_id>2137781411</swisstopo:routepoint_id>
				</extensions>
			</trkpt>
			<trkpt lat="46.2558228823" lon="8.5853019968">
				<ele>1494.6</ele>
				<time>1970-01-01T01:00:00+01:00</time>
				<extensions>
					<swisstopo:routepoint_id>953055947</swisstopo:routepoint_id>
				</extensions>
			</trkpt>
			<trkpt lat="46.2558512298" lon="8.5853231883">
				<ele>1496.3</ele>
				<time>1970-01-01T01:00:00+01:00</time>
				<extensions>
					<swisstopo:routepoint_id>1744639044</swisstopo:routepoint_id>
				</extensions>
			</trkpt>
			<trkpt lat="46.2558638198" lon="8.5853015040">
				<ele>1497.3</ele>
				<time>1970-01-01T01:00:00+01:00</time>
				<extensions>
					<swisstopo:routepoint_id>2067488627</swisstopo:routepoint_id>
				</extensions>
			</trkpt>
			<trkpt lat="46.2558794354" lon="8.5852647606">
				<ele>1498.4</ele>
				<time>1970-01-01T01:00:00+01:00</time>
				<extensions>
					<swisstopo:routepoint_id>1549004069</swisstopo:routepoint_id>
				</extensions>
			</trkpt>
			<trkpt lat="46.2559055731" lon="8.5852213867">
				<ele>1500.5</ele>
				<time>1970-01-01T01:00:00+01:00</time>
				<extensions>
					<swisstopo:routepoint_id>1989474295</swisstopo:routepoint_id>
				</extensions>
			</trkpt>
			<trkpt lat="46.2559462663" lon="8.5851522407">
				<ele>1503.1</ele>
				<time>1970-01-01T01:00:00+01:00</time>
				<extensions>
					<swisstopo:routepoint_id>81841638</swisstopo:routepoint_id>
				</extensions>
			</trkpt>
			<trkpt lat="46.2559811533" lon="8.5852806328">
				<ele>1507.3</ele>
				<time>1970-01-01T01:00:00+01:00</time>
				<extensions>
					<swisstopo:routepoint_id>368261184</swisstopo:routepoint_id>
				</extensions>
			</trkpt>
			<trkpt lat="46.2560000210" lon="8.5852974957">
				<ele>1508.4</ele>
				<time>1970-01-01T01:00:00+01:00</time>
				<extensions>
					<swisstopo:routepoint_id>1418766551</swisstopo:routepoint_id>
				</extensions>
			</trkpt>
			<trkpt lat="46.2560369019" lon="8.5852282820">
				<ele>1510.8</ele>
				<time>1970-01-01T01:00:00+01:00</time>
				<extensions>
					<swisstopo:routepoint_id>1504674476</swisstopo:routepoint_id>
				</extensions>
			</trkpt>
			<trkpt lat="46.2560919889" lon="8.5851484578">
				<ele>1515.0</ele>
				<time>1970-01-01T01:00:00+01:00</time>
				<extensions>
					<swisstopo:routepoint_id>1269384949</swisstopo:routepoint_id>
				</extensions>
			</trkpt>
			<trkpt lat="46.2561423340" lon="8.5850657852">
				<ele>1518.2</ele>
				<time>1970-01-01T01:00:00+01:00</time>
				<extensions>
					<swisstopo:routepoint_id>2007504997</swisstopo:routepoint_id>
				</extensions>
			</trkpt>
			<trkpt lat="46.2562514751" lon="8.5850063004">
				<ele>1526.3</ele>
				<time>1970-01-01T01:00:00+01:00</time>
				<extensions>
					<swisstopo:routepoint_id>220176121</swisstopo:routepoint_id>
				</extensions>
			</trkpt>
			<trkpt lat="46.2562759644" lon="8.5849643226">
				<ele>1527.7</ele>
				<time>1970-01-01T01:00:00+01:00</time>
				<extensions>
					<swisstopo:routepoint_id>1846982287</swisstopo:routepoint_id>
				</extensions>
			</trkpt>
			<trkpt lat="46.2563195420" lon="8.5848931595">
				<ele>1530.7</ele>
				<time>1970-01-01T01:00:00+01:00</time>
				<extensions>
					<swisstopo:routepoint_id>10253972</swisstopo:routepoint_id>
				</extensions>
			</trkpt>
			<trkpt lat="46.2563648045" lon="8.5847952943">
				<ele>1532.4</ele>
				<time>1970-01-01T01:00:00+01:00</time>
				<extensions>
					<swisstopo:routepoint_id>2134250781</swisstopo:routepoint_id>
				</extensions>
			</trkpt>
			<trkpt lat="46.2564196669" lon="8.5847367431">
				<ele>1534.9</ele>
				<time>1970-01-01T01:00:00+01:00</time>
				<extensions>
					<swisstopo:routepoint_id>1580110206</swisstopo:routepoint_id>
				</extensions>
			</trkpt>
			<trkpt lat="46.2564450764" lon="8.5847660927">
				<ele>1537.8</ele>
				<time>1970-01-01T01:00:00+01:00</time>
				<extensions>
					<swisstopo:routepoint_id>983753286</swisstopo:routepoint_id>
				</extensions>
			</trkpt>
			<trkpt lat="46.2564399020" lon="8.5848545176">
				<ele>1540.1</ele>
				<time>1970-01-01T01:00:00+01:00</time>
				<extensions>
					<swisstopo:routepoint_id>680324681</swisstopo:routepoint_id>
				</extensions>
			</trkpt>
			<trkpt lat="46.2564420387" lon="8.5849245790">
				<ele>1542.7</ele>
				<time>1970-01-01T01:00:00+01:00</time>
				<extensions>
					<swisstopo:routepoint_id>1047855312</swisstopo:routepoint_id>
				</extensions>
			</trkpt>
			<trkpt lat="46.2564628159" lon="8.5849888395">
				<ele>1544.1</ele>
				<time>1970-01-01T01:00:00+01:00</time>
				<extensions>
					<swisstopo:routepoint_id>1932752343</swisstopo:routepoint_id>
				</extensions>
			</trkpt>
			<trkpt lat="46.2565022279" lon="8.5850452597">
				<ele>1548.2</ele>
				<time>1970-01-01T01:00:00+01:00</time>
				<extensions>
					<swisstopo:routepoint_id>1064218606</swisstopo:routepoint_id>
				</extensions>
			</trkpt>
			<trkpt lat="46.2565361476" lon="8.5850809823">
				<ele>1551.6</ele>
				<time>1970-01-01T01:00:00+01:00</time>
				<extensions>
					<swisstopo:routepoint_id>716878909</swisstopo:routepoint_id>
				</extensions>
			</trkpt>
			<trkpt lat="46.2565471702" lon="8.5851203392">
				<ele>1553.2</ele>
				<time>1970-01-01T01:00:00+01:00</time>
				<extensions>
					<swisstopo:routepoint_id>1490435052</swisstopo:routepoint_id>
				</extensions>
			</trkpt>
			<trkpt lat="46.2565421207" lon="8.5851964050">
				<ele>1554.1</ele>
				<time>1970-01-01T01:00:00+01:00</time>
				<extensions>
					<swisstopo:routepoint_id>1902718799</swisstopo:routepoint_id>
				</extensions>
			</trkpt>
			<trkpt lat="46.2565673422" lon="8.5852443064">
				<ele>1556.2</ele>
				<time>1970-01-01T01:00:00+01:00</time>
				<extensions>
					<swisstopo:routepoint_id>1038158435</swisstopo:routepoint_id>
				</extensions>
			</trkpt>
			<trkpt lat="46.2565915504" lon="8.5852509845">
				<ele>1558.5</ele>
				<time>1970-01-01T01:00:00+01:00</time>
				<extensions>
					<swisstopo:routepoint_id>1777058869</swisstopo:routepoint_id>
				</extensions>
			</trkpt>
			<trkpt lat="46.2566257150" lon="8.5852620023">
				<ele>1561.7</ele>
				<time>1970-01-01T01:00:00+01:00</time>
				<extensions>
					<swisstopo:routepoint_id>1717848604</swisstopo:routepoint_id>
				</extensions>
			</trkpt>
			<trkpt lat="46.2566539605" lon="8.5852934782">
				<ele>1564.2</ele>
				<time>1970-01-01T01:00:00+01:00</time>
				<extensions>
					<swisstopo:routepoint_id>631659400</swisstopo:routepoint_id>
				</extensions>
			</trkpt>
			<trkpt lat="46.2566863704" lon="8.5853374021">
				<ele>1566.9</ele>
				<time>1970-01-01T01:00:00+01:00</time>
				<extensions>
					<swisstopo:routepoint_id>1614191385</swisstopo:routepoint_id>
				</extensions>
			</trkpt>
			<trkpt lat="46.2567235963" lon="8.5853278882">
				<ele>1569.2</ele>
				<time>1970-01-01T01:00:00+01:00</time>
				<extensions>
					<swisstopo:routepoint_id>1640039219</swisstopo:routepoint_id>
				</extensions>
			</trkpt>
			<trkpt lat="46.2567382335" lon="8.5852931913">
				<ele>1570.8</ele>
				<time>1970-01-01T01:00:00+01:00</time>
				<extensions>
					<swisstopo:routepoint_id>70292784</swisstopo:routepoint_id>
				</extensions>
			</trkpt>
			<trkpt lat="46.2567616018" lon="8.5852422064">
				<ele>1572.4</ele>
				<time>1970-01-01T01:00:00+01:00</time>
				<extensions>
					<swisstopo:routepoint_id>1551535526</swisstopo:routepoint_id>
				</extensions>
			</trkpt>
			<trkpt lat="46.2567991196" lon="8.5852038797">
				<ele>1575.1</ele>
				<time>1970-01-01T01:00:00+01:00</time>
				<extensions>
					<swisstopo:routepoint_id>1902648396</swisstopo:routepoint_id>
				</extensions>
			</trkpt>
			<trkpt lat="46.2568367285" lon="8.5851573189">
				<ele>1577.4</ele>
				<time>1970-01-01T01:00:00+01:00</time>
				<extensions>
					<swisstopo:routepoint_id>1985646988</swisstopo:routepoint_id>
				</extensions>
			</trkpt>
			<trkpt lat="46.2568759471" lon="8.5850922579">
				<ele>1579.3</ele>
				<time>1970-01-01T01:00:00+01:00</time>
				<extensions>
					<swisstopo:routepoint_id>1180742885</swisstopo:routepoint_id>
				</extensions>
			</trkpt>
			<trkpt lat="46.2569021755" lon="8.5850413330">
				<ele>1580.1</ele>
				<time>1970-01-01T01:00:00+01:00</time>
				<extensions>
					<swisstopo:routepoint_id>570707744</swisstopo:routepoint_id>
				</extensions>
			</trkpt>
			<trkpt lat="46.2569338345" lon="8.5850172917">
				<ele>1582.3</ele>
				<time>1970-01-01T01:00:00+01:00</time>
				<extensions>
					<swisstopo:routepoint_id>724650810</swisstopo:routepoint_id>
				</extensions>
			</trkpt>
			<trkpt lat="46.2569594998" lon="8.5850219439">
				<ele>1584.4</ele>
				<time>1970-01-01T01:00:00+01:00</time>
				<extensions>
					<swisstopo:routepoint_id>1246359883</swisstopo:routepoint_id>
				</extensions>
			</trkpt>
			<trkpt lat="46.2569836421" lon="8.5850348127">
				<ele>1586.5</ele>
				<time>1970-01-01T01:00:00+01:00</time>
				<extensions>
					<swisstopo:routepoint_id>1558745202</swisstopo:routepoint_id>
				</extensions>
			</trkpt>
			<trkpt lat="46.2569933307" lon="8.5850658979">
				<ele>1588.1</ele>
				<time>1970-01-01T01:00:00+01:00</time>
				<extensions>
					<swisstopo:routepoint_id>1284498354</swisstopo:routepoint_id>
				</extensions>
			</trkpt>
			<trkpt lat="46.2570181944" lon="8.5851487809">
				<ele>1591.2</ele>
				<time>1970-01-01T01:00:00+01:00</time>
				<extensions>
					<swisstopo:routepoint_id>1569886309</swisstopo:routepoint_id>
				</extensions>
			</trkpt>
			<trkpt lat="46.2570531221" lon="8.5852257013">
				<ele>1595.2</ele>
				<time>1970-01-01T01:00:00+01:00</time>
				<extensions>
					<swisstopo:routepoint_id>1997251025</swisstopo:routepoint_id>
				</extensions>
			</trkpt>
			<trkpt lat="46.2570951405" lon="8.5853068837">
				<ele>1599.5</ele>
				<time>1970-01-01T01:00:00+01:00</time>
				<extensions>
					<swisstopo:routepoint_id>233408988</swisstopo:routepoint_id>
				</extensions>
			</trkpt>
			<trkpt lat="46.2570988054" lon="8.5853687366">
				<ele>1601.6</ele>
				<time>1970-01-01T01:00:00+01:00</time>
				<extensions>
					<swisstopo:routepoint_id>266872081</swisstopo:routepoint_id>
				</extensions>
			</trkpt>
			<trkpt lat="46.2571204836" lon="8.5854844953">
				<ele>1605.3</ele>
				<time>1970-01-01T01:00:00+01:00</time>
				<extensions>
					<swisstopo:routepoint_id>1173984334</swisstopo:routepoint_id>
				</extensions>
			</trkpt>
			<trkpt lat="46.2571128614" lon="8.5855316879">
				<ele>1606.2</ele>
				<time>1970-01-01T01:00:00+01:00</time>
				<extensions>
					<swisstopo:routepoint_id>1453926100</swisstopo:routepoint_id>
				</extensions>
			</trkpt>
			<trkpt lat="46.2571245773" lon="8.5856059807">
				<ele>1608.1</ele>
				<time>1970-01-01T01:00:00+01:00</time>
				<extensions>
					<swisstopo:routepoint_id>532254893</swisstopo:routepoint_id>
				</extensions>
			</trkpt>
			<trkpt lat="46.2571045932" lon="8.5856427048">
				<ele>1609.5</ele>
				<time>1970-01-01T01:00:00+01:00</time>
				<extensions>
					<swisstopo:routepoint_id>1198484590</swisstopo:routepoint_id>
				</extensions>
			</trkpt>
			<trkpt lat="46.2570421520" lon="8.5857443313">
				<ele>1612.7</ele>
				<time>1970-01-01T01:00:00+01:00</time>
				<extensions>
					<swisstopo:routepoint_id>1763589723</swisstopo:routepoint_id>
				</extensions>
			</trkpt>
			<trkpt lat="46.2570101501" lon="8.5858013082">
				<ele>1615.4</ele>
				<time>1970-01-01T01:00:00+01:00</time>
				<extensions>
					<swisstopo:routepoint_id>330976403</swisstopo:routepoint_id>
				</extensions>
			</trkpt>
			<trkpt lat="46.2569883572" lon="8.5858379173">
				<ele>1617.8</ele>
				<time>1970-01-01T01:00:00+01:00</time>
				<extensions>
					<swisstopo:routepoint_id>442317291</swisstopo:routepoint_id>
				</extensions>
			</trkpt>
			<trkpt lat="46.2569625141" lon="8.5858517817">
				<ele>1618.7</ele>
				<time>1970-01-01T01:00:00+01:00</time>
				<extensions>
					<swisstopo:routepoint_id>1308983455</swisstopo:routepoint_id>
				</extensions>
			</trkpt>
			<trkpt lat="46.2569350227" lon="8.5858862084">
				<ele>1619.5</ele>
				<time>1970-01-01T01:00:00+01:00</time>
				<extensions>
					<swisstopo:routepoint_id>1826204122</swisstopo:routepoint_id>
				</extensions>
			</trkpt>
			<trkpt lat="46.2569189832" lon="8.5859188136">
				<ele>1620.4</ele>
				<time>1970-01-01T01:00:00+01:00</time>
				<extensions>
					<swisstopo:routepoint_id>1860859831</swisstopo:routepoint_id>
				</extensions>
			</trkpt>
			<trkpt lat="46.2569111532" lon="8.5859865845">
				<ele>1622.7</ele>
				<time>1970-01-01T01:00:00+01:00</time>
				<extensions>
					<swisstopo:routepoint_id>184870194</swisstopo:routepoint_id>
				</extensions>
			</trkpt>
			<trkpt lat="46.2569134497" lon="8.5860422353">
				<ele>1624.2</ele>
				<time>1970-01-01T01:00:00+01:00</time>
				<extensions>
					<swisstopo:routepoint_id>406499035</swisstopo:routepoint_id>
				</extensions>
			</trkpt>
			<trkpt lat="46.2569201526" lon="8.5860856046">
				<ele>1625.4</ele>
				<time>1970-01-01T01:00:00+01:00</time>
				<extensions>
					<swisstopo:routepoint_id>162867484</swisstopo:routepoint_id>
				</extensions>
			</trkpt>
			<trkpt lat="46.2569096708" lon="8.5861327501">
				<ele>1627.0</ele>
				<time>1970-01-01T01:00:00+01:00</time>
				<extensions>
					<swisstopo:routepoint_id>77809385</swisstopo:routepoint_id>
				</extensions>
			</trkpt>
			<trkpt lat="46.2568907124" lon="8.5861613379">
				<ele>1628.0</ele>
				<time>1970-01-01T01:00:00+01:00</time>
				<extensions>
					<swisstopo:routepoint_id>561366615</swisstopo:routepoint_id>
				</extensions>
			</trkpt>
			<trkpt lat="46.2568653490" lon="8.5861829036">
				<ele>1628.8</ele>
				<time>1970-01-01T01:00:00+01:00</time>
				<extensions>
					<swisstopo:routepoint_id>62655859</swisstopo:routepoint_id>
				</extensions>
			</trkpt>
			<trkpt lat="46.2568240456" lon="8.5862069094">
				<ele>1629.2</ele>
				<time>1970-01-01T01:00:00+01:00</time>
				<extensions>
					<swisstopo:routepoint_id>1884874470</swisstopo:routepoint_id>
				</extensions>
			</trkpt>
			<trkpt lat="46.2567911313" lon="8.5862250868">
				<ele>1629.6</ele>
				<time>1970-01-01T01:00:00+01:00</time>
				<extensions>
					<swisstopo:routepoint_id>232129444</swisstopo:routepoint_id>
				</extensions>
			</trkpt>
			<trkpt lat="46.2567533897" lon="8.5862491669">
				<ele>1630.9</ele>
				<time>1970-01-01T01:00:00+01:00</time>
				<extensions>
					<swisstopo:routepoint_id>370792641</swisstopo:routepoint_id>
				</extensions>
			</trkpt>
			<trkpt lat="46.2567417968" lon="8.5862780919">
				<ele>1631.5</ele>
				<time>1970-01-01T01:00:00+01:00</time>
				<extensions>
					<swisstopo:routepoint_id>1331940652</swisstopo:routepoint_id>
				</extensions>
			</trkpt>
			<trkpt lat="46.2567307111" lon="8.5863163394">
				<ele>1632.9</ele>
				<time>1970-01-01T01:00:00+01:00</time>
				<extensions>
					<swisstopo:routepoint_id>1260996178</swisstopo:routepoint_id>
				</extensions>
			</trkpt>
			<trkpt lat="46.2567329657" lon="8.5863761001">
				<ele>1634.8</ele>
				<time>1970-01-01T01:00:00+01:00</time>
				<extensions>
					<swisstopo:routepoint_id>2081866650</swisstopo:routepoint_id>
				</extensions>
			</trkpt>
			<trkpt lat="46.2567296878" lon="8.5864172101">
				<ele>1635.5</ele>
				<time>1970-01-01T01:00:00+01:00</time>
				<extensions>
					<swisstopo:routepoint_id>1159446189</swisstopo:routepoint_id>
				</extensions>
			</trkpt>
			<trkpt lat="46.2567175347" lon="8.5864890146">
				<ele>1636.0</ele>
				<time>1970-01-01T01:00:00+01:00</time>
				<extensions>
					<swisstopo:routepoint_id>1587636104</swisstopo:routepoint_id>
				</extensions>
			</trkpt>
			<trkpt lat="46.2566953657" lon="8.5865626692">
				<ele>1637.3</ele>
				<time>1970-01-01T01:00:00+01:00</time>
				<extensions>
					<swisstopo:routepoint_id>1823957221</swisstopo:routepoint_id>
				</extensions>
			</trkpt>
			<trkpt lat="46.2566397021" lon="8.5866994428">
				<ele>1638.7</ele>
				<time>1970-01-01T01:00:00+01:00</time>
				<extensions>
					<swisstopo:routepoint_id>1708977825</swisstopo:routepoint_id>
				</extensions>
			</trkpt>
			<trkpt lat="46.2566135234" lon="8.5867462561">
				<ele>1639.4</ele>
				<time>1970-01-01T01:00:00+01:00</time>
				<extensions>
					<swisstopo:routepoint_id>1051089366</swisstopo:routepoint_id>
				</extensions>
			</trkpt>
			<trkpt lat="46.2565790247" lon="8.5867681734">
				<ele>1640.3</ele>
				<time>1970-01-01T01:00:00+01:00</time>
				<extensions>
					<swisstopo:routepoint_id>1303014228</swisstopo:routepoint_id>
				</extensions>
			</trkpt>
			<trkpt lat="46.2565429029" lon="8.5868085888">
				<ele>1640.4</ele>
				<time>1970-01-01T01:00:00+01:00</time>
				<extensions>
					<swisstopo:routepoint_id>823266691</swisstopo:routepoint_id>
				</extensions>
			</trkpt>
			<trkpt lat="46.2565094631" lon="8.5868676027">
				<ele>1641.1</ele>
				<time>1970-01-01T01:00:00+01:00</time>
				<extensions>
					<swisstopo:routepoint_id>926966536</swisstopo:routepoint_id>
				</extensions>
			</trkpt>
			<trkpt lat="46.2564756595" lon="8.5869615918">
				<ele>1641.9</ele>
				<time>1970-01-01T01:00:00+01:00</time>
				<extensions>
					<swisstopo:routepoint_id>1882100836</swisstopo:routepoint_id>
				</extensions>
			</trkpt>
			<trkpt lat="46.2564463511" lon="8.5870350937">
				<ele>1640.6</ele>
				<time>1970-01-01T01:00:00+01:00</time>
				<extensions>
					<swisstopo:routepoint_id>2122983391</swisstopo:routepoint_id>
				</extensions>
			</trkpt>
			<trkpt lat="46.2564185911" lon="8.5870962790">
				<ele>1639.2</ele>
				<time>1970-01-01T01:00:00+01:00</time>
				<extensions>
					<swisstopo:routepoint_id>1837820025</swisstopo:routepoint_id>
				</extensions>
			</trkpt>
			<trkpt lat="46.2563735354" lon="8.5871735649">
				<ele>1636.9</ele>
				<time>1970-01-01T01:00:00+01:00</time>
				<extensions>
					<swisstopo:routepoint_id>201278490</swisstopo:routepoint_id>
				</extensions>
			</trkpt>
			<trkpt lat="46.2563572448" lon="8.5872308757">
				<ele>1636.3</ele>
				<time>1970-01-01T01:00:00+01:00</time>
				<extensions>
					<swisstopo:routepoint_id>756167299</swisstopo:routepoint_id>
				</extensions>
			</trkpt>
			<trkpt lat="46.2563450228" lon="8.5873088669">
				<ele>1635.7</ele>
				<time>1970-01-01T01:00:00+01:00</time>
				<extensions>
					<swisstopo:routepoint_id>454606267</swisstopo:routepoint_id>
				</extensions>
			</trkpt>
			<trkpt lat="46.2563296954" lon="8.5874114781">
				<ele>1636.6</ele>
				<time>1970-01-01T01:00:00+01:00</time>
				<extensions>
					<swisstopo:routepoint_id>652255929</swisstopo:routepoint_id>
				</extensions>
			</trkpt>
			<trkpt lat="46.2563158919" lon="8.5875059014">
				<ele>1637.7</ele>
				<time>1970-01-01T01:00:00+01:00</time>
				<extensions>
					<swisstopo:routepoint_id>728941107</swisstopo:routepoint_id>
				</extensions>
			</trkpt>
			<trkpt lat="46.2563050092" lon="8.5875921408">
				<ele>1638.4</ele>
				<time>1970-01-01T01:00:00+01:00</time>
				<extensions>
					<swisstopo:routepoint_id>1124113261</swisstopo:routepoint_id>
				</extensions>
			</trkpt>
			<trkpt lat="46.2562888856" lon="8.5876329895">
				<ele>1638.0</ele>
				<time>1970-01-01T01:00:00+01:00</time>
				<extensions>
					<swisstopo:routepoint_id>1419705087</swisstopo:routepoint_id>
				</extensions>
			</trkpt>
			<trkpt lat="46.2562499154" lon="8.5876733432">
				<ele>1636.6</ele>
				<time>1970-01-01T01:00:00+01:00</time>
				<extensions>
					<swisstopo:routepoint_id>1697992347</swisstopo:routepoint_id>
				</extensions>
			</trkpt>
			<trkpt lat="46.2562190493" lon="8.5877591733">
				<ele>1636.0</ele>
				<time>1970-01-01T01:00:00+01:00</time>
				<extensions>
					<swisstopo:routepoint_id>107060809</swisstopo:routepoint_id>
				</extensions>
			</trkpt>
			<trkpt lat="46.2561982298" lon="8.5878410864">
				<ele>1636.6</ele>
				<time>1970-01-01T01:00:00+01:00</time>
				<extensions>
					<swisstopo:routepoint_id>1992616067</swisstopo:routepoint_id>
				</extensions>
			</trkpt>
			<trkpt lat="46.2561760115" lon="8.5879188535">
				<ele>1638.6</ele>
				<time>1970-01-01T01:00:00+01:00</time>
				<extensions>
					<swisstopo:routepoint_id>100211625</swisstopo:routepoint_id>
				</extensions>
			</trkpt>
			<trkpt lat="46.2561367276" lon="8.5879900793">
				<ele>1637.9</ele>
				<time>1970-01-01T01:00:00+01:00</time>
				<extensions>
					<swisstopo:routepoint_id>340418563</swisstopo:routepoint_id>
				</extensions>
			</trkpt>
			<trkpt lat="46.2561086202" lon="8.5880862645">
				<ele>1637.9</ele>
				<time>1970-01-01T01:00:00+01:00</time>
				<extensions>
					<swisstopo:routepoint_id>329237171</swisstopo:routepoint_id>
				</extensions>
			</trkpt>
			<trkpt lat="46.2560743345" lon="8.5882275991">
				<ele>1637.6</ele>
				<time>1970-01-01T01:00:00+01:00</time>
				<extensions>
					<swisstopo:routepoint_id>1839346866</swisstopo:routepoint_id>
				</extensions>
			</trkpt>
			<trkpt lat="46.2560432587" lon="8.5883340186">
				<ele>1639.3</ele>
				<time>1970-01-01T01:00:00+01:00</time>
				<extensions>
					<swisstopo:routepoint_id>552933818</swisstopo:routepoint_id>
				</extensions>
			</trkpt>
			<trkpt lat="46.2560118901" lon="8.5884692462">
				<ele>1640.0</ele>
				<time>1970-01-01T01:00:00+01:00</time>
				<extensions>
					<swisstopo:routepoint_id>1118616914</swisstopo:routepoint_id>
				</extensions>
			</trkpt>
			<trkpt lat="46.2559632586" lon="8.5886164581">
				<ele>1640.8</ele>
				<time>1970-01-01T01:00:00+01:00</time>
				<extensions>
					<swisstopo:routepoint_id>436409639</swisstopo:routepoint_id>
				</extensions>
			</trkpt>
			<trkpt lat="46.2559125133" lon="8.5886915700">
				<ele>1639.0</ele>
				<time>1970-01-01T01:00:00+01:00</time>
				<extensions>
					<swisstopo:routepoint_id>172494463</swisstopo:routepoint_id>
				</extensions>
			</trkpt>
			<trkpt lat="46.2558587369" lon="8.5887830957">
				<ele>1638.0</ele>
				<time>1970-01-01T01:00:00+01:00</time>
				<extensions>
					<swisstopo:routepoint_id>1820843722</swisstopo:routepoint_id>
				</extensions>
			</trkpt>
			<trkpt lat="46.2558149236" lon="8.5888789355">
				<ele>1637.6</ele>
				<time>1970-01-01T01:00:00+01:00</time>
				<extensions>
					<swisstopo:routepoint_id>257909428</swisstopo:routepoint_id>
				</extensions>
			</trkpt>
			<trkpt lat="46.2557954338" lon="8.5889691083">
				<ele>1638.2</ele>
				<time>1970-01-01T01:00:00+01:00</time>
				<extensions>
					<swisstopo:routepoint_id>1597952012</swisstopo:routepoint_id>
				</extensions>
			</trkpt>
			<trkpt lat="46.2557858230" lon="8.5890718516">
				<ele>1640.7</ele>
				<time>1970-01-01T01:00:00+01:00</time>
				<extensions>
					<swisstopo:routepoint_id>536546737</swisstopo:routepoint_id>
				</extensions>
			</trkpt>
			<trkpt lat="46.2557595349" lon="8.5892689558">
				<ele>1645.1</ele>
				<time>1970-01-01T01:00:00+01:00</time>
				<extensions>
					<swisstopo:routepoint_id>520942993</swisstopo:routepoint_id>
				</extensions>
			</trkpt>
			<trkpt lat="46.2557424896" lon="8.5894003561">
				<ele>1645.3</ele>
				<time>1970-01-01T01:00:00+01:00</time>
				<extensions>
					<swisstopo:routepoint_id>885711134</swisstopo:routepoint_id>
				</extensions>
			</trkpt>
			<trkpt lat="46.2557485210" lon="8.5895096106">
				<ele>1645.6</ele>
				<time>1970-01-01T01:00:00+01:00</time>
				<extensions>
					<swisstopo:routepoint_id>124122830</swisstopo:routepoint_id>
				</extensions>
			</trkpt>
			<trkpt lat="46.2557351467" lon="8.5895608137">
				<ele>1646.3</ele>
				<time>1970-01-01T01:00:00+01:00</time>
				<extensions>
					<swisstopo:routepoint_id>1568397040</swisstopo:routepoint_id>
				</extensions>
			</trkpt>
			<trkpt lat="46.2557500145" lon="8.5896434799">
				<ele>1646.6</ele>
				<time>1970-01-01T01:00:00+01:00</time>
				<extensions>
					<swisstopo:routepoint_id>847766947</swisstopo:routepoint_id>
				</extensions>
			</trkpt>
			<trkpt lat="46.2557874207" lon="8.5897698761">
				<ele>1645.8</ele>
				<time>1970-01-01T01:00:00+01:00</time>
				<extensions>
					<swisstopo:routepoint_id>1236630159</swisstopo:routepoint_id>
				</extensions>
			</trkpt>
			<trkpt lat="46.2557602268" lon="8.5897873622">
				<ele>1645.7</ele>
				<time>1970-01-01T01:00:00+01:00</time>
				<extensions>
					<swisstopo:routepoint_id>1680822346</swisstopo:routepoint_id>
				</extensions>
			</trkpt>
			<trkpt lat="46.2557319189" lon="8.5898210747">
				<ele>1647.0</ele>
				<time>1970-01-01T01:00:00+01:00</time>
				<extensions>
					<swisstopo:routepoint_id>1366816092</swisstopo:routepoint_id>
				</extensions>
			</trkpt>
			<trkpt lat="46.2557089951" lon="8.5898514814">
				<ele>1647.9</ele>
				<time>1970-01-01T01:00:00+01:00</time>
				<extensions>
					<swisstopo:routepoint_id>1383213757</swisstopo:routepoint_id>
				</extensions>
			</trkpt>
			<trkpt lat="46.2556816065" lon="8.5899096832">
				<ele>1649.2</ele>
				<time>1970-01-01T01:00:00+01:00</time>
				<extensions>
					<swisstopo:routepoint_id>1696506208</swisstopo:routepoint_id>
				</extensions>
			</trkpt>
			<trkpt lat="46.2556533630" lon="8.5900182128">
				<ele>1651.3</ele>
				<time>1970-01-01T01:00:00+01:00</time>
				<extensions>
					<swisstopo:routepoint_id>27226192</swisstopo:routepoint_id>
				</extensions>
			</trkpt>
			<trkpt lat="46.2556153958" lon="8.5900997741">
				<ele>1653.5</ele>
				<time>1970-01-01T01:00:00+01:00</time>
				<extensions>
					<swisstopo:routepoint_id>1477976654</swisstopo:routepoint_id>
				</extensions>
			</trkpt>
			<trkpt lat="46.2556462917" lon="8.5901519007">
				<ele>1656.2</ele>
				<time>1970-01-01T01:00:00+01:00</time>
				<extensions>
					<swisstopo:routepoint_id>1380034490</swisstopo:routepoint_id>
				</extensions>
			</trkpt>
			<trkpt lat="46.2556287652" lon="8.5901906413">
				<ele>1657.6</ele>
				<time>1970-01-01T01:00:00+01:00</time>
				<extensions>
					<swisstopo:routepoint_id>1178432408</swisstopo:routepoint_id>
				</extensions>
			</trkpt>
			<trkpt lat="46.2556220202" lon="8.5902913925">
				<ele>1660.3</ele>
				<time>1970-01-01T01:00:00+01:00</time>
				<extensions>
					<swisstopo:routepoint_id>1017052452</swisstopo:routepoint_id>
				</extensions>
			</trkpt>
			<trkpt lat="46.2556311570" lon="8.5903760048">
				<ele>1662.5</ele>
				<time>1970-01-01T01:00:00+01:00</time>
				<extensions>
					<swisstopo:routepoint_id>1574572667</swisstopo:routepoint_id>
				</extensions>
			</trkpt>
			<trkpt lat="46.2556280298" lon="8.5904027079">
				<ele>1663.3</ele>
				<time>1970-01-01T01:00:00+01:00</time>
				<extensions>
					<swisstopo:routepoint_id>1597780722</swisstopo:routepoint_id>
				</extensions>
			</trkpt>
			<trkpt lat="46.2555351221" lon="8.5905510333">
				<ele>1666.1</ele>
				<time>1970-01-01T01:00:00+01:00</time>
				<extensions>
					<swisstopo:routepoint_id>1914125894</swisstopo:routepoint_id>
				</extensions>
			</trkpt>
			<trkpt lat="46.2555111645" lon="8.5906596521">
				<ele>1668.8</ele>
				<time>1970-01-01T01:00:00+01:00</time>
				<extensions>
					<swisstopo:routepoint_id>1663378896</swisstopo:routepoint_id>
				</extensions>
			</trkpt>
			<trkpt lat="46.2555096552" lon="8.5908078622">
				<ele>1672.5</ele>
				<time>1970-01-01T01:00:00+01:00</time>
				<extensions>
					<swisstopo:routepoint_id>408348407</swisstopo:routepoint_id>
				</extensions>
			</trkpt>
			<trkpt lat="46.2555212392" lon="8.5909316423">
				<ele>1675.9</ele>
				<time>1970-01-01T01:00:00+01:00</time>
				<extensions>
					<swisstopo:routepoint_id>1934968393</swisstopo:routepoint_id>
				</extensions>
			</trkpt>
			<trkpt lat="46.2555042758" lon="8.5910548182">
				<ele>1679.2</ele>
				<time>1970-01-01T01:00:00+01:00</time>
				<extensions>
					<swisstopo:routepoint_id>1358103905</swisstopo:routepoint_id>
				</extensions>
			</trkpt>
			<trkpt lat="46.2555331943" lon="8.5911604320">
				<ele>1682.9</ele>
				<time>1970-01-01T01:00:00+01:00</time>
				<extensions>
					<swisstopo:routepoint_id>1402937227</swisstopo:routepoint_id>
				</extensions>
			</trkpt>
			<trkpt lat="46.2555147778" lon="8.5912856392">
				<ele>1684.8</ele>
				<time>1970-01-01T01:00:00+01:00</time>
				<extensions>
					<swisstopo:routepoint_id>380439355</swisstopo:routepoint_id>
				</extensions>
			</trkpt>
			<trkpt lat="46.2555164580" lon="8.5914009741">
				<ele>1687.7</ele>
				<time>1970-01-01T01:00:00+01:00</time>
				<extensions>
					<swisstopo:routepoint_id>1445256840</swisstopo:routepoint_id>
				</extensions>
			</trkpt>
			<trkpt lat="46.2555429794" lon="8.5916012541">
				<ele>1691.9</ele>
				<time>1970-01-01T01:00:00+01:00</time>
				<extensions>
					<swisstopo:routepoint_id>178500210</swisstopo:routepoint_id>
				</extensions>
			</trkpt>
			<trkpt lat="46.2555660410" lon="8.5917211664">
				<ele>1694.1</ele>
				<time>1970-01-01T01:00:00+01:00</time>
				<extensions>
					<swisstopo:routepoint_id>722026099</swisstopo:routepoint_id>
				</extensions>
			</trkpt>
			<trkpt lat="46.2555495173" lon="8.5918011109">
				<ele>1694.9</ele>
				<time>1970-01-01T01:00:00+01:00</time>
				<extensions>
					<swisstopo:routepoint_id>1284296984</swisstopo:routepoint_id>
				</extensions>
			</trkpt>
			<trkpt lat="46.2555659620" lon="8.5918694068">
				<ele>1696.4</ele>
				<time>1970-01-01T01:00:00+01:00</time>
				<extensions>
					<swisstopo:routepoint_id>1884450083</swisstopo:routepoint_id>
				</extensions>
			</trkpt>
			<trkpt lat="46.2556017224" lon="8.5918639779">
				<ele>1697.9</ele>
				<time>1970-01-01T01:00:00+01:00</time>
				<extensions>
					<swisstopo:routepoint_id>712240877</swisstopo:routepoint_id>
				</extensions>
			</trkpt>
			<trkpt lat="46.2556346402" lon="8.5918564397">
				<ele>1698.8</ele>
				<time>1970-01-01T01:00:00+01:00</time>
				<extensions>
					<swisstopo:routepoint_id>412423907</swisstopo:routepoint_id>
				</extensions>
			</trkpt>
			<trkpt lat="46.2556668323" lon="8.5919209580">
				<ele>1701.4</ele>
				<time>1970-01-01T01:00:00+01:00</time>
				<extensions>
					<swisstopo:routepoint_id>1100029601</swisstopo:routepoint_id>
				</extensions>
			</trkpt>
			<trkpt lat="46.2557167912" lon="8.5919240657">
				<ele>1703.6</ele>
				<time>1970-01-01T01:00:00+01:00</time>
				<extensions>
					<swisstopo:routepoint_id>37944187</swisstopo:routepoint_id>
				</extensions>
			</trkpt>
			<trkpt lat="46.2557433576" lon="8.5919802294">
				<ele>1705.1</ele>
				<time>1970-01-01T01:00:00+01:00</time>
				<extensions>
					<swisstopo:routepoint_id>1034976319</swisstopo:routepoint_id>
				</extensions>
			</trkpt>
			<trkpt lat="46.2557830057" lon="8.5920140122">
				<ele>1707.3</ele>
				<time>1970-01-01T01:00:00+01:00</time>
				<extensions>
					<swisstopo:routepoint_id>2035058342</swisstopo:routepoint_id>
				</extensions>
			</trkpt>
			<trkpt lat="46.2558100089" lon="8.5921669385">
				<ele>1711.9</ele>
				<time>1970-01-01T01:00:00+01:00</time>
				<extensions>
					<swisstopo:routepoint_id>1628434503</swisstopo:routepoint_id>
				</extensions>
			</trkpt>
			<trkpt lat="46.2557784677" lon="8.5923186372">
				<ele>1715.1</ele>
				<time>1970-01-01T01:00:00+01:00</time>
				<extensions>
					<swisstopo:routepoint_id>2000900049</swisstopo:routepoint_id>
				</extensions>
			</trkpt>
			<trkpt lat="46.2557968390" lon="8.5923375473">
				<ele>1716.0</ele>
				<time>1970-01-01T01:00:00+01:00</time>
				<extensions>
					<swisstopo:routepoint_id>2131799785</swisstopo:routepoint_id>
				</extensions>
			</trkpt>
			<trkpt lat="46.2558758787" lon="8.5922898082">
				<ele>1719.2</ele>
				<time>1970-01-01T01:00:00+01:00</time>
				<extensions>
					<swisstopo:routepoint_id>1339589900</swisstopo:routepoint_id>
				</extensions>
			</trkpt>
			<trkpt lat="46.2559115970" lon="8.5922885159">
				<ele>1720.3</ele>
				<time>1970-01-01T01:00:00+01:00</time>
				<extensions>
					<swisstopo:routepoint_id>2052720751</swisstopo:routepoint_id>
				</extensions>
			</trkpt>
			<trkpt lat="46.2559704349" lon="8.5922609313">
				<ele>1722.9</ele>
				<time>1970-01-01T01:00:00+01:00</time>
				<extensions>
					<swisstopo:routepoint_id>316471718</swisstopo:routepoint_id>
				</extensions>
			</trkpt>
			<trkpt lat="46.2559860983" lon="8.5922653877">
				<ele>1723.6</ele>
				<time>1970-01-01T01:00:00+01:00</time>
				<extensions>
					<swisstopo:routepoint_id>996277432</swisstopo:routepoint_id>
				</extensions>
			</trkpt>
			<trkpt lat="46.2559870473" lon="8.5923127601">
				<ele>1724.9</ele>
				<time>1970-01-01T01:00:00+01:00</time>
				<extensions>
					<swisstopo:routepoint_id>460924202</swisstopo:routepoint_id>
				</extensions>
			</trkpt>
			<trkpt lat="46.2560024798" lon="8.5923398565">
				<ele>1726.0</ele>
				<time>1970-01-01T01:00:00+01:00</time>
				<extensions>
					<swisstopo:routepoint_id>1952945471</swisstopo:routepoint_id>
				</extensions>
			</trkpt>
			<trkpt lat="46.2560585801" lon="8.5922998668">
				<ele>1727.8</ele>
				<time>1970-01-01T01:00:00+01:00</time>
				<extensions>
					<swisstopo:routepoint_id>1728135333</swisstopo:routepoint_id>
				</extensions>
			</trkpt>
			<trkpt lat="46.2561401056" lon="8.5922892345">
				<ele>1730.6</ele>
				<time>1970-01-01T01:00:00+01:00</time>
				<extensions>
					<swisstopo:routepoint_id>1250410206</swisstopo:routepoint_id>
				</extensions>
			</trkpt>
			<trkpt lat="46.2561834811" lon="8.5922366278">
				<ele>1732.4</ele>
				<time>1970-01-01T01:00:00+01:00</time>
				<extensions>
					<swisstopo:routepoint_id>2058677419</swisstopo:routepoint_id>
				</extensions>
			</trkpt>
			<trkpt lat="46.2562208202" lon="8.5922168232">
				<ele>1733.7</ele>
				<time>1970-01-01T01:00:00+01:00</time>
				<extensions>
					<swisstopo:routepoint_id>1189432315</swisstopo:routepoint_id>
				</extensions>
			</trkpt>
			<trkpt lat="46.2562180029" lon="8.5923526602">
				<ele>1735.4</ele>
				<time>1970-01-01T01:00:00+01:00</time>
				<extensions>
					<swisstopo:routepoint_id>2126641149</swisstopo:routepoint_id>
				</extensions>
			</trkpt>
			<trkpt lat="46.2561957309" lon="8.5925491074">
				<ele>1738.4</ele>
				<time>1970-01-01T01:00:00+01:00</time>
				<extensions>
					<swisstopo:routepoint_id>305274990</swisstopo:routepoint_id>
				</extensions>
			</trkpt>
			<trkpt lat="46.2561431492" lon="8.5926360312">
				<ele>1739.7</ele>
				<time>1970-01-01T01:00:00+01:00</time>
				<extensions>
					<swisstopo:routepoint_id>1152894828</swisstopo:routepoint_id>
				</extensions>
			</trkpt>
			<trkpt lat="46.2561061258" lon="8.5927833603">
				<ele>1741.3</ele>
				<time>1970-01-01T01:00:00+01:00</time>
				<extensions>
					<swisstopo:routepoint_id>1554529038</swisstopo:routepoint_id>
				</extensions>
			</trkpt>
			<trkpt lat="46.2560726989" lon="8.5928829980">
				<ele>1742.2</ele>
				<time>1970-01-01T01:00:00+01:00</time>
				<extensions>
					<swisstopo:routepoint_id>2060330713</swisstopo:routepoint_id>
				</extensions>
			</trkpt>
			<trkpt lat="46.2560629355" lon="8.5929564328">
				<ele>1742.8</ele>
				<time>1970-01-01T01:00:00+01:00</time>
				<extensions>
					<swisstopo:routepoint_id>1224437016</swisstopo:routepoint_id>
				</extensions>
			</trkpt>
			<trkpt lat="46.2560377075" lon="8.5929706314">
				<ele>1742.4</ele>
				<time>1970-01-01T01:00:00+01:00</time>
				<extensions>
					<swisstopo:routepoint_id>1805896904</swisstopo:routepoint_id>
				</extensions>
			</trkpt>
			<trkpt lat="46.2560030447" lon="8.5930355228">
				<ele>1742.7</ele>
				<time>1970-01-01T01:00:00+01:00</time>
				<extensions>
					<swisstopo:routepoint_id>160959855</swisstopo:routepoint_id>
				</extensions>
			</trkpt>
			<trkpt lat="46.2559858109" lon="8.5931066203">
				<ele>1743.8</ele>
				<time>1970-01-01T01:00:00+01:00</time>
				<extensions>
					<swisstopo:routepoint_id>441533775</swisstopo:routepoint_id>
				</extensions>
			</trkpt>
			<trkpt lat="46.2559724864" lon="8.5931200596">
				<ele>1743.9</ele>
				<time>1970-01-01T01:00:00+01:00</time>
				<extensions>
					<swisstopo:routepoint_id>9785221</swisstopo:routepoint_id>
				</extensions>
			</trkpt>
			<trkpt lat="46.2559668897" lon="8.5931639859">
				<ele>1744.8</ele>
				<time>1970-01-01T01:00:00+01:00</time>
				<extensions>
					<swisstopo:routepoint_id>871873077</swisstopo:routepoint_id>
				</extensions>
			</trkpt>
			<trkpt lat="46.2559477124" lon="8.5931939411">
				<ele>1744.8</ele>
				<time>1970-01-01T01:00:00+01:00</time>
				<extensions>
					<swisstopo:routepoint_id>784420481</swisstopo:routepoint_id>
				</extensions>
			</trkpt>
			<trkpt lat="46.2559376858" lon="8.5933293004">
				<ele>1747.7</ele>
				<time>1970-01-01T01:00:00+01:00</time>
				<extensions>
					<swisstopo:routepoint_id>674296690</swisstopo:routepoint_id>
				</extensions>
			</trkpt>
			<trkpt lat="46.2559218623" lon="8.5934403871">
				<ele>1749.2</ele>
				<time>1970-01-01T01:00:00+01:00</time>
				<extensions>
					<swisstopo:routepoint_id>1524931235</swisstopo:routepoint_id>
				</extensions>
			</trkpt>
			<trkpt lat="46.2559205001" lon="8.5935118599">
				<ele>1749.1</ele>
				<time>1970-01-01T01:00:00+01:00</time>
				<extensions>
					<swisstopo:routepoint_id>1212454907</swisstopo:routepoint_id>
				</extensions>
			</trkpt>
			<trkpt lat="46.2559337611" lon="8.5937920782">
				<ele>1749.9</ele>
				<time>1970-01-01T01:00:00+01:00</time>
				<extensions>
					<swisstopo:routepoint_id>556993331</swisstopo:routepoint_id>
				</extensions>
			</trkpt>
			<trkpt lat="46.2559679682" lon="8.5938656417">
				<ele>1751.6</ele>
				<time>1970-01-01T01:00:00+01:00</time>
				<extensions>
					<swisstopo:routepoint_id>1181559918</swisstopo:routepoint_id>
				</extensions>
			</trkpt>
			<trkpt lat="46.2559464597" lon="8.5940163209">
				<ele>1751.5</ele>
				<time>1970-01-01T01:00:00+01:00</time>
				<extensions>
					<swisstopo:routepoint_id>2050742204</swisstopo:routepoint_id>
				</extensions>
			</trkpt>
			<trkpt lat="46.2559560563" lon="8.5940986486">
				<ele>1752.9</ele>
				<time>1970-01-01T01:00:00+01:00</time>
				<extensions>
					<swisstopo:routepoint_id>288844603</swisstopo:routepoint_id>
				</extensions>
			</trkpt>
			<trkpt lat="46.2559520314" lon="8.5941452022">
				<ele>1752.7</ele>
				<time>1970-01-01T01:00:00+01:00</time>
				<extensions>
					<swisstopo:routepoint_id>2095662946</swisstopo:routepoint_id>
				</extensions>
			</trkpt>
			<trkpt lat="46.2559163940" lon="8.5942022253">
				<ele>1753.1</ele>
				<time>1970-01-01T01:00:00+01:00</time>
				<extensions>
					<swisstopo:routepoint_id>1815328067</swisstopo:routepoint_id>
				</extensions>
			</trkpt>
			<trkpt lat="46.2558623127" lon="8.5942620992">
				<ele>1755.2</ele>
				<time>1970-01-01T01:00:00+01:00</time>
				<extensions>
					<swisstopo:routepoint_id>343312468</swisstopo:routepoint_id>
				</extensions>
			</trkpt>
			<trkpt lat="46.2558475242" lon="8.5942752089">
				<ele>1756.4</ele>
				<time>1970-01-01T01:00:00+01:00</time>
				<extensions>
					<swisstopo:routepoint_id>1591796548</swisstopo:routepoint_id>
				</extensions>
			</trkpt>
			<trkpt lat="46.2557974975" lon="8.5942890622">
				<ele>1757.5</ele>
				<time>1970-01-01T01:00:00+01:00</time>
				<extensions>
					<swisstopo:routepoint_id>511009895</swisstopo:routepoint_id>
				</extensions>
			</trkpt>
			<trkpt lat="46.2557639516" lon="8.5943666731">
				<ele>1760.2</ele>
				<time>1970-01-01T01:00:00+01:00</time>
				<extensions>
					<swisstopo:routepoint_id>1415625746</swisstopo:routepoint_id>
				</extensions>
			</trkpt>
			<trkpt lat="46.2557127168" lon="8.5943543018">
				<ele>1761.2</ele>
				<time>1970-01-01T01:00:00+01:00</time>
				<extensions>
					<swisstopo:routepoint_id>1357997644</swisstopo:routepoint_id>
				</extensions>
			</trkpt>
			<trkpt lat="46.2556341658" lon="8.5943842150">
				<ele>1763.9</ele>
				<time>1970-01-01T01:00:00+01:00</time>
				<extensions>
					<swisstopo:routepoint_id>2041751699</swisstopo:routepoint_id>
				</extensions>
			</trkpt>
			<trkpt lat="46.2555710146" lon="8.5943910581">
				<ele>1764.1</ele>
				<time>1970-01-01T01:00:00+01:00</time>
				<extensions>
					<swisstopo:routepoint_id>538703018</swisstopo:routepoint_id>
				</extensions>
			</trkpt>
			<trkpt lat="46.2554811299" lon="8.5945052530">
				<ele>1766.0</ele>
				<time>1970-01-01T01:00:00+01:00</time>
				<extensions>
					<swisstopo:routepoint_id>1271252705</swisstopo:routepoint_id>
				</extensions>
			</trkpt>
			<trkpt lat="46.2554564028" lon="8.5945830511">
				<ele>1768.1</ele>
				<time>1970-01-01T01:00:00+01:00</time>
				<extensions>
					<swisstopo:routepoint_id>1753402429</swisstopo:routepoint_id>
				</extensions>
			</trkpt>
			<trkpt lat="46.2554245781" lon="8.5946031135">
				<ele>1767.8</ele>
				<time>1970-01-01T01:00:00+01:00</time>
				<extensions>
					<swisstopo:routepoint_id>36537487</swisstopo:routepoint_id>
				</extensions>
			</trkpt>
			<trkpt lat="46.2553963461" lon="8.5947212501">
				<ele>1770.5</ele>
				<time>1970-01-01T01:00:00+01:00</time>
				<extensions>
					<swisstopo:routepoint_id>572112111</swisstopo:routepoint_id>
				</extensions>
			</trkpt>
			<trkpt lat="46.2553934554" lon="8.5947762961">
				<ele>1772.3</ele>
				<time>1970-01-01T01:00:00+01:00</time>
				<extensions>
					<swisstopo:routepoint_id>392427925</swisstopo:routepoint_id>
				</extensions>
			</trkpt>
			<trkpt lat="46.2553648133" lon="8.5948589005">
				<ele>1774.4</ele>
				<time>1970-01-01T01:00:00+01:00</time>
				<extensions>
					<swisstopo:routepoint_id>2075941459</swisstopo:routepoint_id>
				</extensions>
			</trkpt>
			<trkpt lat="46.2553468290" lon="8.5948829661">
				<ele>1774.7</ele>
				<time>1970-01-01T01:00:00+01:00</time>
				<extensions>
					<swisstopo:routepoint_id>1896115782</swisstopo:routepoint_id>
				</extensions>
			</trkpt>
			<trkpt lat="46.2553525606" lon="8.5949247587">
				<ele>1775.6</ele>
				<time>1970-01-01T01:00:00+01:00</time>
				<extensions>
					<swisstopo:routepoint_id>1899370858</swisstopo:routepoint_id>
				</extensions>
			</trkpt>
			<trkpt lat="46.2553547787" lon="8.5950068771">
				<ele>1777.6</ele>
				<time>1970-01-01T01:00:00+01:00</time>
				<extensions>
					<swisstopo:routepoint_id>782903241</swisstopo:routepoint_id>
				</extensions>
			</trkpt>
			<trkpt lat="46.2553124763" lon="8.5950695551">
				<ele>1779.8</ele>
				<time>1970-01-01T01:00:00+01:00</time>
				<extensions>
					<swisstopo:routepoint_id>1796111682</swisstopo:routepoint_id>
				</extensions>
			</trkpt>
			<trkpt lat="46.2552988154" lon="8.5951218949">
				<ele>1781.2</ele>
				<time>1970-01-01T01:00:00+01:00</time>
				<extensions>
					<swisstopo:routepoint_id>1436570426</swisstopo:routepoint_id>
				</extensions>
			</trkpt>
			<trkpt lat="46.2552339122" lon="8.5952072950">
				<ele>1783.3</ele>
				<time>1970-01-01T01:00:00+01:00</time>
				<extensions>
					<swisstopo:routepoint_id>1804596942</swisstopo:routepoint_id>
				</extensions>
			</trkpt>
			<trkpt lat="46.2552311626" lon="8.5952476495">
				<ele>1785.0</ele>
				<time>1970-01-01T01:00:00+01:00</time>
				<extensions>
					<swisstopo:routepoint_id>1482972179</swisstopo:routepoint_id>
				</extensions>
			</trkpt>
			<trkpt lat="46.2551334737" lon="8.5953714685">
				<ele>1788.3</ele>
				<time>1970-01-01T01:00:00+01:00</time>
				<extensions>
					<swisstopo:routepoint_id>1494425490</swisstopo:routepoint_id>
				</extensions>
			</trkpt>
			<trkpt lat="46.2551088712" lon="8.5954370121">
				<ele>1790.5</ele>
				<time>1970-01-01T01:00:00+01:00</time>
				<extensions>
					<swisstopo:routepoint_id>1719449222</swisstopo:routepoint_id>
				</extensions>
			</trkpt>
			<trkpt lat="46.2550658669" lon="8.5954935532">
				<ele>1792.0</ele>
				<time>1970-01-01T01:00:00+01:00</time>
				<extensions>
					<swisstopo:routepoint_id>117303359</swisstopo:routepoint_id>
				</extensions>
			</trkpt>
			<trkpt lat="46.2550740675" lon="8.5955207038">
				<ele>1792.9</ele>
				<time>1970-01-01T01:00:00+01:00</time>
				<extensions>
					<swisstopo:routepoint_id>343371317</swisstopo:routepoint_id>
				</extensions>
			</trkpt>
			<trkpt lat="46.2550986316" lon="8.5955310827">
				<ele>1793.6</ele>
				<time>1970-01-01T01:00:00+01:00</time>
				<extensions>
					<swisstopo:routepoint_id>1309196351</swisstopo:routepoint_id>
				</extensions>
			</trkpt>
			<trkpt lat="46.2550718153" lon="8.5955880193">
				<ele>1795.3</ele>
				<time>1970-01-01T01:00:00+01:00</time>
				<extensions>
					<swisstopo:routepoint_id>268148728</swisstopo:routepoint_id>
				</extensions>
			</trkpt>
			<trkpt lat="46.2550538880" lon="8.5956528876">
				<ele>1797.3</ele>
				<time>1970-01-01T01:00:00+01:00</time>
				<extensions>
					<swisstopo:routepoint_id>1233380619</swisstopo:routepoint_id>
				</extensions>
			</trkpt>
			<trkpt lat="46.2550661133" lon="8.5957091495">
				<ele>1799.4</ele>
				<time>1970-01-01T01:00:00+01:00</time>
				<extensions>
					<swisstopo:routepoint_id>235414137</swisstopo:routepoint_id>
				</extensions>
			</trkpt>
			<trkpt lat="46.2550410390" lon="8.5957589638">
				<ele>1801.1</ele>
				<time>1970-01-01T01:00:00+01:00</time>
				<extensions>
					<swisstopo:routepoint_id>2093015783</swisstopo:routepoint_id>
				</extensions>
			</trkpt>
			<trkpt lat="46.2550346857" lon="8.5958054670">
				<ele>1802.5</ele>
				<time>1970-01-01T01:00:00+01:00</time>
				<extensions>
					<swisstopo:routepoint_id>503866398</swisstopo:routepoint_id>
				</extensions>
			</trkpt>
			<trkpt lat="46.2550589925" lon="8.5958246859">
				<ele>1803.5</ele>
				<time>1970-01-01T01:00:00+01:00</time>
				<extensions>
					<swisstopo:routepoint_id>1304318172</swisstopo:routepoint_id>
				</extensions>
			</trkpt>
			<trkpt lat="46.2551301736" lon="8.5958281832">
				<ele>1805.8</ele>
				<time>1970-01-01T01:00:00+01:00</time>
				<extensions>
					<swisstopo:routepoint_id>1075170369</swisstopo:routepoint_id>
				</extensions>
			</trkpt>
			<trkpt lat="46.2551610170" lon="8.5958886154">
				<ele>1808.1</ele>
				<time>1970-01-01T01:00:00+01:00</time>
				<extensions>
					<swisstopo:routepoint_id>233798904</swisstopo:routepoint_id>
				</extensions>
			</trkpt>
			<trkpt lat="46.2551076175" lon="8.5959676313">
				<ele>1810.3</ele>
				<time>1970-01-01T01:00:00+01:00</time>
				<extensions>
					<swisstopo:routepoint_id>616741843</swisstopo:routepoint_id>
				</extensions>
			</trkpt>
			<trkpt lat="46.2552180852" lon="8.5960075008">
				<ele>1814.0</ele>
				<time>1970-01-01T01:00:00+01:00</time>
				<extensions>
					<swisstopo:routepoint_id>876922728</swisstopo:routepoint_id>
				</extensions>
			</trkpt>
			<trkpt lat="46.2552337873" lon="8.5960657047">
				<ele>1816.1</ele>
				<time>1970-01-01T01:00:00+01:00</time>
				<extensions>
					<swisstopo:routepoint_id>86744939</swisstopo:routepoint_id>
				</extensions>
			</trkpt>
			<trkpt lat="46.2553357326" lon="8.5960325952">
				<ele>1819.4</ele>
				<time>1970-01-01T01:00:00+01:00</time>
				<extensions>
					<swisstopo:routepoint_id>288349270</swisstopo:routepoint_id>
				</extensions>
			</trkpt>
			<trkpt lat="46.2553351733" lon="8.5960829696">
				<ele>1820.3</ele>
				<time>1970-01-01T01:00:00+01:00</time>
				<extensions>
					<swisstopo:routepoint_id>502165530</swisstopo:routepoint_id>
				</extensions>
			</trkpt>
			<trkpt lat="46.2554041500" lon="8.5960752281">
				<ele>1823.9</ele>
				<time>1970-01-01T01:00:00+01:00</time>
				<extensions>
					<swisstopo:routepoint_id>699140594</swisstopo:routepoint_id>
				</extensions>
			</trkpt>
			<trkpt lat="46.2555574444" lon="8.5960433140">
				<ele>1830.8</ele>
				<time>1970-01-01T01:00:00+01:00</time>
				<extensions>
					<swisstopo:routepoint_id>1360974504</swisstopo:routepoint_id>
				</extensions>
			</trkpt>
			<trkpt lat="46.2555871639" lon="8.5959954656">
				<ele>1831.2</ele>
				<time>1970-01-01T01:00:00+01:00</time>
				<extensions>
					<swisstopo:routepoint_id>108079676</swisstopo:routepoint_id>
				</extensions>
			</trkpt>
			<trkpt lat="46.2556574144" lon="8.5959765711">
				<ele>1834.2</ele>
				<time>1970-01-01T01:00:00+01:00</time>
				<extensions>
					<swisstopo:routepoint_id>823479977</swisstopo:routepoint_id>
				</extensions>
			</trkpt>
			<trkpt lat="46.2557972480" lon="8.5958957993">
				<ele>1837.6</ele>
				<time>1970-01-01T01:00:00+01:00</time>
				<extensions>
					<swisstopo:routepoint_id>640540715</swisstopo:routepoint_id>
				</extensions>
			</trkpt>
			<trkpt lat="46.2558508469" lon="8.5959063680">
				<ele>1840.3</ele>
				<time>1970-01-01T01:00:00+01:00</time>
				<extensions>
					<swisstopo:routepoint_id>1293038218</swisstopo:routepoint_id>
				</extensions>
			</trkpt>
			<trkpt lat="46.2558315858" lon="8.5959581743">
				<ele>1841.1</ele>
				<time>1970-01-01T01:00:00+01:00</time>
				<extensions>
					<swisstopo:routepoint_id>100004099</swisstopo:routepoint_id>
				</extensions>
			</trkpt>
			<trkpt lat="46.2559343207" lon="8.5959586725">
				<ele>1844.9</ele>
				<time>1970-01-01T01:00:00+01:00</time>
				<extensions>
					<swisstopo:routepoint_id>462800432</swisstopo:routepoint_id>
				</extensions>
			</trkpt>
			<trkpt lat="46.2560206798" lon="8.5959625315">
				<ele>1847.8</ele>
				<time>1970-01-01T01:00:00+01:00</time>
				<extensions>
					<swisstopo:routepoint_id>1125789947</swisstopo:routepoint_id>
				</extensions>
			</trkpt>
			<trkpt lat="46.2561380690" lon="8.5959055095">
				<ele>1849.0</ele>
				<time>1970-01-01T01:00:00+01:00</time>
				<extensions>
					<swisstopo:routepoint_id>313139503</swisstopo:routepoint_id>
				</extensions>
			</trkpt>
			<trkpt lat="46.2562850836" lon="8.5958081196">
				<ele>1849.5</ele>
				<time>1970-01-01T01:00:00+01:00</time>
				<extensions>
					<swisstopo:routepoint_id>2089628584</swisstopo:routepoint_id>
				</extensions>
			</trkpt>
			<trkpt lat="46.2563116415" lon="8.5958348702">
				<ele>1850.8</ele>
				<time>1970-01-01T01:00:00+01:00</time>
				<extensions>
					<swisstopo:routepoint_id>85147720</swisstopo:routepoint_id>
				</extensions>
			</trkpt>
			<trkpt lat="46.2564076223" lon="8.5958128259">
				<ele>1853.0</ele>
				<time>1970-01-01T01:00:00+01:00</time>
				<extensions>
					<swisstopo:routepoint_id>1365668820</swisstopo:routepoint_id>
				</extensions>
			</trkpt>
			<trkpt lat="46.2564642241" lon="8.5958682428">
				<ele>1855.9</ele>
				<time>1970-01-01T01:00:00+01:00</time>
				<extensions>
					<swisstopo:routepoint_id>1151054172</swisstopo:routepoint_id>
				</extensions>
			</trkpt>
			<trkpt lat="46.2565743764" lon="8.5958315842">
				<ele>1857.9</ele>
				<time>1970-01-01T01:00:00+01:00</time>
				<extensions>
					<swisstopo:routepoint_id>410252871</swisstopo:routepoint_id>
				</extensions>
			</trkpt>
			<trkpt lat="46.2567473324" lon="8.5958169090">
				<ele>1863.3</ele>
				<time>1970-01-01T01:00:00+01:00</time>
				<extensions>
					<swisstopo:routepoint_id>1996638279</swisstopo:routepoint_id>
				</extensions>
			</trkpt>
			<trkpt lat="46.2569032377" lon="8.5957607823">
				<ele>1868.0</ele>
				<time>1970-01-01T01:00:00+01:00</time>
				<extensions>
					<swisstopo:routepoint_id>1257474346</swisstopo:routepoint_id>
				</extensions>
			</trkpt>
			<trkpt lat="46.2569394645" lon="8.5957578821">
				<ele>1869.0</ele>
				<time>1970-01-01T01:00:00+01:00</time>
				<extensions>
					<swisstopo:routepoint_id>1073782214</swisstopo:routepoint_id>
				</extensions>
			</trkpt>
			<trkpt lat="46.2569971008" lon="8.5957181611">
				<ele>1871.0</ele>
				<time>1970-01-01T01:00:00+01:00</time>
				<extensions>
					<swisstopo:routepoint_id>322616592</swisstopo:routepoint_id>
				</extensions>
			</trkpt>
			<trkpt lat="46.2570505575" lon="8.5957417744">
				<ele>1873.3</ele>
				<time>1970-01-01T01:00:00+01:00</time>
				<extensions>
					<swisstopo:routepoint_id>729514221</swisstopo:routepoint_id>
				</extensions>
			</trkpt>
			<trkpt lat="46.2571065252" lon="8.5958531699">
				<ele>1877.4</ele>
				<time>1970-01-01T01:00:00+01:00</time>
				<extensions>
					<swisstopo:routepoint_id>1078579612</swisstopo:routepoint_id>
				</extensions>
			</trkpt>
			<trkpt lat="46.2571691559" lon="8.5957855660">
				<ele>1879.5</ele>
				<time>1970-01-01T01:00:00+01:00</time>
				<extensions>
					<swisstopo:routepoint_id>1017845414</swisstopo:routepoint_id>
				</extensions>
			</trkpt>
			<trkpt lat="46.2572483633" lon="8.5958023208">
				<ele>1882.8</ele>
				<time>1970-01-01T01:00:00+01:00</time>
				<extensions>
					<swisstopo:routepoint_id>270067494</swisstopo:routepoint_id>
				</extensions>
			</trkpt>
			<trkpt lat="46.2573267813" lon="8.5957854540">
				<ele>1885.3</ele>
				<time>1970-01-01T01:00:00+01:00</time>
				<extensions>
					<swisstopo:routepoint_id>687576329</swisstopo:routepoint_id>
				</extensions>
			</trkpt>
			<trkpt lat="46.2573973325" lon="8.5956340633">
				<ele>1888.9</ele>
				<time>1970-01-01T01:00:00+01:00</time>
				<extensions>
					<swisstopo:routepoint_id>198247641</swisstopo:routepoint_id>
				</extensions>
			</trkpt>
			<trkpt lat="46.2574781570" lon="8.5956310082">
				<ele>1891.4</ele>
				<time>1970-01-01T01:00:00+01:00</time>
				<extensions>
					<swisstopo:routepoint_id>147053964</swisstopo:routepoint_id>
				</extensions>
			</trkpt>
			<trkpt lat="46.2575225722" lon="8.5956684761">
				<ele>1892.4</ele>
				<time>1970-01-01T01:00:00+01:00</time>
				<extensions>
					<swisstopo:routepoint_id>328392573</swisstopo:routepoint_id>
				</extensions>
			</trkpt>
			<trkpt lat="46.2575364153" lon="8.5956945545">
				<ele>1893.2</ele>
				<time>1970-01-01T01:00:00+01:00</time>
				<extensions>
					<swisstopo:routepoint_id>374757198</swisstopo:routepoint_id>
				</extensions>
			</trkpt>
			<trkpt lat="46.2575523553" lon="8.5957406776">
				<ele>1894.1</ele>
				<time>1970-01-01T01:00:00+01:00</time>
				<extensions>
					<swisstopo:routepoint_id>1535087993</swisstopo:routepoint_id>
				</extensions>
			</trkpt>
			<trkpt lat="46.2576027612" lon="8.5957679358">
				<ele>1897.2</ele>
				<time>1970-01-01T01:00:00+01:00</time>
				<extensions>
					<swisstopo:routepoint_id>1074858414</swisstopo:routepoint_id>
				</extensions>
			</trkpt>
			<trkpt lat="46.2576623147" lon="8.5957323281">
				<ele>1900.5</ele>
				<time>1970-01-01T01:00:00+01:00</time>
				<extensions>
					<swisstopo:routepoint_id>394085854</swisstopo:routepoint_id>
				</extensions>
			</trkpt>
			<trkpt lat="46.2577217596" lon="8.5958636687">
				<ele>1905.2</ele>
				<time>1970-01-01T01:00:00+01:00</time>
				<extensions>
					<swisstopo:routepoint_id>2023144265</swisstopo:routepoint_id>
				</extensions>
			</trkpt>
			<trkpt lat="46.2577843427" lon="8.5959269833">
				<ele>1908.0</ele>
				<time>1970-01-01T01:00:00+01:00</time>
				<extensions>
					<swisstopo:routepoint_id>720433789</swisstopo:routepoint_id>
				</extensions>
			</trkpt>
			<trkpt lat="46.2578971092" lon="8.5959302239">
				<ele>1909.7</ele>
				<time>1970-01-01T01:00:00+01:00</time>
				<extensions>
					<swisstopo:routepoint_id>962525105</swisstopo:routepoint_id>
				</extensions>
			</trkpt>
			<trkpt lat="46.2580718602" lon="8.5959530836">
				<ele>1912.0</ele>
				<time>1970-01-01T01:00:00+01:00</time>
				<extensions>
					<swisstopo:routepoint_id>723475877</swisstopo:routepoint_id>
				</extensions>
			</trkpt>
			<trkpt lat="46.2582175607" lon="8.5959961814">
				<ele>1915.0</ele>
				<time>1970-01-01T01:00:00+01:00</time>
				<extensions>
					<swisstopo:routepoint_id>177740283</swisstopo:routepoint_id>
				</extensions>
			</trkpt>
			<trkpt lat="46.2582902992" lon="8.5960466906">
				<ele>1916.9</ele>
				<time>1970-01-01T01:00:00+01:00</time>
				<extensions>
					<swisstopo:routepoint_id>167248271</swisstopo:routepoint_id>
				</extensions>
			</trkpt>
			<trkpt lat="46.2583620282" lon="8.5961082812">
				<ele>1918.4</ele>
				<time>1970-01-01T01:00:00+01:00</time>
				<extensions>
					<swisstopo:routepoint_id>1934348244</swisstopo:routepoint_id>
				</extensions>
			</trkpt>
			<trkpt lat="46.2584214224" lon="8.5961286105">
				<ele>1919.9</ele>
				<time>1970-01-01T01:00:00+01:00</time>
				<extensions>
					<swisstopo:routepoint_id>520655496</swisstopo:routepoint_id>
				</extensions>
			</trkpt>
			<trkpt lat="46.2584594810" lon="8.5961467481">
				<ele>1920.9</ele>
				<time>1970-01-01T01:00:00+01:00</time>
				<extensions>
					<swisstopo:routepoint_id>1040642227</swisstopo:routepoint_id>
				</extensions>
			</trkpt>
			<trkpt lat="46.2585444990" lon="8.5961399956">
				<ele>1923.2</ele>
				<time>1970-01-01T01:00:00+01:00</time>
				<extensions>
					<swisstopo:routepoint_id>1094954331</swisstopo:routepoint_id>
				</extensions>
			</trkpt>
			<trkpt lat="46.2586372735" lon="8.5961514109">
				<ele>1925.2</ele>
				<time>1970-01-01T01:00:00+01:00</time>
				<extensions>
					<swisstopo:routepoint_id>938574411</swisstopo:routepoint_id>
				</extensions>
			</trkpt>
			<trkpt lat="46.2587061050" lon="8.5960934577">
				<ele>1927.1</ele>
				<time>1970-01-01T01:00:00+01:00</time>
				<extensions>
					<swisstopo:routepoint_id>1822378497</swisstopo:routepoint_id>
				</extensions>
			</trkpt>
			<trkpt lat="46.2587732084" lon="8.5960369460">
				<ele>1929.3</ele>
				<time>1970-01-01T01:00:00+01:00</time>
				<extensions>
					<swisstopo:routepoint_id>1516514189</swisstopo:routepoint_id>
				</extensions>
			</trkpt>
			<trkpt lat="46.2588487112" lon="8.5960766068">
				<ele>1931.4</ele>
				<time>1970-01-01T01:00:00+01:00</time>
				<extensions>
					<swisstopo:routepoint_id>2041063474</swisstopo:routepoint_id>
				</extensions>
			</trkpt>
			<trkpt lat="46.2589453830" lon="8.5960806337">
				<ele>1934.3</ele>
				<time>1970-01-01T01:00:00+01:00</time>
				<extensions>
					<swisstopo:routepoint_id>1483954305</swisstopo:routepoint_id>
				</extensions>
			</trkpt>
			<trkpt lat="46.2590962382" lon="8.5960801711">
				<ele>1937.1</ele>
				<time>1970-01-01T01:00:00+01:00</time>
				<extensions>
					<swisstopo:routepoint_id>1674021686</swisstopo:routepoint_id>
				</extensions>
			</trkpt>
			<trkpt lat="46.2593192923" lon="8.5960129284">
				<ele>1941.6</ele>
				<time>1970-01-01T01:00:00+01:00</time>
				<extensions>
					<swisstopo:routepoint_id>527960124</swisstopo:routepoint_id>
				</extensions>
			</trkpt>
			<trkpt lat="46.2594298340" lon="8.5961065391">
				<ele>1945.1</ele>
				<time>1970-01-01T01:00:00+01:00</time>
				<extensions>
					<swisstopo:routepoint_id>2142686249</swisstopo:routepoint_id>
				</extensions>
			</trkpt>
			<trkpt lat="46.2596220462" lon="8.5961126888">
				<ele>1951.9</ele>
				<time>1970-01-01T01:00:00+01:00</time>
				<extensions>
					<swisstopo:routepoint_id>1452254826</swisstopo:routepoint_id>
				</extensions>
			</trkpt>
			<trkpt lat="46.2596661333" lon="8.5960851690">
				<ele>1953.6</ele>
				<time>1970-01-01T01:00:00+01:00</time>
				<extensions>
					<swisstopo:routepoint_id>459446727</swisstopo:routepoint_id>
				</extensions>
			</trkpt>
			<trkpt lat="46.2597514696" lon="8.5960756475">
				<ele>1956.4</ele>
				<time>1970-01-01T01:00:00+01:00</time>
				<extensions>
					<swisstopo:routepoint_id>391003283</swisstopo:routepoint_id>
				</extensions>
			</trkpt>
			<trkpt lat="46.2598699175" lon="8.5960877644">
				<ele>1960.5</ele>
				<time>1970-01-01T01:00:00+01:00</time>
				<extensions>
					<swisstopo:routepoint_id>819597773</swisstopo:routepoint_id>
				</extensions>
			</trkpt>
			<trkpt lat="46.2598758863" lon="8.5961638732">
				<ele>1962.5</ele>
				<time>1970-01-01T01:00:00+01:00</time>
				<extensions>
					<swisstopo:routepoint_id>123013529</swisstopo:routepoint_id>
				</extensions>
			</trkpt>
			<trkpt lat="46.2599194473" lon="8.5961800403">
				<ele>1964.6</ele>
				<time>1970-01-01T01:00:00+01:00</time>
				<extensions>
					<swisstopo:routepoint_id>359183756</swisstopo:routepoint_id>
				</extensions>
			</trkpt>
			<trkpt lat="46.2599369141" lon="8.5962563937">
				<ele>1966.9</ele>
				<time>1970-01-01T01:00:00+01:00</time>
				<extensions>
					<swisstopo:routepoint_id>1970974091</swisstopo:routepoint_id>
				</extensions>
			</trkpt>
			<trkpt lat="46.2599832689" lon="8.5963257996">
				<ele>1970.4</ele>
				<time>1970-01-01T01:00:00+01:00</time>
				<extensions>
					<swisstopo:routepoint_id>759449619</swisstopo:routepoint_id>
				</extensions>
			</trkpt>
			<trkpt lat="46.2599629647" lon="8.5963842283">
				<ele>1971.0</ele>
				<time>1970-01-01T01:00:00+01:00</time>
				<extensions>
					<swisstopo:routepoint_id>1401017806</swisstopo:routepoint_id>
				</extensions>
			</trkpt>
			<trkpt lat="46.2600027490" lon="8.5964269049">
				<ele>1973.4</ele>
				<time>1970-01-01T01:00:00+01:00</time>
				<extensions>
					<swisstopo:routepoint_id>2128154991</swisstopo:routepoint_id>
				</extensions>
			</trkpt>
			<trkpt lat="46.2600054581" lon="8.5965390679">
				<ele>1977.1</ele>
				<time>1970-01-01T01:00:00+01:00</time>
				<extensions>
					<swisstopo:routepoint_id>1659427376</swisstopo:routepoint_id>
				</extensions>
			</trkpt>
			<trkpt lat="46.2600412961" lon="8.5965406734">
				<ele>1978.8</ele>
				<time>1970-01-01T01:00:00+01:00</time>
				<extensions>
					<swisstopo:routepoint_id>354424625</swisstopo:routepoint_id>
				</extensions>
			</trkpt>
			<trkpt lat="46.2600121249" lon="8.5966490967">
				<ele>1980.9</ele>
				<time>1970-01-01T01:00:00+01:00</time>
				<extensions>
					<swisstopo:routepoint_id>1579044397</swisstopo:routepoint_id>
				</extensions>
			</trkpt>
			<trkpt lat="46.2600097705" lon="8.5967065975">
				<ele>1982.2</ele>
				<time>1970-01-01T01:00:00+01:00</time>
				<extensions>
					<swisstopo:routepoint_id>1299668387</swisstopo:routepoint_id>
				</extensions>
			</trkpt>
			<trkpt lat="46.2600626252" lon="8.5967023134">
				<ele>1984.7</ele>
				<time>1970-01-01T01:00:00+01:00</time>
				<extensions>
					<swisstopo:routepoint_id>542693506</swisstopo:routepoint_id>
				</extensions>
			</trkpt>
			<trkpt lat="46.2601092430" lon="8.5966927860">
				<ele>1986.8</ele>
				<time>1970-01-01T01:00:00+01:00</time>
				<extensions>
					<swisstopo:routepoint_id>795276834</swisstopo:routepoint_id>
				</extensions>
			</trkpt>
			<trkpt lat="46.2601642421" lon="8.5966566786">
				<ele>1988.2</ele>
				<time>1970-01-01T01:00:00+01:00</time>
				<extensions>
					<swisstopo:routepoint_id>936611281</swisstopo:routepoint_id>
				</extensions>
			</trkpt>
			<trkpt lat="46.2601563295" lon="8.5967645039">
				<ele>1991.5</ele>
				<time>1970-01-01T01:00:00+01:00</time>
				<extensions>
					<swisstopo:routepoint_id>1804568435</swisstopo:routepoint_id>
				</extensions>
			</trkpt>
			<trkpt lat="46.2601667391" lon="8.5968521995">
				<ele>1994.9</ele>
				<time>1970-01-01T01:00:00+01:00</time>
				<extensions>
					<swisstopo:routepoint_id>1274089692</swisstopo:routepoint_id>
				</extensions>
			</trkpt>
			<trkpt lat="46.2601938983" lon="8.5968528036">
				<ele>1996.0</ele>
				<time>1970-01-01T01:00:00+01:00</time>
				<extensions>
					<swisstopo:routepoint_id>839393912</swisstopo:routepoint_id>
				</extensions>
			</trkpt>
			<trkpt lat="46.2602019470" lon="8.5969290866">
				<ele>1998.7</ele>
				<time>1970-01-01T01:00:00+01:00</time>
				<extensions>
					<swisstopo:routepoint_id>1729564732</swisstopo:routepoint_id>
				</extensions>
			</trkpt>
			<trkpt lat="46.2602138900" lon="8.5969330636">
				<ele>1999.1</ele>
				<time>1970-01-01T01:00:00+01:00</time>
				<extensions>
					<swisstopo:routepoint_id>1365747378</swisstopo:routepoint_id>
				</extensions>
			</trkpt>
			<trkpt lat="46.2602291605" lon="8.5969698749">
				<ele>2000.8</ele>
				<time>1970-01-01T01:00:00+01:00</time>
				<extensions>
					<swisstopo:routepoint_id>1725923790</swisstopo:routepoint_id>
				</extensions>
			</trkpt>
			<trkpt lat="46.2602419298" lon="8.5969677990">
				<ele>2001.3</ele>
				<time>1970-01-01T01:00:00+01:00</time>
				<extensions>
					<swisstopo:routepoint_id>1044994585</swisstopo:routepoint_id>
				</extensions>
			</trkpt>
			<trkpt lat="46.2602567459" lon="8.5970232398">
				<ele>2003.6</ele>
				<time>1970-01-01T01:00:00+01:00</time>
				<extensions>
					<swisstopo:routepoint_id>338424192</swisstopo:routepoint_id>
				</extensions>
			</trkpt>
			<trkpt lat="46.2602770379" lon="8.5970578622">
				<ele>2005.4</ele>
				<time>1970-01-01T01:00:00+01:00</time>
				<extensions>
					<swisstopo:routepoint_id>1989976150</swisstopo:routepoint_id>
				</extensions>
			</trkpt>
			<trkpt lat="46.2603229955" lon="8.5970664808">
				<ele>2006.9</ele>
				<time>1970-01-01T01:00:00+01:00</time>
				<extensions>
					<swisstopo:routepoint_id>1513103350</swisstopo:routepoint_id>
				</extensions>
			</trkpt>
			<trkpt lat="46.2603464097" lon="8.5970347075">
				<ele>2007.9</ele>
				<time>1970-01-01T01:00:00+01:00</time>
				<extensions>
					<swisstopo:routepoint_id>1488751703</swisstopo:routepoint_id>
				</extensions>
			</trkpt>
			<trkpt lat="46.2603718566" lon="8.5970257807">
				<ele>2008.8</ele>
				<time>1970-01-01T01:00:00+01:00</time>
				<extensions>
					<swisstopo:routepoint_id>221766860</swisstopo:routepoint_id>
				</extensions>
			</trkpt>
			<trkpt lat="46.2604059264" lon="8.5970645099">
				<ele>2011.2</ele>
				<time>1970-01-01T01:00:00+01:00</time>
				<extensions>
					<swisstopo:routepoint_id>68513397</swisstopo:routepoint_id>
				</extensions>
			</trkpt>
			<trkpt lat="46.2604151794" lon="8.5970609195">
				<ele>2011.5</ele>
				<time>1970-01-01T01:00:00+01:00</time>
				<extensions>
					<swisstopo:routepoint_id>1751682966</swisstopo:routepoint_id>
				</extensions>
			</trkpt>
			<trkpt lat="46.2604534897" lon="8.5971282488">
				<ele>2014.5</ele>
				<time>1970-01-01T01:00:00+01:00</time>
				<extensions>
					<swisstopo:routepoint_id>632657053</swisstopo:routepoint_id>
				</extensions>
			</trkpt>
			<trkpt lat="46.2604653145" lon="8.5971377614">
				<ele>2015.4</ele>
				<time>1970-01-01T01:00:00+01:00</time>
				<extensions>
					<swisstopo:routepoint_id>336433198</swisstopo:routepoint_id>
				</extensions>
			</trkpt>
			<trkpt lat="46.2604872070" lon="8.5971250366">
				<ele>2016.3</ele>
				<time>1970-01-01T01:00:00+01:00</time>
				<extensions>
					<swisstopo:routepoint_id>31819527</swisstopo:routepoint_id>
				</extensions>
			</trkpt>
			<trkpt lat="46.2605229812" lon="8.5971405975">
				<ele>2018.4</ele>
				<time>1970-01-01T01:00:00+01:00</time>
				<extensions>
					<swisstopo:routepoint_id>996107330</swisstopo:routepoint_id>
				</extensions>
			</trkpt>
			<trkpt lat="46.2605558371" lon="8.5970893750">
				<ele>2018.9</ele>
				<time>1970-01-01T01:00:00+01:00</time>
				<extensions>
					<swisstopo:routepoint_id>1511047558</swisstopo:routepoint_id>
				</extensions>
			</trkpt>
			<trkpt lat="46.2606153899" lon="8.5970607315">
				<ele>2022.1</ele>
				<time>1970-01-01T01:00:00+01:00</time>
				<extensions>
					<swisstopo:routepoint_id>1105649597</swisstopo:routepoint_id>
				</extensions>
			</trkpt>
			<trkpt lat="46.2606723262" lon="8.5970611136">
				<ele>2025.3</ele>
				<time>1970-01-01T01:00:00+01:00</time>
				<extensions>
					<swisstopo:routepoint_id>1990302747</swisstopo:routepoint_id>
				</extensions>
			</trkpt>
			<trkpt lat="46.2606652338" lon="8.5970887979">
				<ele>2026.4</ele>
				<time>1970-01-01T01:00:00+01:00</time>
				<extensions>
					<swisstopo:routepoint_id>1247505890</swisstopo:routepoint_id>
				</extensions>
			</trkpt>
			<trkpt lat="46.2606708769" lon="8.5971168570">
				<ele>2027.8</ele>
				<time>1970-01-01T01:00:00+01:00</time>
				<extensions>
					<swisstopo:routepoint_id>1046593181</swisstopo:routepoint_id>
				</extensions>
			</trkpt>
			<trkpt lat="46.2607023843" lon="8.5971141029">
				<ele>2029.4</ele>
				<time>1970-01-01T01:00:00+01:00</time>
				<extensions>
					<swisstopo:routepoint_id>549110594</swisstopo:routepoint_id>
				</extensions>
			</trkpt>
			<trkpt lat="46.2607467314" lon="8.5970663548">
				<ele>2030.4</ele>
				<time>1970-01-01T01:00:00+01:00</time>
				<extensions>
					<swisstopo:routepoint_id>359758989</swisstopo:routepoint_id>
				</extensions>
			</trkpt>
			<trkpt lat="46.2608371383" lon="8.5970189638">
				<ele>2032.8</ele>
				<time>1970-01-01T01:00:00+01:00</time>
				<extensions>
					<swisstopo:routepoint_id>1959214767</swisstopo:routepoint_id>
				</extensions>
			</trkpt>
			<trkpt lat="46.2609674399" lon="8.5970291820">
				<ele>2038.9</ele>
				<time>1970-01-01T01:00:00+01:00</time>
				<extensions>
					<swisstopo:routepoint_id>783767563</swisstopo:routepoint_id>
				</extensions>
			</trkpt>
			<trkpt lat="46.2610054906" lon="8.5969897305">
				<ele>2040.8</ele>
				<time>1970-01-01T01:00:00+01:00</time>
				<extensions>
					<swisstopo:routepoint_id>363057106</swisstopo:routepoint_id>
				</extensions>
			</trkpt>
			<trkpt lat="46.2610341753" lon="8.5969408697">
				<ele>2042.9</ele>
				<time>1970-01-01T01:00:00+01:00</time>
				<extensions>
					<swisstopo:routepoint_id>885608719</swisstopo:routepoint_id>
				</extensions>
			</trkpt>
			<trkpt lat="46.2610524243" lon="8.5969287543">
				<ele>2044.3</ele>
				<time>1970-01-01T01:00:00+01:00</time>
				<extensions>
					<swisstopo:routepoint_id>1668670789</swisstopo:routepoint_id>
				</extensions>
			</trkpt>
			<trkpt lat="46.2610574715" lon="8.5969858429">
				<ele>2045.5</ele>
				<time>1970-01-01T01:00:00+01:00</time>
				<extensions>
					<swisstopo:routepoint_id>97217369</swisstopo:routepoint_id>
				</extensions>
			</trkpt>
			<trkpt lat="46.2611009604" lon="8.5969146372">
				<ele>2047.8</ele>
				<time>1970-01-01T01:00:00+01:00</time>
				<extensions>
					<swisstopo:routepoint_id>75003702</swisstopo:routepoint_id>
				</extensions>
			</trkpt>
			<trkpt lat="46.2611513496" lon="8.5969366448">
				<ele>2050.3</ele>
				<time>1970-01-01T01:00:00+01:00</time>
				<extensions>
					<swisstopo:routepoint_id>2055825962</swisstopo:routepoint_id>
				</extensions>
			</trkpt>
			<trkpt lat="46.2613240176" lon="8.5967510083">
				<ele>2056.9</ele>
				<time>1970-01-01T01:00:00+01:00</time>
				<extensions>
					<swisstopo:routepoint_id>1260953770</swisstopo:routepoint_id>
				</extensions>
			</trkpt>
			<trkpt lat="46.2613395799" lon="8.5966709063">
				<ele>2056.4</ele>
				<time>1970-01-01T01:00:00+01:00</time>
				<extensions>
					<swisstopo:routepoint_id>684570147</swisstopo:routepoint_id>
				</extensions>
			</trkpt>
			<trkpt lat="46.2613703536" lon="8.5965758745">
				<ele>2056.3</ele>
				<time>1970-01-01T01:00:00+01:00</time>
				<extensions>
					<swisstopo:routepoint_id>1027323186</swisstopo:routepoint_id>
				</extensions>
			</trkpt>
			<trkpt lat="46.2613943810" lon="8.5964695696">
				<ele>2056.2</ele>
				<time>1970-01-01T01:00:00+01:00</time>
				<extensions>
					<swisstopo:routepoint_id>1883431288</swisstopo:routepoint_id>
				</extensions>
			</trkpt>
			<trkpt lat="46.2613899819" lon="8.5964126504">
				<ele>2054.7</ele>
				<time>1970-01-01T01:00:00+01:00</time>
				<extensions>
					<swisstopo:routepoint_id>1679374883</swisstopo:routepoint_id>
				</extensions>
			</trkpt>
			<trkpt lat="46.2614082544" lon="8.5964051009">
				<ele>2054.6</ele>
				<time>1970-01-01T01:00:00+01:00</time>
				<extensions>
					<swisstopo:routepoint_id>997156136</swisstopo:routepoint_id>
				</extensions>
			</trkpt>
			<trkpt lat="46.2614324830" lon="8.5964267978">
				<ele>2052.9</ele>
				<time>1970-01-01T01:00:00+01:00</time>
				<extensions>
					<swisstopo:routepoint_id>1768209290</swisstopo:routepoint_id>
				</extensions>
			</trkpt>
			<trkpt lat="46.2614644173" lon="8.5964115096">
				<ele>2050.3</ele>
				<time>1970-01-01T01:00:00+01:00</time>
				<extensions>
					<swisstopo:routepoint_id>1444589953</swisstopo:routepoint_id>
				</extensions>
			</trkpt>
			<trkpt lat="46.2615048123" lon="8.5964005134">
				<ele>2048.6</ele>
				<time>1970-01-01T01:00:00+01:00</time>
				<extensions>
					<swisstopo:routepoint_id>1884552385</swisstopo:routepoint_id>
				</extensions>
			</trkpt>
			<trkpt lat="46.2615221196" lon="8.5964091444">
				<ele>2048.0</ele>
				<time>1970-01-01T01:00:00+01:00</time>
				<extensions>
					<swisstopo:routepoint_id>1736593454</swisstopo:routepoint_id>
				</extensions>
			</trkpt>
			<trkpt lat="46.2615309905" lon="8.5963930932">
				<ele>2047.2</ele>
				<time>1970-01-01T01:00:00+01:00</time>
				<extensions>
					<swisstopo:routepoint_id>1879563847</swisstopo:routepoint_id>
				</extensions>
			</trkpt>
			<trkpt lat="46.2614943160" lon="8.5963349942">
				<ele>2044.8</ele>
				<time>1970-01-01T01:00:00+01:00</time>
				<extensions>
					<swisstopo:routepoint_id>1719863438</swisstopo:routepoint_id>
				</extensions>
			</trkpt>
			<trkpt lat="46.2614944706" lon="8.5963207424">
				<ele>2044.1</ele>
				<time>1970-01-01T01:00:00+01:00</time>
				<extensions>
					<swisstopo:routepoint_id>1784033371</swisstopo:routepoint_id>
				</extensions>
			</trkpt>
			<trkpt lat="46.2614782022" lon="8.5962723908">
				<ele>2042.5</ele>
				<time>1970-01-01T01:00:00+01:00</time>
				<extensions>
					<swisstopo:routepoint_id>972869287</swisstopo:routepoint_id>
				</extensions>
			</trkpt>
			<trkpt lat="46.2614953504" lon="8.5961780802">
				<ele>2039.1</ele>
				<time>1970-01-01T01:00:00+01:00</time>
				<extensions>
					<swisstopo:routepoint_id>1073653578</swisstopo:routepoint_id>
				</extensions>
			</trkpt>
			<trkpt lat="46.2615419277" lon="8.5961192616">
				<ele>2036.7</ele>
				<time>1970-01-01T01:00:00+01:00</time>
				<extensions>
					<swisstopo:routepoint_id>1153288230</swisstopo:routepoint_id>
				</extensions>
			</trkpt>
			<trkpt lat="46.2615659835" lon="8.5960771245">
				<ele>2035.0</ele>
				<time>1970-01-01T01:00:00+01:00</time>
				<extensions>
					<swisstopo:routepoint_id>263541668</swisstopo:routepoint_id>
				</extensions>
			</trkpt>
			<trkpt lat="46.2615650191" lon="8.5961688218">
				<ele>2033.3</ele>
				<time>1970-01-01T01:00:00+01:00</time>
				<extensions>
					<swisstopo:routepoint_id>59056416</swisstopo:routepoint_id>
				</extensions>
			</trkpt>
			<trkpt lat="46.2616151626" lon="8.5961865173">
				<ele>2030.4</ele>
				<time>1970-01-01T01:00:00+01:00</time>
				<extensions>
					<swisstopo:routepoint_id>1441192153</swisstopo:routepoint_id>
				</extensions>
			</trkpt>
			<trkpt lat="46.2616286835" lon="8.5961410302">
				<ele>2028.3</ele>
				<time>1970-01-01T01:00:00+01:00</time>
				<extensions>
					<swisstopo:routepoint_id>887746901</swisstopo:routepoint_id>
				</extensions>
			</trkpt>
			<trkpt lat="46.2616239190" lon="8.5961215373">
				<ele>2028.1</ele>
				<time>1970-01-01T01:00:00+01:00</time>
				<extensions>
					<swisstopo:routepoint_id>1234862061</swisstopo:routepoint_id>
				</extensions>
			</trkpt>
			<trkpt lat="46.2616497759" lon="8.5960845488">
				<ele>2025.0</ele>
				<time>1970-01-01T01:00:00+01:00</time>
				<extensions>
					<swisstopo:routepoint_id>1912826679</swisstopo:routepoint_id>
				</extensions>
			</trkpt>
			<trkpt lat="46.2616434603" lon="8.5960354620">
				<ele>2024.4</ele>
				<time>1970-01-01T01:00:00+01:00</time>
				<extensions>
					<swisstopo:routepoint_id>2144185531</swisstopo:routepoint_id>
				</extensions>
			</trkpt>
			<trkpt lat="46.2616696282" lon="8.5960290528">
				<ele>2022.2</ele>
				<time>1970-01-01T01:00:00+01:00</time>
				<extensions>
					<swisstopo:routepoint_id>1073606048</swisstopo:routepoint_id>
				</extensions>
			</trkpt>
			<trkpt lat="46.2616920424" lon="8.5959644538">
				<ele>2019.1</ele>
				<time>1970-01-01T01:00:00+01:00</time>
				<extensions>
					<swisstopo:routepoint_id>1262580421</swisstopo:routepoint_id>
				</extensions>
			</trkpt>
			<trkpt lat="46.2616991034" lon="8.5958831197">
				<ele>2016.2</ele>
				<time>1970-01-01T01:00:00+01:00</time>
				<extensions>
					<swisstopo:routepoint_id>265839737</swisstopo:routepoint_id>
				</extensions>
			</trkpt>
			<trkpt lat="46.2616901128" lon="8.5957931949">
				<ele>2013.0</ele>
				<time>1970-01-01T01:00:00+01:00</time>
				<extensions>
					<swisstopo:routepoint_id>810605016</swisstopo:routepoint_id>
				</extensions>
			</trkpt>
			<trkpt lat="46.2617670837" lon="8.5955028532">
				<ele>2000.9</ele>
				<time>1970-01-01T01:00:00+01:00</time>
				<extensions>
					<swisstopo:routepoint_id>1760328475</swisstopo:routepoint_id>
				</extensions>
			</trkpt>
			<trkpt lat="46.2618102166" lon="8.5954775555">
				<ele>1996.4</ele>
				<time>1970-01-01T01:00:00+01:00</time>
				<extensions>
					<swisstopo:routepoint_id>983747247</swisstopo:routepoint_id>
				</extensions>
			</trkpt>
			<trkpt lat="46.2618672681" lon="8.5954872899">
				<ele>1993.1</ele>
				<time>1970-01-01T01:00:00+01:00</time>
				<extensions>
					<swisstopo:routepoint_id>1537917203</swisstopo:routepoint_id>
				</extensions>
			</trkpt>
			<trkpt lat="46.2618873215" lon="8.5954705297">
				<ele>1991.7</ele>
				<time>1970-01-01T01:00:00+01:00</time>
				<extensions>
					<swisstopo:routepoint_id>1028502776</swisstopo:routepoint_id>
				</extensions>
			</trkpt>
			<trkpt lat="46.2619377671" lon="8.5954586827">
				<ele>1989.5</ele>
				<time>1970-01-01T01:00:00+01:00</time>
				<extensions>
					<swisstopo:routepoint_id>1525006130</swisstopo:routepoint_id>
				</extensions>
			</trkpt>
			<trkpt lat="46.2619484254" lon="8.5954508280">
				<ele>1989.0</ele>
				<time>1970-01-01T01:00:00+01:00</time>
				<extensions>
					<swisstopo:routepoint_id>1152678912</swisstopo:routepoint_id>
				</extensions>
			</trkpt>
			<trkpt lat="46.2619486234" lon="8.5954314666">
				<ele>1988.5</ele>
				<time>1970-01-01T01:00:00+01:00</time>
				<extensions>
					<swisstopo:routepoint_id>30167049</swisstopo:routepoint_id>
				</extensions>
			</trkpt>
			<trkpt lat="46.2619409266" lon="8.5953945689">
				<ele>1987.4</ele>
				<time>1970-01-01T01:00:00+01:00</time>
				<extensions>
					<swisstopo:routepoint_id>115221997</swisstopo:routepoint_id>
				</extensions>
			</trkpt>
			<trkpt lat="46.2619577025" lon="8.5953950291">
				<ele>1985.6</ele>
				<time>1970-01-01T01:00:00+01:00</time>
				<extensions>
					<swisstopo:routepoint_id>234784930</swisstopo:routepoint_id>
				</extensions>
			</trkpt>
			<trkpt lat="46.2619653156" lon="8.5953799627">
				<ele>1985.0</ele>
				<time>1970-01-01T01:00:00+01:00</time>
				<extensions>
					<swisstopo:routepoint_id>1260087399</swisstopo:routepoint_id>
				</extensions>
			</trkpt>
			<trkpt lat="46.2619615079" lon="8.5953278806">
				<ele>1983.6</ele>
				<time>1970-01-01T01:00:00+01:00</time>
				<extensions>
					<swisstopo:routepoint_id>31615836</swisstopo:routepoint_id>
				</extensions>
			</trkpt>
			<trkpt lat="46.2619338191" lon="8.5952716591">
				<ele>1980.8</ele>
				<time>1970-01-01T01:00:00+01:00</time>
				<extensions>
					<swisstopo:routepoint_id>1712509754</swisstopo:routepoint_id>
				</extensions>
			</trkpt>
			<trkpt lat="46.2619251813" lon="8.5952021842">
				<ele>1977.6</ele>
				<time>1970-01-01T01:00:00+01:00</time>
				<extensions>
					<swisstopo:routepoint_id>164688947</swisstopo:routepoint_id>
				</extensions>
			</trkpt>
			<trkpt lat="46.2619248092" lon="8.5951027785">
				<ele>1973.1</ele>
				<time>1970-01-01T01:00:00+01:00</time>
				<extensions>
					<swisstopo:routepoint_id>2100043731</swisstopo:routepoint_id>
				</extensions>
			</trkpt>
			<trkpt lat="46.2619456993" lon="8.5949860934">
				<ele>1971.7</ele>
				<time>1970-01-01T01:00:00+01:00</time>
				<extensions>
					<swisstopo:routepoint_id>906694559</swisstopo:routepoint_id>
				</extensions>
			</trkpt>
			<trkpt lat="46.2619850499" lon="8.5949354215">
				<ele>1973.3</ele>
				<time>1970-01-01T01:00:00+01:00</time>
				<extensions>
					<swisstopo:routepoint_id>646209860</swisstopo:routepoint_id>
				</extensions>
			</trkpt>
			<trkpt lat="46.2620757905" lon="8.5948561499">
				<ele>1969.4</ele>
				<time>1970-01-01T01:00:00+01:00</time>
				<extensions>
					<swisstopo:routepoint_id>630745141</swisstopo:routepoint_id>
				</extensions>
			</trkpt>
			<trkpt lat="46.2621074923" lon="8.5948549945">
				<ele>1968.4</ele>
				<time>1970-01-01T01:00:00+01:00</time>
				<extensions>
					<swisstopo:routepoint_id>709327619</swisstopo:routepoint_id>
				</extensions>
			</trkpt>
			<trkpt lat="46.2621174119" lon="8.5947981969">
				<ele>1966.5</ele>
				<time>1970-01-01T01:00:00+01:00</time>
				<extensions>
					<swisstopo:routepoint_id>1014597161</swisstopo:routepoint_id>
				</extensions>
			</trkpt>
			<trkpt lat="46.2620677975" lon="8.5947295635">
				<ele>1963.4</ele>
				<time>1970-01-01T01:00:00+01:00</time>
				<extensions>
					<swisstopo:routepoint_id>1859579725</swisstopo:routepoint_id>
				</extensions>
			</trkpt>
			<trkpt lat="46.2620904175" lon="8.5946456018">
				<ele>1959.0</ele>
				<time>1970-01-01T01:00:00+01:00</time>
				<extensions>
					<swisstopo:routepoint_id>1523278414</swisstopo:routepoint_id>
				</extensions>
			</trkpt>
			<trkpt lat="46.2620566743" lon="8.5946049211">
				<ele>1957.6</ele>
				<time>1970-01-01T01:00:00+01:00</time>
				<extensions>
					<swisstopo:routepoint_id>971678003</swisstopo:routepoint_id>
				</extensions>
			</trkpt>
			<trkpt lat="46.2620570787" lon="8.5945661981">
				<ele>1955.5</ele>
				<time>1970-01-01T01:00:00+01:00</time>
				<extensions>
					<swisstopo:routepoint_id>1675849121</swisstopo:routepoint_id>
				</extensions>
			</trkpt>
			<trkpt lat="46.2620286717" lon="8.5945501330">
				<ele>1955.0</ele>
				<time>1970-01-01T01:00:00+01:00</time>
				<extensions>
					<swisstopo:routepoint_id>891045018</swisstopo:routepoint_id>
				</extensions>
			</trkpt>
			<trkpt lat="46.2619547331" lon="8.5943727787">
				<ele>1953.2</ele>
				<time>1970-01-01T01:00:00+01:00</time>
				<extensions>
					<swisstopo:routepoint_id>161256013</swisstopo:routepoint_id>
				</extensions>
			</trkpt>
			<trkpt lat="46.2618940927" lon="8.5943496993">
				<ele>1951.4</ele>
				<time>1970-01-01T01:00:00+01:00</time>
				<extensions>
					<swisstopo:routepoint_id>650246258</swisstopo:routepoint_id>
				</extensions>
			</trkpt>
			<trkpt lat="46.2618950494" lon="8.5943171106">
				<ele>1949.8</ele>
				<time>1970-01-01T01:00:00+01:00</time>
				<extensions>
					<swisstopo:routepoint_id>1878345794</swisstopo:routepoint_id>
				</extensions>
			</trkpt>
			<trkpt lat="46.2618359580" lon="8.5942645163">
				<ele>1947.6</ele>
				<time>1970-01-01T01:00:00+01:00</time>
				<extensions>
					<swisstopo:routepoint_id>263001032</swisstopo:routepoint_id>
				</extensions>
			</trkpt>
			<trkpt lat="46.2618178251" lon="8.5942171243">
				<ele>1946.0</ele>
				<time>1970-01-01T01:00:00+01:00</time>
				<extensions>
					<swisstopo:routepoint_id>1649735594</swisstopo:routepoint_id>
				</extensions>
			</trkpt>
			<trkpt lat="46.2617926020" lon="8.5941929813">
				<ele>1944.8</ele>
				<time>1970-01-01T01:00:00+01:00</time>
				<extensions>
					<swisstopo:routepoint_id>1429576138</swisstopo:routepoint_id>
				</extensions>
			</trkpt>
			<trkpt lat="46.2617665565" lon="8.5941280529">
				<ele>1941.5</ele>
				<time>1970-01-01T01:00:00+01:00</time>
				<extensions>
					<swisstopo:routepoint_id>1420171461</swisstopo:routepoint_id>
				</extensions>
			</trkpt>
			<trkpt lat="46.2617396464" lon="8.5940875697">
				<ele>1939.6</ele>
				<time>1970-01-01T01:00:00+01:00</time>
				<extensions>
					<swisstopo:routepoint_id>731825698</swisstopo:routepoint_id>
				</extensions>
			</trkpt>
			<trkpt lat="46.2616651183" lon="8.5940263856">
				<ele>1940.1</ele>
				<time>1970-01-01T01:00:00+01:00</time>
				<extensions>
					<swisstopo:routepoint_id>1606224765</swisstopo:routepoint_id>
				</extensions>
			</trkpt>
			<trkpt lat="46.2616329967" lon="8.5939490581">
				<ele>1938.5</ele>
				<time>1970-01-01T01:00:00+01:00</time>
				<extensions>
					<swisstopo:routepoint_id>385238290</swisstopo:routepoint_id>
				</extensions>
			</trkpt>
			<trkpt lat="46.2616313842" lon="8.5939245607">
				<ele>1937.7</ele>
				<time>1970-01-01T01:00:00+01:00</time>
				<extensions>
					<swisstopo:routepoint_id>998335727</swisstopo:routepoint_id>
				</extensions>
			</trkpt>
			<trkpt lat="46.2615607838" lon="8.5937850116">
				<ele>1934.0</ele>
				<time>1970-01-01T01:00:00+01:00</time>
				<extensions>
					<swisstopo:routepoint_id>1409784132</swisstopo:routepoint_id>
				</extensions>
			</trkpt>
			<trkpt lat="46.2615091300" lon="8.5937336397">
				<ele>1934.0</ele>
				<time>1970-01-01T01:00:00+01:00</time>
				<extensions>
					<swisstopo:routepoint_id>917893982</swisstopo:routepoint_id>
				</extensions>
			</trkpt>
			<trkpt lat="46.2614576706" lon="8.5936649428">
				<ele>1932.8</ele>
				<time>1970-01-01T01:00:00+01:00</time>
				<extensions>
					<swisstopo:routepoint_id>917563298</swisstopo:routepoint_id>
				</extensions>
			</trkpt>
			<trkpt lat="46.2614349508" lon="8.5935797343">
				<ele>1930.9</ele>
				<time>1970-01-01T01:00:00+01:00</time>
				<extensions>
					<swisstopo:routepoint_id>83606161</swisstopo:routepoint_id>
				</extensions>
			</trkpt>
			<trkpt lat="46.2613895853" lon="8.5934622925">
				<ele>1929.6</ele>
				<time>1970-01-01T01:00:00+01:00</time>
				<extensions>
					<swisstopo:routepoint_id>669758824</swisstopo:routepoint_id>
				</extensions>
			</trkpt>
			<trkpt lat="46.2613730648" lon="8.5933782663">
				<ele>1928.0</ele>
				<time>1970-01-01T01:00:00+01:00</time>
				<extensions>
					<swisstopo:routepoint_id>1095398452</swisstopo:routepoint_id>
				</extensions>
			</trkpt>
			<trkpt lat="46.2613405327" lon="8.5932214447">
				<ele>1927.0</ele>
				<time>1970-01-01T01:00:00+01:00</time>
				<extensions>
					<swisstopo:routepoint_id>79055753</swisstopo:routepoint_id>
				</extensions>
			</trkpt>
			<trkpt lat="46.2613334111" lon="8.5930704158">
				<ele>1926.0</ele>
				<time>1970-01-01T01:00:00+01:00</time>
				<extensions>
					<swisstopo:routepoint_id>805815194</swisstopo:routepoint_id>
				</extensions>
			</trkpt>
			<trkpt lat="46.2613181064" lon="8.5929894766">
				<ele>1925.5</ele>
				<time>1970-01-01T01:00:00+01:00</time>
				<extensions>
					<swisstopo:routepoint_id>1665962734</swisstopo:routepoint_id>
				</extensions>
			</trkpt>
			<trkpt lat="46.2613277650" lon="8.5928970171">
				<ele>1924.4</ele>
				<time>1970-01-01T01:00:00+01:00</time>
				<extensions>
					<swisstopo:routepoint_id>1469298590</swisstopo:routepoint_id>
				</extensions>
			</trkpt>
			<trkpt lat="46.2613229656" lon="8.5928214633">
				<ele>1924.4</ele>
				<time>1970-01-01T01:00:00+01:00</time>
				<extensions>
					<swisstopo:routepoint_id>197366940</swisstopo:routepoint_id>
				</extensions>
			</trkpt>
			<trkpt lat="46.2612911309" lon="8.5927176563">
				<ele>1925.1</ele>
				<time>1970-01-01T01:00:00+01:00</time>
				<extensions>
					<swisstopo:routepoint_id>1779096347</swisstopo:routepoint_id>
				</extensions>
			</trkpt>
			<trkpt lat="46.2612842526" lon="8.5926624360">
				<ele>1925.3</ele>
				<time>1970-01-01T01:00:00+01:00</time>
				<extensions>
					<swisstopo:routepoint_id>918649063</swisstopo:routepoint_id>
				</extensions>
			</trkpt>
			<trkpt lat="46.2612901229" lon="8.5925158462">
				<ele>1926.6</ele>
				<time>1970-01-01T01:00:00+01:00</time>
				<extensions>
					<swisstopo:routepoint_id>1333532853</swisstopo:routepoint_id>
				</extensions>
			</trkpt>
			<trkpt lat="46.2612931941" lon="8.5924007683">
				<ele>1927.8</ele>
				<time>1970-01-01T01:00:00+01:00</time>
				<extensions>
					<swisstopo:routepoint_id>42919158</swisstopo:routepoint_id>
				</extensions>
			</trkpt>
			<trkpt lat="46.2613070720" lon="8.5922615341">
				<ele>1929.1</ele>
				<time>1970-01-01T01:00:00+01:00</time>
				<extensions>
					<swisstopo:routepoint_id>183730604</swisstopo:routepoint_id>
				</extensions>
			</trkpt>
			<trkpt lat="46.2613013072" lon="8.5922185818">
				<ele>1930.4</ele>
				<time>1970-01-01T01:00:00+01:00</time>
				<extensions>
					<swisstopo:routepoint_id>632233396</swisstopo:routepoint_id>
				</extensions>
			</trkpt>
			<trkpt lat="46.2613336969" lon="8.5920249896">
				<ele>1934.1</ele>
				<time>1970-01-01T01:00:00+01:00</time>
				<extensions>
					<swisstopo:routepoint_id>810421990</swisstopo:routepoint_id>
				</extensions>
			</trkpt>
			<trkpt lat="46.2614351189" lon="8.5917922735">
				<ele>1937.7</ele>
				<time>1970-01-01T01:00:00+01:00</time>
				<extensions>
					<swisstopo:routepoint_id>1025602863</swisstopo:routepoint_id>
				</extensions>
			</trkpt>
			<trkpt lat="46.2614954413" lon="8.5917353896">
				<ele>1939.2</ele>
				<time>1970-01-01T01:00:00+01:00</time>
				<extensions>
					<swisstopo:routepoint_id>1160182872</swisstopo:routepoint_id>
				</extensions>
			</trkpt>
			<trkpt lat="46.2615565190" lon="8.5916018113">
				<ele>1941.2</ele>
				<time>1970-01-01T01:00:00+01:00</time>
				<extensions>
					<swisstopo:routepoint_id>2045738629</swisstopo:routepoint_id>
				</extensions>
			</trkpt>
			<trkpt lat="46.2616242416" lon="8.5915334488">
				<ele>1941.3</ele>
				<time>1970-01-01T01:00:00+01:00</time>
				<extensions>
					<swisstopo:routepoint_id>1147994311</swisstopo:routepoint_id>
				</extensions>
			</trkpt>
			<trkpt lat="46.2617321570" lon="8.5913799007">
				<ele>1941.8</ele>
				<time>1970-01-01T01:00:00+01:00</time>
				<extensions>
					<swisstopo:routepoint_id>448769656</swisstopo:routepoint_id>
				</extensions>
			</trkpt>
			<trkpt lat="46.2617635150" lon="8.5913038281">
				<ele>1943.2</ele>
				<time>1970-01-01T01:00:00+01:00</time>
				<extensions>
					<swisstopo:routepoint_id>990313218</swisstopo:routepoint_id>
				</extensions>
			</trkpt>
			<trkpt lat="46.2618422721" lon="8.5912984398">
				<ele>1941.5</ele>
				<time>1970-01-01T01:00:00+01:00</time>
				<extensions>
					<swisstopo:routepoint_id>917909896</swisstopo:routepoint_id>
				</extensions>
			</trkpt>
			<trkpt lat="46.2619772376" lon="8.5912105135">
				<ele>1943.7</ele>
				<time>1970-01-01T01:00:00+01:00</time>
				<extensions>
					<swisstopo:routepoint_id>1970835021</swisstopo:routepoint_id>
				</extensions>
			</trkpt>
			<trkpt lat="46.2620854237" lon="8.5911778343">
				<ele>1944.1</ele>
				<time>1970-01-01T01:00:00+01:00</time>
				<extensions>
					<swisstopo:routepoint_id>1034933171</swisstopo:routepoint_id>
				</extensions>
			</trkpt>
			<trkpt lat="46.2621773830" lon="8.5911313085">
				<ele>1946.2</ele>
				<time>1970-01-01T01:00:00+01:00</time>
				<extensions>
					<swisstopo:routepoint_id>1880973619</swisstopo:routepoint_id>
				</extensions>
			</trkpt>
			<trkpt lat="46.2622203279" lon="8.5911243703">
				<ele>1946.1</ele>
				<time>1970-01-01T01:00:00+01:00</time>
				<extensions>
					<swisstopo:routepoint_id>196440632</swisstopo:routepoint_id>
				</extensions>
			</trkpt>
			<trkpt lat="46.2622578016" lon="8.5910818401">
				<ele>1947.4</ele>
				<time>1970-01-01T01:00:00+01:00</time>
				<extensions>
					<swisstopo:routepoint_id>1614827956</swisstopo:routepoint_id>
				</extensions>
			</trkpt>
			<trkpt lat="46.2623488512" lon="8.5910418193">
				<ele>1948.5</ele>
				<time>1970-01-01T01:00:00+01:00</time>
				<extensions>
					<swisstopo:routepoint_id>80772428</swisstopo:routepoint_id>
				</extensions>
			</trkpt>
			<trkpt lat="46.2624298867" lon="8.5909352255">
				<ele>1951.0</ele>
				<time>1970-01-01T01:00:00+01:00</time>
				<extensions>
					<swisstopo:routepoint_id>1326177971</swisstopo:routepoint_id>
				</extensions>
			</trkpt>
			<trkpt lat="46.2625271793" lon="8.5908567341">
				<ele>1951.0</ele>
				<time>1970-01-01T01:00:00+01:00</time>
				<extensions>
					<swisstopo:routepoint_id>248135158</swisstopo:routepoint_id>
				</extensions>
			</trkpt>
			<trkpt lat="46.2626044998" lon="8.5908241917">
				<ele>1950.5</ele>
				<time>1970-01-01T01:00:00+01:00</time>
				<extensions>
					<swisstopo:routepoint_id>1969648494</swisstopo:routepoint_id>
				</extensions>
			</trkpt>
			<trkpt lat="46.2626476979" lon="8.5907941049">
				<ele>1951.3</ele>
				<time>1970-01-01T01:00:00+01:00</time>
				<extensions>
					<swisstopo:routepoint_id>4550408</swisstopo:routepoint_id>
				</extensions>
			</trkpt>
			<trkpt lat="46.2626927027" lon="8.5907764049">
				<ele>1952.1</ele>
				<time>1970-01-01T01:00:00+01:00</time>
				<extensions>
					<swisstopo:routepoint_id>2011427277</swisstopo:routepoint_id>
				</extensions>
			</trkpt>
			<trkpt lat="46.2627182805" lon="8.5907537149">
				<ele>1952.8</ele>
				<time>1970-01-01T01:00:00+01:00</time>
				<extensions>
					<swisstopo:routepoint_id>1576919365</swisstopo:routepoint_id>
				</extensions>
			</trkpt>
			<trkpt lat="46.2627632382" lon="8.5907406446">
				<ele>1953.5</ele>
				<time>1970-01-01T01:00:00+01:00</time>
				<extensions>
					<swisstopo:routepoint_id>757240811</swisstopo:routepoint_id>
				</extensions>
			</trkpt>
			<trkpt lat="46.2628819098" lon="8.5906687143">
				<ele>1955.6</ele>
				<time>1970-01-01T01:00:00+01:00</time>
				<extensions>
					<swisstopo:routepoint_id>608448254</swisstopo:routepoint_id>
				</extensions>
			</trkpt>
			<trkpt lat="46.2629330810" lon="8.5906217906">
				<ele>1954.9</ele>
				<time>1970-01-01T01:00:00+01:00</time>
				<extensions>
					<swisstopo:routepoint_id>2034350035</swisstopo:routepoint_id>
				</extensions>
			</trkpt>
			<trkpt lat="46.2629974619" lon="8.5905226124">
				<ele>1952.6</ele>
				<time>1970-01-01T01:00:00+01:00</time>
				<extensions>
					<swisstopo:routepoint_id>550649526</swisstopo:routepoint_id>
				</extensions>
			</trkpt>
			<trkpt lat="46.2630503297" lon="8.5904988912">
				<ele>1951.7</ele>
				<time>1970-01-01T01:00:00+01:00</time>
				<extensions>
					<swisstopo:routepoint_id>1011317735</swisstopo:routepoint_id>
				</extensions>
			</trkpt>
			<trkpt lat="46.2630748068" lon="8.5904885263">
				<ele>1951.2</ele>
				<time>1970-01-01T01:00:00+01:00</time>
				<extensions>
					<swisstopo:routepoint_id>1736177188</swisstopo:routepoint_id>
				</extensions>
			</trkpt>
			<trkpt lat="46.2631248685" lon="8.5904539275">
				<ele>1949.5</ele>
				<time>1970-01-01T01:00:00+01:00</time>
				<extensions>
					<swisstopo:routepoint_id>734918459</swisstopo:routepoint_id>
				</extensions>
			</trkpt>
			<trkpt lat="46.2631233987" lon="8.5904091321">
				<ele>1947.6</ele>
				<time>1970-01-01T01:00:00+01:00</time>
				<extensions>
					<swisstopo:routepoint_id>701299457</swisstopo:routepoint_id>
				</extensions>
			</trkpt>
			<trkpt lat="46.2631499916" lon="8.5903818187">
				<ele>1946.7</ele>
				<time>1970-01-01T01:00:00+01:00</time>
				<extensions>
					<swisstopo:routepoint_id>1379980816</swisstopo:routepoint_id>
				</extensions>
			</trkpt>
			<trkpt lat="46.2632215405" lon="8.5903429920">
				<ele>1944.8</ele>
				<time>1970-01-01T01:00:00+01:00</time>
				<extensions>
					<swisstopo:routepoint_id>1305611388</swisstopo:routepoint_id>
				</extensions>
			</trkpt>
			<trkpt lat="46.2632496348" lon="8.5902662901">
				<ele>1942.2</ele>
				<time>1970-01-01T01:00:00+01:00</time>
				<extensions>
					<swisstopo:routepoint_id>1619534171</swisstopo:routepoint_id>
				</extensions>
			</trkpt>
			<trkpt lat="46.2632983809" lon="8.5901714627">
				<ele>1938.8</ele>
				<time>1970-01-01T01:00:00+01:00</time>
				<extensions>
					<swisstopo:routepoint_id>912167009</swisstopo:routepoint_id>
				</extensions>
			</trkpt>
			<trkpt lat="46.2633147340" lon="8.5900991960">
				<ele>1936.6</ele>
				<time>1970-01-01T01:00:00+01:00</time>
				<extensions>
					<swisstopo:routepoint_id>2025092200</swisstopo:routepoint_id>
				</extensions>
			</trkpt>
			<trkpt lat="46.2633778991" lon="8.5900231314">
				<ele>1934.1</ele>
				<time>1970-01-01T01:00:00+01:00</time>
				<extensions>
					<swisstopo:routepoint_id>711413216</swisstopo:routepoint_id>
				</extensions>
			</trkpt>
			<trkpt lat="46.2634044784" lon="8.5899989178">
				<ele>1933.6</ele>
				<time>1970-01-01T01:00:00+01:00</time>
				<extensions>
					<swisstopo:routepoint_id>1055425410</swisstopo:routepoint_id>
				</extensions>
			</trkpt>
			<trkpt lat="46.2634353770" lon="8.5899330928">
				<ele>1931.2</ele>
				<time>1970-01-01T01:00:00+01:00</time>
				<extensions>
					<swisstopo:routepoint_id>230084415</swisstopo:routepoint_id>
				</extensions>
			</trkpt>
			<trkpt lat="46.2634604374" lon="8.5898671443">
				<ele>1929.1</ele>
				<time>1970-01-01T01:00:00+01:00</time>
				<extensions>
					<swisstopo:routepoint_id>625418283</swisstopo:routepoint_id>
				</extensions>
			</trkpt>
			<trkpt lat="46.2634918494" lon="8.5897764638">
				<ele>1927.4</ele>
				<time>1970-01-01T01:00:00+01:00</time>
				<extensions>
					<swisstopo:routepoint_id>2102863695</swisstopo:routepoint_id>
				</extensions>
			</trkpt>
			<trkpt lat="46.2635652177" lon="8.5896533853">
				<ele>1925.5</ele>
				<time>1970-01-01T01:00:00+01:00</time>
				<extensions>
					<swisstopo:routepoint_id>1184419924</swisstopo:routepoint_id>
				</extensions>
			</trkpt>
			<trkpt lat="46.2636179756" lon="8.5896098404">
				<ele>1923.9</ele>
				<time>1970-01-01T01:00:00+01:00</time>
				<extensions>
					<swisstopo:routepoint_id>1774394388</swisstopo:routepoint_id>
				</extensions>
			</trkpt>
			<trkpt lat="46.2636687418" lon="8.5895622059">
				<ele>1921.8</ele>
				<time>1970-01-01T01:00:00+01:00</time>
				<extensions>
					<swisstopo:routepoint_id>1567588863</swisstopo:routepoint_id>
				</extensions>
			</trkpt>
			<trkpt lat="46.2636312324" lon="8.5895244712">
				<ele>1920.8</ele>
				<time>1970-01-01T01:00:00+01:00</time>
				<extensions>
					<swisstopo:routepoint_id>1800201191</swisstopo:routepoint_id>
				</extensions>
			</trkpt>
			<trkpt lat="46.2635895844" lon="8.5894672678">
				<ele>1919.0</ele>
				<time>1970-01-01T01:00:00+01:00</time>
				<extensions>
					<swisstopo:routepoint_id>1017746309</swisstopo:routepoint_id>
				</extensions>
			</trkpt>
			<trkpt lat="46.2636457813" lon="8.5894402948">
				<ele>1916.9</ele>
				<time>1970-01-01T01:00:00+01:00</time>
				<extensions>
					<swisstopo:routepoint_id>1366692797</swisstopo:routepoint_id>
				</extensions>
			</trkpt>
			<trkpt lat="46.2636343217" lon="8.5894073641">
				<ele>1916.0</ele>
				<time>1970-01-01T01:00:00+01:00</time>
				<extensions>
					<swisstopo:routepoint_id>258607582</swisstopo:routepoint_id>
				</extensions>
			</trkpt>
			<trkpt lat="46.2636598666" lon="8.5893999142">
				<ele>1915.1</ele>
				<time>1970-01-01T01:00:00+01:00</time>
				<extensions>
					<swisstopo:routepoint_id>1321627562</swisstopo:routepoint_id>
				</extensions>
			</trkpt>
			<trkpt lat="46.2636846252" lon="8.5894087523">
				<ele>1914.4</ele>
				<time>1970-01-01T01:00:00+01:00</time>
				<extensions>
					<swisstopo:routepoint_id>384191529</swisstopo:routepoint_id>
				</extensions>
			</trkpt>
			<trkpt lat="46.2637256925" lon="8.5894027580">
				<ele>1912.3</ele>
				<time>1970-01-01T01:00:00+01:00</time>
				<extensions>
					<swisstopo:routepoint_id>392729129</swisstopo:routepoint_id>
				</extensions>
			</trkpt>
			<trkpt lat="46.2637638849" lon="8.5894343871">
				<ele>1910.7</ele>
				<time>1970-01-01T01:00:00+01:00</time>
				<extensions>
					<swisstopo:routepoint_id>1394793245</swisstopo:routepoint_id>
				</extensions>
			</trkpt>
			<trkpt lat="46.2637649808" lon="8.5893885556">
				<ele>1909.4</ele>
				<time>1970-01-01T01:00:00+01:00</time>
				<extensions>
					<swisstopo:routepoint_id>1402979023</swisstopo:routepoint_id>
				</extensions>
			</trkpt>
			<trkpt lat="46.2637954995" lon="8.5893812488">
				<ele>1907.4</ele>
				<time>1970-01-01T01:00:00+01:00</time>
				<extensions>
					<swisstopo:routepoint_id>1690052978</swisstopo:routepoint_id>
				</extensions>
			</trkpt>
			<trkpt lat="46.2638385635" lon="8.5894221903">
				<ele>1905.4</ele>
				<time>1970-01-01T01:00:00+01:00</time>
				<extensions>
					<swisstopo:routepoint_id>206591284</swisstopo:routepoint_id>
				</extensions>
			</trkpt>
			<trkpt lat="46.2639675476" lon="8.5894451397">
				<ele>1899.8</ele>
				<time>1970-01-01T01:00:00+01:00</time>
				<extensions>
					<swisstopo:routepoint_id>1744614167</swisstopo:routepoint_id>
				</extensions>
			</trkpt>
			<trkpt lat="46.2641062317" lon="8.5894917864">
				<ele>1893.7</ele>
				<time>1970-01-01T01:00:00+01:00</time>
				<extensions>
					<swisstopo:routepoint_id>298172847</swisstopo:routepoint_id>
				</extensions>
			</trkpt>
			<trkpt lat="46.2641433275" lon="8.5895304089">
				<ele>1892.3</ele>
				<time>1970-01-01T01:00:00+01:00</time>
				<extensions>
					<swisstopo:routepoint_id>1963214715</swisstopo:routepoint_id>
				</extensions>
			</trkpt>
			<trkpt lat="46.2641710373" lon="8.5895268447">
				<ele>1890.8</ele>
				<time>1970-01-01T01:00:00+01:00</time>
				<extensions>
					<swisstopo:routepoint_id>310018278</swisstopo:routepoint_id>
				</extensions>
			</trkpt>
			<trkpt lat="46.2641808472" lon="8.5895114472">
				<ele>1890.1</ele>
				<time>1970-01-01T01:00:00+01:00</time>
				<extensions>
					<swisstopo:routepoint_id>356196372</swisstopo:routepoint_id>
				</extensions>
			</trkpt>
			<trkpt lat="46.2641737498" lon="8.5894467890">
				<ele>1889.0</ele>
				<time>1970-01-01T01:00:00+01:00</time>
				<extensions>
					<swisstopo:routepoint_id>1576790719</swisstopo:routepoint_id>
				</extensions>
			</trkpt>
			<trkpt lat="46.2641699679" lon="8.5893922795">
				<ele>1887.9</ele>
				<time>1970-01-01T01:00:00+01:00</time>
				<extensions>
					<swisstopo:routepoint_id>1229248933</swisstopo:routepoint_id>
				</extensions>
			</trkpt>
			<trkpt lat="46.2642686700" lon="8.5893647655">
				<ele>1884.2</ele>
				<time>1970-01-01T01:00:00+01:00</time>
				<extensions>
					<swisstopo:routepoint_id>467813807</swisstopo:routepoint_id>
				</extensions>
			</trkpt>
			<trkpt lat="46.2643202218" lon="8.5893734434">
				<ele>1883.2</ele>
				<time>1970-01-01T01:00:00+01:00</time>
				<extensions>
					<swisstopo:routepoint_id>1428002836</swisstopo:routepoint_id>
				</extensions>
			</trkpt>
			<trkpt lat="46.2644420505" lon="8.5893232648">
				<ele>1883.5</ele>
				<time>1970-01-01T01:00:00+01:00</time>
				<extensions>
					<swisstopo:routepoint_id>908120955</swisstopo:routepoint_id>
				</extensions>
			</trkpt>
			<trkpt lat="46.2644976833" lon="8.5892986782">
				<ele>1883.1</ele>
				<time>1970-01-01T01:00:00+01:00</time>
				<extensions>
					<swisstopo:routepoint_id>2004225246</swisstopo:routepoint_id>
				</extensions>
			</trkpt>
			<trkpt lat="46.2645581085" lon="8.5893062215">
				<ele>1882.8</ele>
				<time>1970-01-01T01:00:00+01:00</time>
				<extensions>
					<swisstopo:routepoint_id>1795007784</swisstopo:routepoint_id>
				</extensions>
			</trkpt>
			<trkpt lat="46.2645905694" lon="8.5892777737">
				<ele>1882.1</ele>
				<time>1970-01-01T01:00:00+01:00</time>
				<extensions>
					<swisstopo:routepoint_id>85994933</swisstopo:routepoint_id>
				</extensions>
			</trkpt>
			<trkpt lat="46.2646262293" lon="8.5892514805">
				<ele>1881.6</ele>
				<time>1970-01-01T01:00:00+01:00</time>
				<extensions>
					<swisstopo:routepoint_id>1100045363</swisstopo:routepoint_id>
				</extensions>
			</trkpt>
			<trkpt lat="46.2646434384" lon="8.5892029549">
				<ele>1880.8</ele>
				<time>1970-01-01T01:00:00+01:00</time>
				<extensions>
					<swisstopo:routepoint_id>1193148139</swisstopo:routepoint_id>
				</extensions>
			</trkpt>
			<trkpt lat="46.2646677896" lon="8.5891483272">
				<ele>1880.7</ele>
				<time>1970-01-01T01:00:00+01:00</time>
				<extensions>
					<swisstopo:routepoint_id>998507542</swisstopo:routepoint_id>
				</extensions>
			</trkpt>
			<trkpt lat="46.2646926829" lon="8.5891041126">
				<ele>1881.5</ele>
				<time>1970-01-01T01:00:00+01:00</time>
				<extensions>
					<swisstopo:routepoint_id>535274832</swisstopo:routepoint_id>
				</extensions>
			</trkpt>
			<trkpt lat="46.2647525653" lon="8.5890367194">
				<ele>1883.2</ele>
				<time>1970-01-01T01:00:00+01:00</time>
				<extensions>
					<swisstopo:routepoint_id>1531702381</swisstopo:routepoint_id>
				</extensions>
			</trkpt>
			<trkpt lat="46.2648160321" lon="8.5889309014">
				<ele>1883.8</ele>
				<time>1970-01-01T01:00:00+01:00</time>
				<extensions>
					<swisstopo:routepoint_id>756648079</swisstopo:routepoint_id>
				</extensions>
			</trkpt>
			<trkpt lat="46.2648449912" lon="8.5889088524">
				<ele>1884.0</ele>
				<time>1970-01-01T01:00:00+01:00</time>
				<extensions>
					<swisstopo:routepoint_id>200896065</swisstopo:routepoint_id>
				</extensions>
			</trkpt>
			<trkpt lat="46.2648916104" lon="8.5888531764">
				<ele>1883.2</ele>
				<time>1970-01-01T01:00:00+01:00</time>
				<extensions>
					<swisstopo:routepoint_id>1541593609</swisstopo:routepoint_id>
				</extensions>
			</trkpt>
			<trkpt lat="46.2649640655" lon="8.5887729594">
				<ele>1880.4</ele>
				<time>1970-01-01T01:00:00+01:00</time>
				<extensions>
					<swisstopo:routepoint_id>1843602395</swisstopo:routepoint_id>
				</extensions>
			</trkpt>
			<trkpt lat="46.2650290705" lon="8.5886113684">
				<ele>1878.0</ele>
				<time>1970-01-01T01:00:00+01:00</time>
				<extensions>
					<swisstopo:routepoint_id>982501268</swisstopo:routepoint_id>
				</extensions>
			</trkpt>
			<trkpt lat="46.2650712768" lon="8.5884897547">
				<ele>1876.8</ele>
				<time>1970-01-01T01:00:00+01:00</time>
				<extensions>
					<swisstopo:routepoint_id>2013362101</swisstopo:routepoint_id>
				</extensions>
			</trkpt>
			<trkpt lat="46.2651296190" lon="8.5883667160">
				<ele>1874.0</ele>
				<time>1970-01-01T01:00:00+01:00</time>
				<extensions>
					<swisstopo:routepoint_id>2074317965</swisstopo:routepoint_id>
				</extensions>
			</trkpt>
			<trkpt lat="46.2651545122" lon="8.5883481484">
				<ele>1873.2</ele>
				<time>1970-01-01T01:00:00+01:00</time>
				<extensions>
					<swisstopo:routepoint_id>1128696154</swisstopo:routepoint_id>
				</extensions>
			</trkpt>
			<trkpt lat="46.2651830298" lon="8.5882623974">
				<ele>1871.8</ele>
				<time>1970-01-01T01:00:00+01:00</time>
				<extensions>
					<swisstopo:routepoint_id>850159799</swisstopo:routepoint_id>
				</extensions>
			</trkpt>
			<trkpt lat="46.2652284570" lon="8.5882248689">
				<ele>1872.0</ele>
				<time>1970-01-01T01:00:00+01:00</time>
				<extensions>
					<swisstopo:routepoint_id>1188201961</swisstopo:routepoint_id>
				</extensions>
			</trkpt>
			<trkpt lat="46.2652454209" lon="8.5882012946">
				<ele>1872.3</ele>
				<time>1970-01-01T01:00:00+01:00</time>
				<extensions>
					<swisstopo:routepoint_id>1805848503</swisstopo:routepoint_id>
				</extensions>
			</trkpt>
			<trkpt lat="46.2652648926" lon="8.5881850619">
				<ele>1872.9</ele>
				<time>1970-01-01T01:00:00+01:00</time>
				<extensions>
					<swisstopo:routepoint_id>1391880131</swisstopo:routepoint_id>
				</extensions>
			</trkpt>
			<trkpt lat="46.2652807200" lon="8.5881458583">
				<ele>1873.5</ele>
				<time>1970-01-01T01:00:00+01:00</time>
				<extensions>
					<swisstopo:routepoint_id>390860217</swisstopo:routepoint_id>
				</extensions>
			</trkpt>
			<trkpt lat="46.2653248317" lon="8.5880907901">
				<ele>1875.4</ele>
				<time>1970-01-01T01:00:00+01:00</time>
				<extensions>
					<swisstopo:routepoint_id>1434595889</swisstopo:routepoint_id>
				</extensions>
			</trkpt>
			<trkpt lat="46.2653435603" lon="8.5880130566">
				<ele>1875.5</ele>
				<time>1970-01-01T01:00:00+01:00</time>
				<extensions>
					<swisstopo:routepoint_id>2089460123</swisstopo:routepoint_id>
				</extensions>
			</trkpt>
			<trkpt lat="46.2653978704" lon="8.5880141387">
				<ele>1876.5</ele>
				<time>1970-01-01T01:00:00+01:00</time>
				<extensions>
					<swisstopo:routepoint_id>386423996</swisstopo:routepoint_id>
				</extensions>
			</trkpt>
			<trkpt lat="46.2654228161" lon="8.5880302708">
				<ele>1876.8</ele>
				<time>1970-01-01T01:00:00+01:00</time>
				<extensions>
					<swisstopo:routepoint_id>1228252992</swisstopo:routepoint_id>
				</extensions>
			</trkpt>
			<trkpt lat="46.2654586761" lon="8.5880497718">
				<ele>1876.5</ele>
				<time>1970-01-01T01:00:00+01:00</time>
				<extensions>
					<swisstopo:routepoint_id>2035866212</swisstopo:routepoint_id>
				</extensions>
			</trkpt>
			<trkpt lat="46.2655102895" lon="8.5880373453">
				<ele>1876.3</ele>
				<time>1970-01-01T01:00:00+01:00</time>
				<extensions>
					<swisstopo:routepoint_id>148787882</swisstopo:routepoint_id>
				</extensions>
			</trkpt>
			<trkpt lat="46.2655791944" lon="8.5880390998">
				<ele>1876.7</ele>
				<time>1970-01-01T01:00:00+01:00</time>
				<extensions>
					<swisstopo:routepoint_id>321127978</swisstopo:routepoint_id>
				</extensions>
			</trkpt>
			<trkpt lat="46.2655973819" lon="8.5880119834">
				<ele>1876.7</ele>
				<time>1970-01-01T01:00:00+01:00</time>
				<extensions>
					<swisstopo:routepoint_id>611072209</swisstopo:routepoint_id>
				</extensions>
			</trkpt>
			<trkpt lat="46.2656139866" lon="8.5879538162">
				<ele>1876.7</ele>
				<time>1970-01-01T01:00:00+01:00</time>
				<extensions>
					<swisstopo:routepoint_id>1780478700</swisstopo:routepoint_id>
				</extensions>
			</trkpt>
			<trkpt lat="46.2656593766" lon="8.5878933400">
				<ele>1876.9</ele>
				<time>1970-01-01T01:00:00+01:00</time>
				<extensions>
					<swisstopo:routepoint_id>822126021</swisstopo:routepoint_id>
				</extensions>
			</trkpt>
			<trkpt lat="46.2656542263" lon="8.5878361812">
				<ele>1877.2</ele>
				<time>1970-01-01T01:00:00+01:00</time>
				<extensions>
					<swisstopo:routepoint_id>904179883</swisstopo:routepoint_id>
				</extensions>
			</trkpt>
			<trkpt lat="46.2657074134" lon="8.5877033424">
				<ele>1877.3</ele>
				<time>1970-01-01T01:00:00+01:00</time>
				<extensions>
					<swisstopo:routepoint_id>601859645</swisstopo:routepoint_id>
				</extensions>
			</trkpt>
			<trkpt lat="46.2657434631" lon="8.5876802735">
				<ele>1877.7</ele>
				<time>1970-01-01T01:00:00+01:00</time>
				<extensions>
					<swisstopo:routepoint_id>1234971039</swisstopo:routepoint_id>
				</extensions>
			</trkpt>
			<trkpt lat="46.2657790119" lon="8.5876435997">
				<ele>1877.8</ele>
				<time>1970-01-01T01:00:00+01:00</time>
				<extensions>
					<swisstopo:routepoint_id>564770530</swisstopo:routepoint_id>
				</extensions>
			</trkpt>
			<trkpt lat="46.2658027441" lon="8.5875763351">
				<ele>1877.1</ele>
				<time>1970-01-01T01:00:00+01:00</time>
				<extensions>
					<swisstopo:routepoint_id>1808929405</swisstopo:routepoint_id>
				</extensions>
			</trkpt>
			<trkpt lat="46.2658551026" lon="8.5875826691">
				<ele>1876.0</ele>
				<time>1970-01-01T01:00:00+01:00</time>
				<extensions>
					<swisstopo:routepoint_id>241859463</swisstopo:routepoint_id>
				</extensions>
			</trkpt>
			<trkpt lat="46.2658953817" lon="8.5876241600">
				<ele>1874.5</ele>
				<time>1970-01-01T01:00:00+01:00</time>
				<extensions>
					<swisstopo:routepoint_id>334378767</swisstopo:routepoint_id>
				</extensions>
			</trkpt>
			<trkpt lat="46.2658975496" lon="8.5876658201">
				<ele>1873.7</ele>
				<time>1970-01-01T01:00:00+01:00</time>
				<extensions>
					<swisstopo:routepoint_id>2137592420</swisstopo:routepoint_id>
				</extensions>
			</trkpt>
			<trkpt lat="46.2659083603" lon="8.5876785406">
				<ele>1873.2</ele>
				<time>1970-01-01T01:00:00+01:00</time>
				<extensions>
					<swisstopo:routepoint_id>1060529332</swisstopo:routepoint_id>
				</extensions>
			</trkpt>
			<trkpt lat="46.2659310200" lon="8.5876655022">
				<ele>1872.4</ele>
				<time>1970-01-01T01:00:00+01:00</time>
				<extensions>
					<swisstopo:routepoint_id>1365878445</swisstopo:routepoint_id>
				</extensions>
			</trkpt>
			<trkpt lat="46.2659826123" lon="8.5876551634">
				<ele>1870.9</ele>
				<time>1970-01-01T01:00:00+01:00</time>
				<extensions>
					<swisstopo:routepoint_id>1675715156</swisstopo:routepoint_id>
				</extensions>
			</trkpt>
			<trkpt lat="46.2659924553" lon="8.5876356012">
				<ele>1870.5</ele>
				<time>1970-01-01T01:00:00+01:00</time>
				<extensions>
					<swisstopo:routepoint_id>1916768078</swisstopo:routepoint_id>
				</extensions>
			</trkpt>
			<trkpt lat="46.2660393269" lon="8.5876480458">
				<ele>1868.8</ele>
				<time>1970-01-01T01:00:00+01:00</time>
				<extensions>
					<swisstopo:routepoint_id>2001288762</swisstopo:routepoint_id>
				</extensions>
			</trkpt>
			<trkpt lat="46.2660660410" lon="8.5876468189">
				<ele>1867.9</ele>
				<time>1970-01-01T01:00:00+01:00</time>
				<extensions>
					<swisstopo:routepoint_id>1163202302</swisstopo:routepoint_id>
				</extensions>
			</trkpt>
			<trkpt lat="46.2660639222" lon="8.5876995570">
				<ele>1867.3</ele>
				<time>1970-01-01T01:00:00+01:00</time>
				<extensions>
					<swisstopo:routepoint_id>886116004</swisstopo:routepoint_id>
				</extensions>
			</trkpt>
			<trkpt lat="46.2660551420" lon="8.5877420376">
				<ele>1866.6</ele>
				<time>1970-01-01T01:00:00+01:00</time>
				<extensions>
					<swisstopo:routepoint_id>1470331298</swisstopo:routepoint_id>
				</extensions>
			</trkpt>
			<trkpt lat="46.2660637832" lon="8.5878452444">
				<ele>1864.9</ele>
				<time>1970-01-01T01:00:00+01:00</time>
				<extensions>
					<swisstopo:routepoint_id>1605763316</swisstopo:routepoint_id>
				</extensions>
			</trkpt>
			<trkpt lat="46.2660733167" lon="8.5878579253">
				<ele>1864.5</ele>
				<time>1970-01-01T01:00:00+01:00</time>
				<extensions>
					<swisstopo:routepoint_id>797341743</swisstopo:routepoint_id>
				</extensions>
			</trkpt>
			<trkpt lat="46.2660921827" lon="8.5878375164">
				<ele>1863.9</ele>
				<time>1970-01-01T01:00:00+01:00</time>
				<extensions>
					<swisstopo:routepoint_id>371252614</swisstopo:routepoint_id>
				</extensions>
			</trkpt>
			<trkpt lat="46.2661287301" lon="8.5877645538">
				<ele>1861.8</ele>
				<time>1970-01-01T01:00:00+01:00</time>
				<extensions>
					<swisstopo:routepoint_id>1449903656</swisstopo:routepoint_id>
				</extensions>
			</trkpt>
			<trkpt lat="46.2661385620" lon="8.5876814025">
				<ele>1859.7</ele>
				<time>1970-01-01T01:00:00+01:00</time>
				<extensions>
					<swisstopo:routepoint_id>4436221</swisstopo:routepoint_id>
				</extensions>
			</trkpt>
			<trkpt lat="46.2661438187" lon="8.5876253069">
				<ele>1858.2</ele>
				<time>1970-01-01T01:00:00+01:00</time>
				<extensions>
					<swisstopo:routepoint_id>206342897</swisstopo:routepoint_id>
				</extensions>
			</trkpt>
			<trkpt lat="46.2661836131" lon="8.5875710014">
				<ele>1856.3</ele>
				<time>1970-01-01T01:00:00+01:00</time>
				<extensions>
					<swisstopo:routepoint_id>53593910</swisstopo:routepoint_id>
				</extensions>
			</trkpt>
			<trkpt lat="46.2662265520" lon="8.5875906535">
				<ele>1855.4</ele>
				<time>1970-01-01T01:00:00+01:00</time>
				<extensions>
					<swisstopo:routepoint_id>237636113</swisstopo:routepoint_id>
				</extensions>
			</trkpt>
			<trkpt lat="46.2662452635" lon="8.5876386298">
				<ele>1855.2</ele>
				<time>1970-01-01T01:00:00+01:00</time>
				<extensions>
					<swisstopo:routepoint_id>907125014</swisstopo:routepoint_id>
				</extensions>
			</trkpt>
			<trkpt lat="46.2662688960" lon="8.5876432015">
				<ele>1854.3</ele>
				<time>1970-01-01T01:00:00+01:00</time>
				<extensions>
					<swisstopo:routepoint_id>1424794003</swisstopo:routepoint_id>
				</extensions>
			</trkpt>
			<trkpt lat="46.2663104765" lon="8.5876309521">
				<ele>1855.0</ele>
				<time>1970-01-01T01:00:00+01:00</time>
				<extensions>
					<swisstopo:routepoint_id>515792830</swisstopo:routepoint_id>
				</extensions>
			</trkpt>
			<trkpt lat="46.2663263460" lon="8.5876531460">
				<ele>1855.3</ele>
				<time>1970-01-01T01:00:00+01:00</time>
				<extensions>
					<swisstopo:routepoint_id>1646485605</swisstopo:routepoint_id>
				</extensions>
			</trkpt>
			<trkpt lat="46.2663789572" lon="8.5876709248">
				<ele>1855.4</ele>
				<time>1970-01-01T01:00:00+01:00</time>
				<extensions>
					<swisstopo:routepoint_id>1854375973</swisstopo:routepoint_id>
				</extensions>
			</trkpt>
			<trkpt lat="46.2664100417" lon="8.5876964755">
				<ele>1854.5</ele>
				<time>1970-01-01T01:00:00+01:00</time>
				<extensions>
					<swisstopo:routepoint_id>1178619054</swisstopo:routepoint_id>
				</extensions>
			</trkpt>
			<trkpt lat="46.2664394765" lon="8.5877161530">
				<ele>1854.5</ele>
				<time>1970-01-01T01:00:00+01:00</time>
				<extensions>
					<swisstopo:routepoint_id>1734638630</swisstopo:routepoint_id>
				</extensions>
			</trkpt>
			<trkpt lat="46.2664531763" lon="8.5877030552">
				<ele>1854.4</ele>
				<time>1970-01-01T01:00:00+01:00</time>
				<extensions>
					<swisstopo:routepoint_id>339409353</swisstopo:routepoint_id>
				</extensions>
			</trkpt>
			<trkpt lat="46.2664691885" lon="8.5877085429">
				<ele>1854.3</ele>
				<time>1970-01-01T01:00:00+01:00</time>
				<extensions>
					<swisstopo:routepoint_id>940413888</swisstopo:routepoint_id>
				</extensions>
			</trkpt>
			<trkpt lat="46.2664863442" lon="8.5877068418">
				<ele>1854.3</ele>
				<time>1970-01-01T01:00:00+01:00</time>
				<extensions>
					<swisstopo:routepoint_id>993111575</swisstopo:routepoint_id>
				</extensions>
			</trkpt>
			<trkpt lat="46.2665051835" lon="8.5877103274">
				<ele>1854.4</ele>
				<time>1970-01-01T01:00:00+01:00</time>
				<extensions>
					<swisstopo:routepoint_id>230391763</swisstopo:routepoint_id>
				</extensions>
			</trkpt>
			<trkpt lat="46.2665239180" lon="8.5877338914">
				<ele>1854.5</ele>
				<time>1970-01-01T01:00:00+01:00</time>
				<extensions>
					<swisstopo:routepoint_id>1818820633</swisstopo:routepoint_id>
				</extensions>
			</trkpt>
			<trkpt lat="46.2665330113" lon="8.5877500516">
				<ele>1854.6</ele>
				<time>1970-01-01T01:00:00+01:00</time>
				<extensions>
					<swisstopo:routepoint_id>1328813779</swisstopo:routepoint_id>
				</extensions>
			</trkpt>
			<trkpt lat="46.2665505654" lon="8.5877153204">
				<ele>1854.5</ele>
				<time>1970-01-01T01:00:00+01:00</time>
				<extensions>
					<swisstopo:routepoint_id>1115983970</swisstopo:routepoint_id>
				</extensions>
			</trkpt>
			<trkpt lat="46.2665623301" lon="8.5876819317">
				<ele>1854.3</ele>
				<time>1970-01-01T01:00:00+01:00</time>
				<extensions>
					<swisstopo:routepoint_id>461877264</swisstopo:routepoint_id>
				</extensions>
			</trkpt>
			<trkpt lat="46.2665751855" lon="8.5876341544">
				<ele>1854.3</ele>
				<time>1970-01-01T01:00:00+01:00</time>
				<extensions>
					<swisstopo:routepoint_id>1291244902</swisstopo:routepoint_id>
				</extensions>
			</trkpt>
			<trkpt lat="46.2665836987" lon="8.5875931469">
				<ele>1854.3</ele>
				<time>1970-01-01T01:00:00+01:00</time>
				<extensions>
					<swisstopo:routepoint_id>1512073330</swisstopo:routepoint_id>
				</extensions>
			</trkpt>
			<trkpt lat="46.2665913073" lon="8.5875473205">
				<ele>1854.4</ele>
				<time>1970-01-01T01:00:00+01:00</time>
				<extensions>
					<swisstopo:routepoint_id>512512854</swisstopo:routepoint_id>
				</extensions>
			</trkpt>
			<trkpt lat="46.2665896582" lon="8.5875218876">
				<ele>1854.4</ele>
				<time>1970-01-01T01:00:00+01:00</time>
				<extensions>
					<swisstopo:routepoint_id>1030652074</swisstopo:routepoint_id>
				</extensions>
			</trkpt>
			<trkpt lat="46.2665824509" lon="8.5874812354">
				<ele>1854.4</ele>
				<time>1970-01-01T01:00:00+01:00</time>
				<extensions>
					<swisstopo:routepoint_id>530957464</swisstopo:routepoint_id>
				</extensions>
			</trkpt>
			<trkpt lat="46.2665851481" lon="8.5874503932">
				<ele>1854.5</ele>
				<time>1970-01-01T01:00:00+01:00</time>
				<extensions>
					<swisstopo:routepoint_id>1704922634</swisstopo:routepoint_id>
				</extensions>
			</trkpt>
			<trkpt lat="46.2665916778" lon="8.5874168939">
				<ele>1854.4</ele>
				<time>1970-01-01T01:00:00+01:00</time>
				<extensions>
					<swisstopo:routepoint_id>88774260</swisstopo:routepoint_id>
				</extensions>
			</trkpt>
			<trkpt lat="46.2665882263" lon="8.5873767105">
				<ele>1855.0</ele>
				<time>1970-01-01T01:00:00+01:00</time>
				<extensions>
					<swisstopo:routepoint_id>1099078684</swisstopo:routepoint_id>
				</extensions>
			</trkpt>
			<trkpt lat="46.2665782395" lon="8.5873360012">
				<ele>1855.2</ele>
				<time>1970-01-01T01:00:00+01:00</time>
				<extensions>
					<swisstopo:routepoint_id>155859660</swisstopo:routepoint_id>
				</extensions>
			</trkpt>
			<trkpt lat="46.2665779615" lon="8.5872995823">
				<ele>1855.4</ele>
				<time>1970-01-01T01:00:00+01:00</time>
				<extensions>
					<swisstopo:routepoint_id>792905522</swisstopo:routepoint_id>
				</extensions>
			</trkpt>
			<trkpt lat="46.2665668854" lon="8.5872421028">
				<ele>1855.7</ele>
				<time>1970-01-01T01:00:00+01:00</time>
				<extensions>
					<swisstopo:routepoint_id>164909717</swisstopo:routepoint_id>
				</extensions>
			</trkpt>
			<trkpt lat="46.2665653861" lon="8.5871983550">
				<ele>1855.9</ele>
				<time>1970-01-01T01:00:00+01:00</time>
				<extensions>
					<swisstopo:routepoint_id>1396309745</swisstopo:routepoint_id>
				</extensions>
			</trkpt>
			<trkpt lat="46.2665964077" lon="8.5871397132">
				<ele>1855.6</ele>
				<time>1970-01-01T01:00:00+01:00</time>
				<extensions>
					<swisstopo:routepoint_id>1914283756</swisstopo:routepoint_id>
				</extensions>
			</trkpt>
			<trkpt lat="46.2666671286" lon="8.5871256262">
				<ele>1855.8</ele>
				<time>1970-01-01T01:00:00+01:00</time>
				<extensions>
					<swisstopo:routepoint_id>1446701531</swisstopo:routepoint_id>
				</extensions>
			</trkpt>
			<trkpt lat="46.2667338020" lon="8.5870635854">
				<ele>1855.5</ele>
				<time>1970-01-01T01:00:00+01:00</time>
				<extensions>
					<swisstopo:routepoint_id>776283555</swisstopo:routepoint_id>
				</extensions>
			</trkpt>
			<trkpt lat="46.2667801866" lon="8.5870229627">
				<ele>1855.6</ele>
				<time>1970-01-01T01:00:00+01:00</time>
				<extensions>
					<swisstopo:routepoint_id>1869326931</swisstopo:routepoint_id>
				</extensions>
			</trkpt>
			<trkpt lat="46.2668370296" lon="8.5869721560">
				<ele>1856.0</ele>
				<time>1970-01-01T01:00:00+01:00</time>
				<extensions>
					<swisstopo:routepoint_id>1408123057</swisstopo:routepoint_id>
				</extensions>
			</trkpt>
			<trkpt lat="46.2668982581" lon="8.5869360102">
				<ele>1855.8</ele>
				<time>1970-01-01T01:00:00+01:00</time>
				<extensions>
					<swisstopo:routepoint_id>1717901678</swisstopo:routepoint_id>
				</extensions>
			</trkpt>
			<trkpt lat="46.2669432841" lon="8.5869015977">
				<ele>1855.4</ele>
				<time>1970-01-01T01:00:00+01:00</time>
				<extensions>
					<swisstopo:routepoint_id>1484657424</swisstopo:routepoint_id>
				</extensions>
			</trkpt>
			<trkpt lat="46.2670224766" lon="8.5868825006">
				<ele>1855.9</ele>
				<time>1970-01-01T01:00:00+01:00</time>
				<extensions>
					<swisstopo:routepoint_id>2059330622</swisstopo:routepoint_id>
				</extensions>
			</trkpt>
			<trkpt lat="46.2670559195" lon="8.5868405530">
				<ele>1855.5</ele>
				<time>1970-01-01T01:00:00+01:00</time>
				<extensions>
					<swisstopo:routepoint_id>1514966620</swisstopo:routepoint_id>
				</extensions>
			</trkpt>
			<trkpt lat="46.2670820895" lon="8.5868140576">
				<ele>1855.2</ele>
				<time>1970-01-01T01:00:00+01:00</time>
				<extensions>
					<swisstopo:routepoint_id>238205166</swisstopo:routepoint_id>
				</extensions>
			</trkpt>
			<trkpt lat="46.2670960392" lon="8.5867789765">
				<ele>1855.2</ele>
				<time>1970-01-01T01:00:00+01:00</time>
				<extensions>
					<swisstopo:routepoint_id>741527055</swisstopo:routepoint_id>
				</extensions>
			</trkpt>
			<trkpt lat="46.2670965881" lon="8.5867248812">
				<ele>1855.3</ele>
				<time>1970-01-01T01:00:00+01:00</time>
				<extensions>
					<swisstopo:routepoint_id>109017589</swisstopo:routepoint_id>
				</extensions>
			</trkpt>
			<trkpt lat="46.2671042200" lon="8.5866740476">
				<ele>1855.3</ele>
				<time>1970-01-01T01:00:00+01:00</time>
				<extensions>
					<swisstopo:routepoint_id>1269076903</swisstopo:routepoint_id>
				</extensions>
			</trkpt>
			<trkpt lat="46.2670954913" lon="8.5866405634">
				<ele>1855.4</ele>
				<time>1970-01-01T01:00:00+01:00</time>
				<extensions>
					<swisstopo:routepoint_id>1811781444</swisstopo:routepoint_id>
				</extensions>
			</trkpt>
			<trkpt lat="46.2671122678" lon="8.5865068490">
				<ele>1855.5</ele>
				<time>1970-01-01T01:00:00+01:00</time>
				<extensions>
					<swisstopo:routepoint_id>1261891441</swisstopo:routepoint_id>
				</extensions>
			</trkpt>
			<trkpt lat="46.2671043274" lon="8.5863566045">
				<ele>1856.1</ele>
				<time>1970-01-01T01:00:00+01:00</time>
				<extensions>
					<swisstopo:routepoint_id>1356943368</swisstopo:routepoint_id>
				</extensions>
			</trkpt>
			<trkpt lat="46.2671248873" lon="8.5862197267">
				<ele>1857.3</ele>
				<time>1970-01-01T01:00:00+01:00</time>
				<extensions>
					<swisstopo:routepoint_id>37568877</swisstopo:routepoint_id>
				</extensions>
			</trkpt>
			<trkpt lat="46.2671314715" lon="8.5860796736">
				<ele>1857.1</ele>
				<time>1970-01-01T01:00:00+01:00</time>
				<extensions>
					<swisstopo:routepoint_id>1751394287</swisstopo:routepoint_id>
				</extensions>
			</trkpt>
			<trkpt lat="46.2671558682" lon="8.5860009012">
				<ele>1857.2</ele>
				<time>1970-01-01T01:00:00+01:00</time>
				<extensions>
					<swisstopo:routepoint_id>2096848058</swisstopo:routepoint_id>
				</extensions>
			</trkpt>
			<trkpt lat="46.2671963427" lon="8.5859016212">
				<ele>1857.7</ele>
				<time>1970-01-01T01:00:00+01:00</time>
				<extensions>
					<swisstopo:routepoint_id>260592828</swisstopo:routepoint_id>
				</extensions>
			</trkpt>
			<trkpt lat="46.2672657111" lon="8.5857316276">
				<ele>1859.1</ele>
				<time>1970-01-01T01:00:00+01:00</time>
				<extensions>
					<swisstopo:routepoint_id>981115866</swisstopo:routepoint_id>
				</extensions>
			</trkpt>
			<trkpt lat="46.2673176632" lon="8.5855845786">
				<ele>1860.8</ele>
				<time>1970-01-01T01:00:00+01:00</time>
				<extensions>
					<swisstopo:routepoint_id>955073868</swisstopo:routepoint_id>
				</extensions>
			</trkpt>
			<trkpt lat="46.2673227876" lon="8.5855183719">
				<ele>1861.2</ele>
				<time>1970-01-01T01:00:00+01:00</time>
				<extensions>
					<swisstopo:routepoint_id>941877813</swisstopo:routepoint_id>
				</extensions>
			</trkpt>
			<trkpt lat="46.2673409975" lon="8.5854410513">
				<ele>1861.0</ele>
				<time>1970-01-01T01:00:00+01:00</time>
				<extensions>
					<swisstopo:routepoint_id>1579362427</swisstopo:routepoint_id>
				</extensions>
			</trkpt>
			<trkpt lat="46.2673680625" lon="8.5853918985">
				<ele>1860.7</ele>
				<time>1970-01-01T01:00:00+01:00</time>
				<extensions>
					<swisstopo:routepoint_id>1549062974</swisstopo:routepoint_id>
				</extensions>
			</trkpt>
			<trkpt lat="46.2673795622" lon="8.5853393043">
				<ele>1860.8</ele>
				<time>1970-01-01T01:00:00+01:00</time>
				<extensions>
					<swisstopo:routepoint_id>1443352386</swisstopo:routepoint_id>
				</extensions>
			</trkpt>
			<trkpt lat="46.2674086899" lon="8.5852756920">
				<ele>1860.6</ele>
				<time>1970-01-01T01:00:00+01:00</time>
				<extensions>
					<swisstopo:routepoint_id>934168967</swisstopo:routepoint_id>
				</extensions>
			</trkpt>
			<trkpt lat="46.2674536934" lon="8.5852177063">
				<ele>1860.9</ele>
				<time>1970-01-01T01:00:00+01:00</time>
				<extensions>
					<swisstopo:routepoint_id>907033562</swisstopo:routepoint_id>
				</extensions>
			</trkpt>
			<trkpt lat="46.2675134296" lon="8.5850890460">
				<ele>1861.1</ele>
				<time>1970-01-01T01:00:00+01:00</time>
				<extensions>
					<swisstopo:routepoint_id>1026105414</swisstopo:routepoint_id>
				</extensions>
			</trkpt>
			<trkpt lat="46.2675875533" lon="8.5849015478">
				<ele>1862.1</ele>
				<time>1970-01-01T01:00:00+01:00</time>
				<extensions>
					<swisstopo:routepoint_id>865691834</swisstopo:routepoint_id>
				</extensions>
			</trkpt>
			<trkpt lat="46.2676203038" lon="8.5847919982">
				<ele>1862.6</ele>
				<time>1970-01-01T01:00:00+01:00</time>
				<extensions>
					<swisstopo:routepoint_id>620026190</swisstopo:routepoint_id>
				</extensions>
			</trkpt>
			<trkpt lat="46.2676346962" lon="8.5847762156">
				<ele>1863.2</ele>
				<time>1970-01-01T01:00:00+01:00</time>
				<extensions>
					<swisstopo:routepoint_id>44956825</swisstopo:routepoint_id>
				</extensions>
			</trkpt>
			<trkpt lat="46.2676522343" lon="8.5846816781">
				<ele>1863.8</ele>
				<time>1970-01-01T01:00:00+01:00</time>
				<extensions>
					<swisstopo:routepoint_id>38578474</swisstopo:routepoint_id>
				</extensions>
			</trkpt>
			<trkpt lat="46.2676824170" lon="8.5845422765">
				<ele>1863.9</ele>
				<time>1970-01-01T01:00:00+01:00</time>
				<extensions>
					<swisstopo:routepoint_id>1205865525</swisstopo:routepoint_id>
				</extensions>
			</trkpt>
			<trkpt lat="46.2677182147" lon="8.5843920695">
				<ele>1864.4</ele>
				<time>1970-01-01T01:00:00+01:00</time>
				<extensions>
					<swisstopo:routepoint_id>384669507</swisstopo:routepoint_id>
				</extensions>
			</trkpt>
			<trkpt lat="46.2677410394" lon="8.5842729571">
				<ele>1864.5</ele>
				<time>1970-01-01T01:00:00+01:00</time>
				<extensions>
					<swisstopo:routepoint_id>1496276082</swisstopo:routepoint_id>
				</extensions>
			</trkpt>
			<trkpt lat="46.2677666173" lon="8.5841937930">
				<ele>1864.9</ele>
				<time>1970-01-01T01:00:00+01:00</time>
				<extensions>
					<swisstopo:routepoint_id>202935057</swisstopo:routepoint_id>
				</extensions>
			</trkpt>
			<trkpt lat="46.2677798049" lon="8.5841414935">
				<ele>1864.5</ele>
				<time>1970-01-01T01:00:00+01:00</time>
				<extensions>
					<swisstopo:routepoint_id>1246452257</swisstopo:routepoint_id>
				</extensions>
			</trkpt>
			<trkpt lat="46.2677709516" lon="8.5840793507">
				<ele>1863.8</ele>
				<time>1970-01-01T01:00:00+01:00</time>
				<extensions>
					<swisstopo:routepoint_id>1317803567</swisstopo:routepoint_id>
				</extensions>
			</trkpt>
			<trkpt lat="46.2677955564" lon="8.5839407645">
				<ele>1863.9</ele>
				<time>1970-01-01T01:00:00+01:00</time>
				<extensions>
					<swisstopo:routepoint_id>1405949031</swisstopo:routepoint_id>
				</extensions>
			</trkpt>
			<trkpt lat="46.2677909406" lon="8.5838252644">
				<ele>1863.5</ele>
				<time>1970-01-01T01:00:00+01:00</time>
				<extensions>
					<swisstopo:routepoint_id>1116611911</swisstopo:routepoint_id>
				</extensions>
			</trkpt>
			<trkpt lat="46.2677619402" lon="8.5836710211">
				<ele>1862.0</ele>
				<time>1970-01-01T01:00:00+01:00</time>
				<extensions>
					<swisstopo:routepoint_id>1077229259</swisstopo:routepoint_id>
				</extensions>
			</trkpt>
			<trkpt lat="46.2677182642" lon="8.5835605497">
				<ele>1859.9</ele>
				<time>1970-01-01T01:00:00+01:00</time>
				<extensions>
					<swisstopo:routepoint_id>994609796</swisstopo:routepoint_id>
				</extensions>
			</trkpt>
			<trkpt lat="46.2676860552" lon="8.5833661950">
				<ele>1852.8</ele>
				<time>1970-01-01T01:00:00+01:00</time>
				<extensions>
					<swisstopo:routepoint_id>1151325409</swisstopo:routepoint_id>
				</extensions>
			</trkpt>
			<trkpt lat="46.2676860552" lon="8.5833661950">
				<ele>1852.8</ele>
				<extensions>
					<swisstopo:waypoint_id>1856893308</swisstopo:waypoint_id>
					<swisstopo:waypoint_is_controlpoint>0</swisstopo:waypoint_is_controlpoint>
					<swisstopo:waypoint_routepoint_id>1151325409</swisstopo:waypoint_routepoint_id>
					<swisstopo:waypoint_meters_into_tour>8433.630289</swisstopo:waypoint_meters_into_tour>
					<swisstopo:waypoint_stage_before distance="8433.630289" duration="15132.574011" ascent="1212.298035" descent="258.300781" />
					<swisstopo:waypoint_trackpoint_id>swisstopo-770278423</swisstopo:waypoint_trackpoint_id>
					<swisstopo:waypoint_original_name>Lago d'Alzasca</swisstopo:waypoint_original_name>
				</extensions>
				<name>swisstopo-770278423</name>
			</trkpt>
			<trkpt lat="46.2676872266" lon="8.5833648565">
				<ele>1852.8</ele>
				<time>1970-01-01T01:00:00+01:00</time>
				<extensions>
					<swisstopo:routepoint_id>2143457423</swisstopo:routepoint_id>
				</extensions>
			</trkpt>
			<trkpt lat="46.2676859087" lon="8.5833653106">
				<ele>1859.7</ele>
				<time>1970-01-01T01:00:00+01:00</time>
				<extensions>
					<swisstopo:routepoint_id>1069552740</swisstopo:routepoint_id>
				</extensions>
			</trkpt>
			<trkpt lat="46.2676859087" lon="8.5833653106">
				<ele>1859.7</ele>
				<extensions>
					<swisstopo:waypoint_id>770278421</swisstopo:waypoint_id>
					<swisstopo:waypoint_is_controlpoint>1</swisstopo:waypoint_is_controlpoint>
					<swisstopo:waypoint_routepoint_id>1069552740</swisstopo:waypoint_routepoint_id>
					<swisstopo:waypoint_meters_into_tour>8433.947069</swisstopo:waypoint_meters_into_tour>
					<swisstopo:waypoint_trackpoint_id>swisstopo-770278421</swisstopo:waypoint_trackpoint_id>
					<swisstopo:waypoint_original_name>Lago d'Alzasca</swisstopo:waypoint_original_name>
				</extensions>
				<name>swisstopo-770278421</name>
			</trkpt>
			<trkpt lat="46.2677182642" lon="8.5835605497">
				<ele>1859.9</ele>
				<time>1970-01-01T01:00:00+01:00</time>
				<extensions>
					<swisstopo:routepoint_id>324148841</swisstopo:routepoint_id>
				</extensions>
			</trkpt>
			<trkpt lat="46.2677619402" lon="8.5836710211">
				<ele>1862.0</ele>
				<time>1970-01-01T01:00:00+01:00</time>
				<extensions>
					<swisstopo:routepoint_id>344170794</swisstopo:routepoint_id>
				</extensions>
			</trkpt>
			<trkpt lat="46.2677909406" lon="8.5838252644">
				<ele>1863.5</ele>
				<time>1970-01-01T01:00:00+01:00</time>
				<extensions>
					<swisstopo:routepoint_id>1298636782</swisstopo:routepoint_id>
				</extensions>
			</trkpt>
			<trkpt lat="46.2677955564" lon="8.5839407645">
				<ele>1863.9</ele>
				<time>1970-01-01T01:00:00+01:00</time>
				<extensions>
					<swisstopo:routepoint_id>736263703</swisstopo:routepoint_id>
				</extensions>
			</trkpt>
			<trkpt lat="46.2677709516" lon="8.5840793507">
				<ele>1863.8</ele>
				<time>1970-01-01T01:00:00+01:00</time>
				<extensions>
					<swisstopo:routepoint_id>1098862154</swisstopo:routepoint_id>
				</extensions>
			</trkpt>
			<trkpt lat="46.2677798049" lon="8.5841414935">
				<ele>1864.5</ele>
				<time>1970-01-01T01:00:00+01:00</time>
				<extensions>
					<swisstopo:routepoint_id>1372703568</swisstopo:routepoint_id>
				</extensions>
			</trkpt>
			<trkpt lat="46.2677666173" lon="8.5841937930">
				<ele>1864.9</ele>
				<time>1970-01-01T01:00:00+01:00</time>
				<extensions>
					<swisstopo:routepoint_id>19080788</swisstopo:routepoint_id>
				</extensions>
			</trkpt>
			<trkpt lat="46.2677410394" lon="8.5842729571">
				<ele>1864.5</ele>
				<time>1970-01-01T01:00:00+01:00</time>
				<extensions>
					<swisstopo:routepoint_id>1790850034</swisstopo:routepoint_id>
				</extensions>
			</trkpt>
			<trkpt lat="46.2677182147" lon="8.5843920695">
				<ele>1864.4</ele>
				<time>1970-01-01T01:00:00+01:00</time>
				<extensions>
					<swisstopo:routepoint_id>1056171971</swisstopo:routepoint_id>
				</extensions>
			</trkpt>
			<trkpt lat="46.2676824170" lon="8.5845422765">
				<ele>1863.9</ele>
				<time>1970-01-01T01:00:00+01:00</time>
				<extensions>
					<swisstopo:routepoint_id>490791055</swisstopo:routepoint_id>
				</extensions>
			</trkpt>
			<trkpt lat="46.2676522343" lon="8.5846816781">
				<ele>1863.8</ele>
				<time>1970-01-01T01:00:00+01:00</time>
				<extensions>
					<swisstopo:routepoint_id>1283191795</swisstopo:routepoint_id>
				</extensions>
			</trkpt>
			<trkpt lat="46.2676346962" lon="8.5847762156">
				<ele>1863.2</ele>
				<time>1970-01-01T01:00:00+01:00</time>
				<extensions>
					<swisstopo:routepoint_id>1006914306</swisstopo:routepoint_id>
				</extensions>
			</trkpt>
			<trkpt lat="46.2676203038" lon="8.5847919982">
				<ele>1862.6</ele>
				<time>1970-01-01T01:00:00+01:00</time>
				<extensions>
					<swisstopo:routepoint_id>1529545432</swisstopo:routepoint_id>
				</extensions>
			</trkpt>
			<trkpt lat="46.2675875533" lon="8.5849015478">
				<ele>1862.1</ele>
				<time>1970-01-01T01:00:00+01:00</time>
				<extensions>
					<swisstopo:routepoint_id>633370187</swisstopo:routepoint_id>
				</extensions>
			</trkpt>
			<trkpt lat="46.2675134296" lon="8.5850890460">
				<ele>1861.1</ele>
				<time>1970-01-01T01:00:00+01:00</time>
				<extensions>
					<swisstopo:routepoint_id>882302070</swisstopo:routepoint_id>
				</extensions>
			</trkpt>
			<trkpt lat="46.2674536934" lon="8.5852177063">
				<ele>1860.9</ele>
				<time>1970-01-01T01:00:00+01:00</time>
				<extensions>
					<swisstopo:routepoint_id>240943785</swisstopo:routepoint_id>
				</extensions>
			</trkpt>
			<trkpt lat="46.2674086899" lon="8.5852756920">
				<ele>1860.6</ele>
				<time>1970-01-01T01:00:00+01:00</time>
				<extensions>
					<swisstopo:routepoint_id>79065210</swisstopo:routepoint_id>
				</extensions>
			</trkpt>
			<trkpt lat="46.2673795622" lon="8.5853393043">
				<ele>1860.8</ele>
				<time>1970-01-01T01:00:00+01:00</time>
				<extensions>
					<swisstopo:routepoint_id>544295263</swisstopo:routepoint_id>
				</extensions>
			</trkpt>
			<trkpt lat="46.2673680625" lon="8.5853918985">
				<ele>1860.7</ele>
				<time>1970-01-01T01:00:00+01:00</time>
				<extensions>
					<swisstopo:routepoint_id>81234195</swisstopo:routepoint_id>
				</extensions>
			</trkpt>
			<trkpt lat="46.2673409975" lon="8.5854410513">
				<ele>1861.0</ele>
				<time>1970-01-01T01:00:00+01:00</time>
				<extensions>
					<swisstopo:routepoint_id>666608777</swisstopo:routepoint_id>
				</extensions>
			</trkpt>
			<trkpt lat="46.2673227876" lon="8.5855183719">
				<ele>1861.2</ele>
				<time>1970-01-01T01:00:00+01:00</time>
				<extensions>
					<swisstopo:routepoint_id>516067361</swisstopo:routepoint_id>
				</extensions>
			</trkpt>
			<trkpt lat="46.2673176632" lon="8.5855845786">
				<ele>1860.8</ele>
				<time>1970-01-01T01:00:00+01:00</time>
				<extensions>
					<swisstopo:routepoint_id>1511076303</swisstopo:routepoint_id>
				</extensions>
			</trkpt>
			<trkpt lat="46.2672657111" lon="8.5857316276">
				<ele>1859.1</ele>
				<time>1970-01-01T01:00:00+01:00</time>
				<extensions>
					<swisstopo:routepoint_id>692603344</swisstopo:routepoint_id>
				</extensions>
			</trkpt>
			<trkpt lat="46.2671963427" lon="8.5859016212">
				<ele>1857.7</ele>
				<time>1970-01-01T01:00:00+01:00</time>
				<extensions>
					<swisstopo:routepoint_id>1901788585</swisstopo:routepoint_id>
				</extensions>
			</trkpt>
			<trkpt lat="46.2671558682" lon="8.5860009012">
				<ele>1857.2</ele>
				<time>1970-01-01T01:00:00+01:00</time>
				<extensions>
					<swisstopo:routepoint_id>1603051561</swisstopo:routepoint_id>
				</extensions>
			</trkpt>
			<trkpt lat="46.2671314715" lon="8.5860796736">
				<ele>1857.1</ele>
				<time>1970-01-01T01:00:00+01:00</time>
				<extensions>
					<swisstopo:routepoint_id>2060235767</swisstopo:routepoint_id>
				</extensions>
			</trkpt>
			<trkpt lat="46.2671248873" lon="8.5862197267">
				<ele>1857.3</ele>
				<time>1970-01-01T01:00:00+01:00</time>
				<extensions>
					<swisstopo:routepoint_id>2105515026</swisstopo:routepoint_id>
				</extensions>
			</trkpt>
			<trkpt lat="46.2671043274" lon="8.5863566045">
				<ele>1856.1</ele>
				<time>1970-01-01T01:00:00+01:00</time>
				<extensions>
					<swisstopo:routepoint_id>1308660118</swisstopo:routepoint_id>
				</extensions>
			</trkpt>
			<trkpt lat="46.2671122678" lon="8.5865068490">
				<ele>1855.5</ele>
				<time>1970-01-01T01:00:00+01:00</time>
				<extensions>
					<swisstopo:routepoint_id>1926961166</swisstopo:routepoint_id>
				</extensions>
			</trkpt>
			<trkpt lat="46.2670954913" lon="8.5866405634">
				<ele>1855.4</ele>
				<time>1970-01-01T01:00:00+01:00</time>
				<extensions>
					<swisstopo:routepoint_id>1425242252</swisstopo:routepoint_id>
				</extensions>
			</trkpt>
			<trkpt lat="46.2671042200" lon="8.5866740476">
				<ele>1855.3</ele>
				<time>1970-01-01T01:00:00+01:00</time>
				<extensions>
					<swisstopo:routepoint_id>1918399605</swisstopo:routepoint_id>
				</extensions>
			</trkpt>
			<trkpt lat="46.2670965881" lon="8.5867248812">
				<ele>1855.3</ele>
				<time>1970-01-01T01:00:00+01:00</time>
				<extensions>
					<swisstopo:routepoint_id>1735368786</swisstopo:routepoint_id>
				</extensions>
			</trkpt>
			<trkpt lat="46.2670960392" lon="8.5867789765">
				<ele>1855.2</ele>
				<time>1970-01-01T01:00:00+01:00</time>
				<extensions>
					<swisstopo:routepoint_id>1392792288</swisstopo:routepoint_id>
				</extensions>
			</trkpt>
			<trkpt lat="46.2670820895" lon="8.5868140576">
				<ele>1855.2</ele>
				<time>1970-01-01T01:00:00+01:00</time>
				<extensions>
					<swisstopo:routepoint_id>2073416862</swisstopo:routepoint_id>
				</extensions>
			</trkpt>
			<trkpt lat="46.2670559195" lon="8.5868405530">
				<ele>1855.5</ele>
				<time>1970-01-01T01:00:00+01:00</time>
				<extensions>
					<swisstopo:routepoint_id>717182914</swisstopo:routepoint_id>
				</extensions>
			</trkpt>
			<trkpt lat="46.2670224766" lon="8.5868825006">
				<ele>1855.9</ele>
				<time>1970-01-01T01:00:00+01:00</time>
				<extensions>
					<swisstopo:routepoint_id>1455495768</swisstopo:routepoint_id>
				</extensions>
			</trkpt>
			<trkpt lat="46.2669432841" lon="8.5869015977">
				<ele>1855.4</ele>
				<time>1970-01-01T01:00:00+01:00</time>
				<extensions>
					<swisstopo:routepoint_id>316531597</swisstopo:routepoint_id>
				</extensions>
			</trkpt>
			<trkpt lat="46.2668982581" lon="8.5869360102">
				<ele>1855.8</ele>
				<time>1970-01-01T01:00:00+01:00</time>
				<extensions>
					<swisstopo:routepoint_id>1675773381</swisstopo:routepoint_id>
				</extensions>
			</trkpt>
			<trkpt lat="46.2668370296" lon="8.5869721560">
				<ele>1856.0</ele>
				<time>1970-01-01T01:00:00+01:00</time>
				<extensions>
					<swisstopo:routepoint_id>507658239</swisstopo:routepoint_id>
				</extensions>
			</trkpt>
			<trkpt lat="46.2667801866" lon="8.5870229627">
				<ele>1855.6</ele>
				<time>1970-01-01T01:00:00+01:00</time>
				<extensions>
					<swisstopo:routepoint_id>49257664</swisstopo:routepoint_id>
				</extensions>
			</trkpt>
			<trkpt lat="46.2667338020" lon="8.5870635854">
				<ele>1855.5</ele>
				<time>1970-01-01T01:00:00+01:00</time>
				<extensions>
					<swisstopo:routepoint_id>1108729271</swisstopo:routepoint_id>
				</extensions>
			</trkpt>
			<trkpt lat="46.2666671286" lon="8.5871256262">
				<ele>1855.8</ele>
				<time>1970-01-01T01:00:00+01:00</time>
				<extensions>
					<swisstopo:routepoint_id>649821608</swisstopo:routepoint_id>
				</extensions>
			</trkpt>
			<trkpt lat="46.2665964077" lon="8.5871397132">
				<ele>1855.6</ele>
				<time>1970-01-01T01:00:00+01:00</time>
				<extensions>
					<swisstopo:routepoint_id>124612236</swisstopo:routepoint_id>
				</extensions>
			</trkpt>
			<trkpt lat="46.2665653861" lon="8.5871983550">
				<ele>1855.9</ele>
				<time>1970-01-01T01:00:00+01:00</time>
				<extensions>
					<swisstopo:routepoint_id>1288601647</swisstopo:routepoint_id>
				</extensions>
			</trkpt>
			<trkpt lat="46.2665668854" lon="8.5872421028">
				<ele>1855.7</ele>
				<time>1970-01-01T01:00:00+01:00</time>
				<extensions>
					<swisstopo:routepoint_id>554304977</swisstopo:routepoint_id>
				</extensions>
			</trkpt>
			<trkpt lat="46.2665779615" lon="8.5872995823">
				<ele>1855.4</ele>
				<time>1970-01-01T01:00:00+01:00</time>
				<extensions>
					<swisstopo:routepoint_id>338006807</swisstopo:routepoint_id>
				</extensions>
			</trkpt>
			<trkpt lat="46.2665782395" lon="8.5873360012">
				<ele>1855.2</ele>
				<time>1970-01-01T01:00:00+01:00</time>
				<extensions>
					<swisstopo:routepoint_id>159709590</swisstopo:routepoint_id>
				</extensions>
			</trkpt>
			<trkpt lat="46.2665882263" lon="8.5873767105">
				<ele>1855.0</ele>
				<time>1970-01-01T01:00:00+01:00</time>
				<extensions>
					<swisstopo:routepoint_id>1559940080</swisstopo:routepoint_id>
				</extensions>
			</trkpt>
			<trkpt lat="46.2665916778" lon="8.5874168939">
				<ele>1854.4</ele>
				<time>1970-01-01T01:00:00+01:00</time>
				<extensions>
					<swisstopo:routepoint_id>28227901</swisstopo:routepoint_id>
				</extensions>
			</trkpt>
			<trkpt lat="46.2665851481" lon="8.5874503932">
				<ele>1854.5</ele>
				<time>1970-01-01T01:00:00+01:00</time>
				<extensions>
					<swisstopo:routepoint_id>717641539</swisstopo:routepoint_id>
				</extensions>
			</trkpt>
			<trkpt lat="46.2665824509" lon="8.5874812354">
				<ele>1854.4</ele>
				<time>1970-01-01T01:00:00+01:00</time>
				<extensions>
					<swisstopo:routepoint_id>2121489081</swisstopo:routepoint_id>
				</extensions>
			</trkpt>
			<trkpt lat="46.2665896582" lon="8.5875218876">
				<ele>1854.4</ele>
				<time>1970-01-01T01:00:00+01:00</time>
				<extensions>
					<swisstopo:routepoint_id>761762424</swisstopo:routepoint_id>
				</extensions>
			</trkpt>
			<trkpt lat="46.2665913073" lon="8.5875473205">
				<ele>1854.4</ele>
				<time>1970-01-01T01:00:00+01:00</time>
				<extensions>
					<swisstopo:routepoint_id>2055508390</swisstopo:routepoint_id>
				</extensions>
			</trkpt>
			<trkpt lat="46.2665836987" lon="8.5875931469">
				<ele>1854.3</ele>
				<time>1970-01-01T01:00:00+01:00</time>
				<extensions>
					<swisstopo:routepoint_id>779851224</swisstopo:routepoint_id>
				</extensions>
			</trkpt>
			<trkpt lat="46.2665751855" lon="8.5876341544">
				<ele>1854.3</ele>
				<time>1970-01-01T01:00:00+01:00</time>
				<extensions>
					<swisstopo:routepoint_id>1943757207</swisstopo:routepoint_id>
				</extensions>
			</trkpt>
			<trkpt lat="46.2665623301" lon="8.5876819317">
				<ele>1854.3</ele>
				<time>1970-01-01T01:00:00+01:00</time>
				<extensions>
					<swisstopo:routepoint_id>294391442</swisstopo:routepoint_id>
				</extensions>
			</trkpt>
			<trkpt lat="46.2665505654" lon="8.5877153204">
				<ele>1854.5</ele>
				<time>1970-01-01T01:00:00+01:00</time>
				<extensions>
					<swisstopo:routepoint_id>133274601</swisstopo:routepoint_id>
				</extensions>
			</trkpt>
			<trkpt lat="46.2665330113" lon="8.5877500516">
				<ele>1854.6</ele>
				<time>1970-01-01T01:00:00+01:00</time>
				<extensions>
					<swisstopo:routepoint_id>680272773</swisstopo:routepoint_id>
				</extensions>
			</trkpt>
			<trkpt lat="46.2665239180" lon="8.5877338914">
				<ele>1854.5</ele>
				<time>1970-01-01T01:00:00+01:00</time>
				<extensions>
					<swisstopo:routepoint_id>1537744161</swisstopo:routepoint_id>
				</extensions>
			</trkpt>
			<trkpt lat="46.2665051835" lon="8.5877103274">
				<ele>1854.4</ele>
				<time>1970-01-01T01:00:00+01:00</time>
				<extensions>
					<swisstopo:routepoint_id>191592379</swisstopo:routepoint_id>
				</extensions>
			</trkpt>
			<trkpt lat="46.2664863442" lon="8.5877068418">
				<ele>1854.3</ele>
				<time>1970-01-01T01:00:00+01:00</time>
				<extensions>
					<swisstopo:routepoint_id>32449964</swisstopo:routepoint_id>
				</extensions>
			</trkpt>
			<trkpt lat="46.2664691885" lon="8.5877085429">
				<ele>1854.3</ele>
				<time>1970-01-01T01:00:00+01:00</time>
				<extensions>
					<swisstopo:routepoint_id>1992466391</swisstopo:routepoint_id>
				</extensions>
			</trkpt>
			<trkpt lat="46.2664531763" lon="8.5877030552">
				<ele>1854.4</ele>
				<time>1970-01-01T01:00:00+01:00</time>
				<extensions>
					<swisstopo:routepoint_id>1018185872</swisstopo:routepoint_id>
				</extensions>
			</trkpt>
			<trkpt lat="46.2664394765" lon="8.5877161530">
				<ele>1854.5</ele>
				<time>1970-01-01T01:00:00+01:00</time>
				<extensions>
					<swisstopo:routepoint_id>2084780168</swisstopo:routepoint_id>
				</extensions>
			</trkpt>
			<trkpt lat="46.2664100417" lon="8.5876964755">
				<ele>1854.5</ele>
				<time>1970-01-01T01:00:00+01:00</time>
				<extensions>
					<swisstopo:routepoint_id>1756885265</swisstopo:routepoint_id>
				</extensions>
			</trkpt>
			<trkpt lat="46.2663789572" lon="8.5876709248">
				<ele>1855.4</ele>
				<time>1970-01-01T01:00:00+01:00</time>
				<extensions>
					<swisstopo:routepoint_id>1188893181</swisstopo:routepoint_id>
				</extensions>
			</trkpt>
			<trkpt lat="46.2663263460" lon="8.5876531460">
				<ele>1855.3</ele>
				<time>1970-01-01T01:00:00+01:00</time>
				<extensions>
					<swisstopo:routepoint_id>947837529</swisstopo:routepoint_id>
				</extensions>
			</trkpt>
			<trkpt lat="46.2663104765" lon="8.5876309521">
				<ele>1855.0</ele>
				<time>1970-01-01T01:00:00+01:00</time>
				<extensions>
					<swisstopo:routepoint_id>267273932</swisstopo:routepoint_id>
				</extensions>
			</trkpt>
			<trkpt lat="46.2662688960" lon="8.5876432015">
				<ele>1854.3</ele>
				<time>1970-01-01T01:00:00+01:00</time>
				<extensions>
					<swisstopo:routepoint_id>567044110</swisstopo:routepoint_id>
				</extensions>
			</trkpt>
			<trkpt lat="46.2662452635" lon="8.5876386298">
				<ele>1855.2</ele>
				<time>1970-01-01T01:00:00+01:00</time>
				<extensions>
					<swisstopo:routepoint_id>2005320279</swisstopo:routepoint_id>
				</extensions>
			</trkpt>
			<trkpt lat="46.2662265520" lon="8.5875906535">
				<ele>1855.4</ele>
				<time>1970-01-01T01:00:00+01:00</time>
				<extensions>
					<swisstopo:routepoint_id>2072129076</swisstopo:routepoint_id>
				</extensions>
			</trkpt>
			<trkpt lat="46.2661836131" lon="8.5875710014">
				<ele>1856.3</ele>
				<time>1970-01-01T01:00:00+01:00</time>
				<extensions>
					<swisstopo:routepoint_id>1967611272</swisstopo:routepoint_id>
				</extensions>
			</trkpt>
			<trkpt lat="46.2661438187" lon="8.5876253069">
				<ele>1858.2</ele>
				<time>1970-01-01T01:00:00+01:00</time>
				<extensions>
					<swisstopo:routepoint_id>95516630</swisstopo:routepoint_id>
				</extensions>
			</trkpt>
			<trkpt lat="46.2661385620" lon="8.5876814025">
				<ele>1859.7</ele>
				<time>1970-01-01T01:00:00+01:00</time>
				<extensions>
					<swisstopo:routepoint_id>1934089076</swisstopo:routepoint_id>
				</extensions>
			</trkpt>
			<trkpt lat="46.2661287301" lon="8.5877645538">
				<ele>1861.8</ele>
				<time>1970-01-01T01:00:00+01:00</time>
				<extensions>
					<swisstopo:routepoint_id>1128892056</swisstopo:routepoint_id>
				</extensions>
			</trkpt>
			<trkpt lat="46.2660921827" lon="8.5878375164">
				<ele>1863.9</ele>
				<time>1970-01-01T01:00:00+01:00</time>
				<extensions>
					<swisstopo:routepoint_id>1141848545</swisstopo:routepoint_id>
				</extensions>
			</trkpt>
			<trkpt lat="46.2660733167" lon="8.5878579253">
				<ele>1864.5</ele>
				<time>1970-01-01T01:00:00+01:00</time>
				<extensions>
					<swisstopo:routepoint_id>309778906</swisstopo:routepoint_id>
				</extensions>
			</trkpt>
			<trkpt lat="46.2660637832" lon="8.5878452444">
				<ele>1864.9</ele>
				<time>1970-01-01T01:00:00+01:00</time>
				<extensions>
					<swisstopo:routepoint_id>1589551699</swisstopo:routepoint_id>
				</extensions>
			</trkpt>
			<trkpt lat="46.2660551420" lon="8.5877420376">
				<ele>1866.6</ele>
				<time>1970-01-01T01:00:00+01:00</time>
				<extensions>
					<swisstopo:routepoint_id>1585934647</swisstopo:routepoint_id>
				</extensions>
			</trkpt>
			<trkpt lat="46.2660639222" lon="8.5876995570">
				<ele>1867.3</ele>
				<time>1970-01-01T01:00:00+01:00</time>
				<extensions>
					<swisstopo:routepoint_id>1413949125</swisstopo:routepoint_id>
				</extensions>
			</trkpt>
			<trkpt lat="46.2660660410" lon="8.5876468189">
				<ele>1867.9</ele>
				<time>1970-01-01T01:00:00+01:00</time>
				<extensions>
					<swisstopo:routepoint_id>809616797</swisstopo:routepoint_id>
				</extensions>
			</trkpt>
			<trkpt lat="46.2660393269" lon="8.5876480458">
				<ele>1868.8</ele>
				<time>1970-01-01T01:00:00+01:00</time>
				<extensions>
					<swisstopo:routepoint_id>1341637857</swisstopo:routepoint_id>
				</extensions>
			</trkpt>
			<trkpt lat="46.2659924553" lon="8.5876356012">
				<ele>1870.5</ele>
				<time>1970-01-01T01:00:00+01:00</time>
				<extensions>
					<swisstopo:routepoint_id>965488865</swisstopo:routepoint_id>
				</extensions>
			</trkpt>
			<trkpt lat="46.2659826123" lon="8.5876551634">
				<ele>1870.9</ele>
				<time>1970-01-01T01:00:00+01:00</time>
				<extensions>
					<swisstopo:routepoint_id>1761116948</swisstopo:routepoint_id>
				</extensions>
			</trkpt>
			<trkpt lat="46.2659310200" lon="8.5876655022">
				<ele>1872.4</ele>
				<time>1970-01-01T01:00:00+01:00</time>
				<extensions>
					<swisstopo:routepoint_id>646576623</swisstopo:routepoint_id>
				</extensions>
			</trkpt>
			<trkpt lat="46.2659083603" lon="8.5876785406">
				<ele>1873.2</ele>
				<time>1970-01-01T01:00:00+01:00</time>
				<extensions>
					<swisstopo:routepoint_id>1263484433</swisstopo:routepoint_id>
				</extensions>
			</trkpt>
			<trkpt lat="46.2658975496" lon="8.5876658201">
				<ele>1873.7</ele>
				<time>1970-01-01T01:00:00+01:00</time>
				<extensions>
					<swisstopo:routepoint_id>904130929</swisstopo:routepoint_id>
				</extensions>
			</trkpt>
			<trkpt lat="46.2658953817" lon="8.5876241600">
				<ele>1874.5</ele>
				<time>1970-01-01T01:00:00+01:00</time>
				<extensions>
					<swisstopo:routepoint_id>2089165870</swisstopo:routepoint_id>
				</extensions>
			</trkpt>
			<trkpt lat="46.2658551026" lon="8.5875826691">
				<ele>1876.0</ele>
				<time>1970-01-01T01:00:00+01:00</time>
				<extensions>
					<swisstopo:routepoint_id>647822809</swisstopo:routepoint_id>
				</extensions>
			</trkpt>
			<trkpt lat="46.2658027441" lon="8.5875763351">
				<ele>1877.1</ele>
				<time>1970-01-01T01:00:00+01:00</time>
				<extensions>
					<swisstopo:routepoint_id>1692761418</swisstopo:routepoint_id>
				</extensions>
			</trkpt>
			<trkpt lat="46.2657790119" lon="8.5876435997">
				<ele>1877.8</ele>
				<time>1970-01-01T01:00:00+01:00</time>
				<extensions>
					<swisstopo:routepoint_id>1320890155</swisstopo:routepoint_id>
				</extensions>
			</trkpt>
			<trkpt lat="46.2657434631" lon="8.5876802735">
				<ele>1877.7</ele>
				<time>1970-01-01T01:00:00+01:00</time>
				<extensions>
					<swisstopo:routepoint_id>95153444</swisstopo:routepoint_id>
				</extensions>
			</trkpt>
			<trkpt lat="46.2657074134" lon="8.5877033424">
				<ele>1877.3</ele>
				<time>1970-01-01T01:00:00+01:00</time>
				<extensions>
					<swisstopo:routepoint_id>235581125</swisstopo:routepoint_id>
				</extensions>
			</trkpt>
			<trkpt lat="46.2656542263" lon="8.5878361812">
				<ele>1877.2</ele>
				<time>1970-01-01T01:00:00+01:00</time>
				<extensions>
					<swisstopo:routepoint_id>1976776338</swisstopo:routepoint_id>
				</extensions>
			</trkpt>
			<trkpt lat="46.2656593766" lon="8.5878933400">
				<ele>1876.9</ele>
				<time>1970-01-01T01:00:00+01:00</time>
				<extensions>
					<swisstopo:routepoint_id>1136942639</swisstopo:routepoint_id>
				</extensions>
			</trkpt>
			<trkpt lat="46.2656139866" lon="8.5879538162">
				<ele>1876.7</ele>
				<time>1970-01-01T01:00:00+01:00</time>
				<extensions>
					<swisstopo:routepoint_id>1489611333</swisstopo:routepoint_id>
				</extensions>
			</trkpt>
			<trkpt lat="46.2655973819" lon="8.5880119834">
				<ele>1876.7</ele>
				<time>1970-01-01T01:00:00+01:00</time>
				<extensions>
					<swisstopo:routepoint_id>621849071</swisstopo:routepoint_id>
				</extensions>
			</trkpt>
			<trkpt lat="46.2655791944" lon="8.5880390998">
				<ele>1876.7</ele>
				<time>1970-01-01T01:00:00+01:00</time>
				<extensions>
					<swisstopo:routepoint_id>1090000898</swisstopo:routepoint_id>
				</extensions>
			</trkpt>
			<trkpt lat="46.2655102895" lon="8.5880373453">
				<ele>1876.3</ele>
				<time>1970-01-01T01:00:00+01:00</time>
				<extensions>
					<swisstopo:routepoint_id>342628504</swisstopo:routepoint_id>
				</extensions>
			</trkpt>
			<trkpt lat="46.2654586761" lon="8.5880497718">
				<ele>1876.5</ele>
				<time>1970-01-01T01:00:00+01:00</time>
				<extensions>
					<swisstopo:routepoint_id>746916486</swisstopo:routepoint_id>
				</extensions>
			</trkpt>
			<trkpt lat="46.2654228161" lon="8.5880302708">
				<ele>1876.8</ele>
				<time>1970-01-01T01:00:00+01:00</time>
				<extensions>
					<swisstopo:routepoint_id>1909803648</swisstopo:routepoint_id>
				</extensions>
			</trkpt>
			<trkpt lat="46.2653978704" lon="8.5880141387">
				<ele>1876.5</ele>
				<time>1970-01-01T01:00:00+01:00</time>
				<extensions>
					<swisstopo:routepoint_id>138040000</swisstopo:routepoint_id>
				</extensions>
			</trkpt>
			<trkpt lat="46.2653435603" lon="8.5880130566">
				<ele>1875.5</ele>
				<time>1970-01-01T01:00:00+01:00</time>
				<extensions>
					<swisstopo:routepoint_id>838719215</swisstopo:routepoint_id>
				</extensions>
			</trkpt>
			<trkpt lat="46.2653248317" lon="8.5880907901">
				<ele>1875.4</ele>
				<time>1970-01-01T01:00:00+01:00</time>
				<extensions>
					<swisstopo:routepoint_id>1101151733</swisstopo:routepoint_id>
				</extensions>
			</trkpt>
			<trkpt lat="46.2652807200" lon="8.5881458583">
				<ele>1873.5</ele>
				<time>1970-01-01T01:00:00+01:00</time>
				<extensions>
					<swisstopo:routepoint_id>1624310170</swisstopo:routepoint_id>
				</extensions>
			</trkpt>
			<trkpt lat="46.2652648926" lon="8.5881850619">
				<ele>1872.9</ele>
				<time>1970-01-01T01:00:00+01:00</time>
				<extensions>
					<swisstopo:routepoint_id>1686824005</swisstopo:routepoint_id>
				</extensions>
			</trkpt>
			<trkpt lat="46.2652454209" lon="8.5882012946">
				<ele>1872.3</ele>
				<time>1970-01-01T01:00:00+01:00</time>
				<extensions>
					<swisstopo:routepoint_id>1703397546</swisstopo:routepoint_id>
				</extensions>
			</trkpt>
			<trkpt lat="46.2652284570" lon="8.5882248689">
				<ele>1872.0</ele>
				<time>1970-01-01T01:00:00+01:00</time>
				<extensions>
					<swisstopo:routepoint_id>1043313429</swisstopo:routepoint_id>
				</extensions>
			</trkpt>
			<trkpt lat="46.2651830298" lon="8.5882623974">
				<ele>1871.8</ele>
				<time>1970-01-01T01:00:00+01:00</time>
				<extensions>
					<swisstopo:routepoint_id>779934902</swisstopo:routepoint_id>
				</extensions>
			</trkpt>
			<trkpt lat="46.2651545122" lon="8.5883481484">
				<ele>1873.2</ele>
				<time>1970-01-01T01:00:00+01:00</time>
				<extensions>
					<swisstopo:routepoint_id>244296790</swisstopo:routepoint_id>
				</extensions>
			</trkpt>
			<trkpt lat="46.2651296190" lon="8.5883667160">
				<ele>1874.0</ele>
				<time>1970-01-01T01:00:00+01:00</time>
				<extensions>
					<swisstopo:routepoint_id>448460259</swisstopo:routepoint_id>
				</extensions>
			</trkpt>
			<trkpt lat="46.2650712768" lon="8.5884897547">
				<ele>1876.8</ele>
				<time>1970-01-01T01:00:00+01:00</time>
				<extensions>
					<swisstopo:routepoint_id>1195983497</swisstopo:routepoint_id>
				</extensions>
			</trkpt>
			<trkpt lat="46.2650290705" lon="8.5886113684">
				<ele>1878.0</ele>
				<time>1970-01-01T01:00:00+01:00</time>
				<extensions>
					<swisstopo:routepoint_id>695061234</swisstopo:routepoint_id>
				</extensions>
			</trkpt>
			<trkpt lat="46.2649640655" lon="8.5887729594">
				<ele>1880.4</ele>
				<time>1970-01-01T01:00:00+01:00</time>
				<extensions>
					<swisstopo:routepoint_id>1849488080</swisstopo:routepoint_id>
				</extensions>
			</trkpt>
			<trkpt lat="46.2648916104" lon="8.5888531764">
				<ele>1883.2</ele>
				<time>1970-01-01T01:00:00+01:00</time>
				<extensions>
					<swisstopo:routepoint_id>856986018</swisstopo:routepoint_id>
				</extensions>
			</trkpt>
			<trkpt lat="46.2648449912" lon="8.5889088524">
				<ele>1884.0</ele>
				<time>1970-01-01T01:00:00+01:00</time>
				<extensions>
					<swisstopo:routepoint_id>704894401</swisstopo:routepoint_id>
				</extensions>
			</trkpt>
			<trkpt lat="46.2648160321" lon="8.5889309014">
				<ele>1883.8</ele>
				<time>1970-01-01T01:00:00+01:00</time>
				<extensions>
					<swisstopo:routepoint_id>615661624</swisstopo:routepoint_id>
				</extensions>
			</trkpt>
			<trkpt lat="46.2647525653" lon="8.5890367194">
				<ele>1883.2</ele>
				<time>1970-01-01T01:00:00+01:00</time>
				<extensions>
					<swisstopo:routepoint_id>1358853159</swisstopo:routepoint_id>
				</extensions>
			</trkpt>
			<trkpt lat="46.2646926829" lon="8.5891041126">
				<ele>1881.5</ele>
				<time>1970-01-01T01:00:00+01:00</time>
				<extensions>
					<swisstopo:routepoint_id>768275714</swisstopo:routepoint_id>
				</extensions>
			</trkpt>
			<trkpt lat="46.2646677896" lon="8.5891483272">
				<ele>1880.7</ele>
				<time>1970-01-01T01:00:00+01:00</time>
				<extensions>
					<swisstopo:routepoint_id>552669364</swisstopo:routepoint_id>
				</extensions>
			</trkpt>
			<trkpt lat="46.2646434384" lon="8.5892029549">
				<ele>1880.8</ele>
				<time>1970-01-01T01:00:00+01:00</time>
				<extensions>
					<swisstopo:routepoint_id>1457180292</swisstopo:routepoint_id>
				</extensions>
			</trkpt>
			<trkpt lat="46.2646262293" lon="8.5892514805">
				<ele>1881.6</ele>
				<time>1970-01-01T01:00:00+01:00</time>
				<extensions>
					<swisstopo:routepoint_id>1491597465</swisstopo:routepoint_id>
				</extensions>
			</trkpt>
			<trkpt lat="46.2645905694" lon="8.5892777737">
				<ele>1882.1</ele>
				<time>1970-01-01T01:00:00+01:00</time>
				<extensions>
					<swisstopo:routepoint_id>1105694453</swisstopo:routepoint_id>
				</extensions>
			</trkpt>
			<trkpt lat="46.2645581085" lon="8.5893062215">
				<ele>1882.8</ele>
				<time>1970-01-01T01:00:00+01:00</time>
				<extensions>
					<swisstopo:routepoint_id>893453440</swisstopo:routepoint_id>
				</extensions>
			</trkpt>
			<trkpt lat="46.2644976833" lon="8.5892986782">
				<ele>1883.1</ele>
				<time>1970-01-01T01:00:00+01:00</time>
				<extensions>
					<swisstopo:routepoint_id>1354927267</swisstopo:routepoint_id>
				</extensions>
			</trkpt>
			<trkpt lat="46.2644420505" lon="8.5893232648">
				<ele>1883.5</ele>
				<time>1970-01-01T01:00:00+01:00</time>
				<extensions>
					<swisstopo:routepoint_id>46941741</swisstopo:routepoint_id>
				</extensions>
			</trkpt>
			<trkpt lat="46.2643202218" lon="8.5893734434">
				<ele>1883.2</ele>
				<time>1970-01-01T01:00:00+01:00</time>
				<extensions>
					<swisstopo:routepoint_id>1146982829</swisstopo:routepoint_id>
				</extensions>
			</trkpt>
			<trkpt lat="46.2642686700" lon="8.5893647655">
				<ele>1884.2</ele>
				<time>1970-01-01T01:00:00+01:00</time>
				<extensions>
					<swisstopo:routepoint_id>2022416233</swisstopo:routepoint_id>
				</extensions>
			</trkpt>
			<trkpt lat="46.2641699679" lon="8.5893922795">
				<ele>1887.9</ele>
				<time>1970-01-01T01:00:00+01:00</time>
				<extensions>
					<swisstopo:routepoint_id>1327680897</swisstopo:routepoint_id>
				</extensions>
			</trkpt>
			<trkpt lat="46.2641737498" lon="8.5894467890">
				<ele>1889.0</ele>
				<time>1970-01-01T01:00:00+01:00</time>
				<extensions>
					<swisstopo:routepoint_id>204588504</swisstopo:routepoint_id>
				</extensions>
			</trkpt>
			<trkpt lat="46.2641808472" lon="8.5895114472">
				<ele>1890.1</ele>
				<time>1970-01-01T01:00:00+01:00</time>
				<extensions>
					<swisstopo:routepoint_id>2055680918</swisstopo:routepoint_id>
				</extensions>
			</trkpt>
			<trkpt lat="46.2641710373" lon="8.5895268447">
				<ele>1890.8</ele>
				<time>1970-01-01T01:00:00+01:00</time>
				<extensions>
					<swisstopo:routepoint_id>808651915</swisstopo:routepoint_id>
				</extensions>
			</trkpt>
			<trkpt lat="46.2641433275" lon="8.5895304089">
				<ele>1892.3</ele>
				<time>1970-01-01T01:00:00+01:00</time>
				<extensions>
					<swisstopo:routepoint_id>661213477</swisstopo:routepoint_id>
				</extensions>
			</trkpt>
			<trkpt lat="46.2641062317" lon="8.5894917864">
				<ele>1893.7</ele>
				<time>1970-01-01T01:00:00+01:00</time>
				<extensions>
					<swisstopo:routepoint_id>1299378858</swisstopo:routepoint_id>
				</extensions>
			</trkpt>
			<trkpt lat="46.2639675476" lon="8.5894451397">
				<ele>1899.8</ele>
				<time>1970-01-01T01:00:00+01:00</time>
				<extensions>
					<swisstopo:routepoint_id>1545237835</swisstopo:routepoint_id>
				</extensions>
			</trkpt>
			<trkpt lat="46.2638385635" lon="8.5894221903">
				<ele>1905.4</ele>
				<time>1970-01-01T01:00:00+01:00</time>
				<extensions>
					<swisstopo:routepoint_id>580996741</swisstopo:routepoint_id>
				</extensions>
			</trkpt>
			<trkpt lat="46.2637954995" lon="8.5893812488">
				<ele>1907.4</ele>
				<time>1970-01-01T01:00:00+01:00</time>
				<extensions>
					<swisstopo:routepoint_id>906889103</swisstopo:routepoint_id>
				</extensions>
			</trkpt>
			<trkpt lat="46.2637649808" lon="8.5893885556">
				<ele>1909.4</ele>
				<time>1970-01-01T01:00:00+01:00</time>
				<extensions>
					<swisstopo:routepoint_id>1459100756</swisstopo:routepoint_id>
				</extensions>
			</trkpt>
			<trkpt lat="46.2637638849" lon="8.5894343871">
				<ele>1910.7</ele>
				<time>1970-01-01T01:00:00+01:00</time>
				<extensions>
					<swisstopo:routepoint_id>594853169</swisstopo:routepoint_id>
				</extensions>
			</trkpt>
			<trkpt lat="46.2637256925" lon="8.5894027580">
				<ele>1912.3</ele>
				<time>1970-01-01T01:00:00+01:00</time>
				<extensions>
					<swisstopo:routepoint_id>1731435053</swisstopo:routepoint_id>
				</extensions>
			</trkpt>
			<trkpt lat="46.2636846252" lon="8.5894087523">
				<ele>1914.4</ele>
				<time>1970-01-01T01:00:00+01:00</time>
				<extensions>
					<swisstopo:routepoint_id>1696719204</swisstopo:routepoint_id>
				</extensions>
			</trkpt>
			<trkpt lat="46.2636598666" lon="8.5893999142">
				<ele>1915.1</ele>
				<time>1970-01-01T01:00:00+01:00</time>
				<extensions>
					<swisstopo:routepoint_id>746455827</swisstopo:routepoint_id>
				</extensions>
			</trkpt>
			<trkpt lat="46.2636343217" lon="8.5894073641">
				<ele>1916.0</ele>
				<time>1970-01-01T01:00:00+01:00</time>
				<extensions>
					<swisstopo:routepoint_id>338997478</swisstopo:routepoint_id>
				</extensions>
			</trkpt>
			<trkpt lat="46.2636457813" lon="8.5894402948">
				<ele>1916.9</ele>
				<time>1970-01-01T01:00:00+01:00</time>
				<extensions>
					<swisstopo:routepoint_id>2137650481</swisstopo:routepoint_id>
				</extensions>
			</trkpt>
			<trkpt lat="46.2635895844" lon="8.5894672678">
				<ele>1919.0</ele>
				<time>1970-01-01T01:00:00+01:00</time>
				<extensions>
					<swisstopo:routepoint_id>1233826455</swisstopo:routepoint_id>
				</extensions>
			</trkpt>
			<trkpt lat="46.2636312324" lon="8.5895244712">
				<ele>1920.8</ele>
				<time>1970-01-01T01:00:00+01:00</time>
				<extensions>
					<swisstopo:routepoint_id>1645616507</swisstopo:routepoint_id>
				</extensions>
			</trkpt>
			<trkpt lat="46.2636687418" lon="8.5895622059">
				<ele>1921.8</ele>
				<time>1970-01-01T01:00:00+01:00</time>
				<extensions>
					<swisstopo:routepoint_id>2084102334</swisstopo:routepoint_id>
				</extensions>
			</trkpt>
			<trkpt lat="46.2636179756" lon="8.5896098404">
				<ele>1923.9</ele>
				<time>1970-01-01T01:00:00+01:00</time>
				<extensions>
					<swisstopo:routepoint_id>62992260</swisstopo:routepoint_id>
				</extensions>
			</trkpt>
			<trkpt lat="46.2635652177" lon="8.5896533853">
				<ele>1925.5</ele>
				<time>1970-01-01T01:00:00+01:00</time>
				<extensions>
					<swisstopo:routepoint_id>2049156515</swisstopo:routepoint_id>
				</extensions>
			</trkpt>
			<trkpt lat="46.2634918494" lon="8.5897764638">
				<ele>1927.4</ele>
				<time>1970-01-01T01:00:00+01:00</time>
				<extensions>
					<swisstopo:routepoint_id>1424161897</swisstopo:routepoint_id>
				</extensions>
			</trkpt>
			<trkpt lat="46.2634604374" lon="8.5898671443">
				<ele>1929.1</ele>
				<time>1970-01-01T01:00:00+01:00</time>
				<extensions>
					<swisstopo:routepoint_id>1594458559</swisstopo:routepoint_id>
				</extensions>
			</trkpt>
			<trkpt lat="46.2634353770" lon="8.5899330928">
				<ele>1931.2</ele>
				<time>1970-01-01T01:00:00+01:00</time>
				<extensions>
					<swisstopo:routepoint_id>563726852</swisstopo:routepoint_id>
				</extensions>
			</trkpt>
			<trkpt lat="46.2634044784" lon="8.5899989178">
				<ele>1933.6</ele>
				<time>1970-01-01T01:00:00+01:00</time>
				<extensions>
					<swisstopo:routepoint_id>136670198</swisstopo:routepoint_id>
				</extensions>
			</trkpt>
			<trkpt lat="46.2633778991" lon="8.5900231314">
				<ele>1934.1</ele>
				<time>1970-01-01T01:00:00+01:00</time>
				<extensions>
					<swisstopo:routepoint_id>1058752712</swisstopo:routepoint_id>
				</extensions>
			</trkpt>
			<trkpt lat="46.2633147340" lon="8.5900991960">
				<ele>1936.6</ele>
				<time>1970-01-01T01:00:00+01:00</time>
				<extensions>
					<swisstopo:routepoint_id>1893954259</swisstopo:routepoint_id>
				</extensions>
			</trkpt>
			<trkpt lat="46.2632983809" lon="8.5901714627">
				<ele>1938.8</ele>
				<time>1970-01-01T01:00:00+01:00</time>
				<extensions>
					<swisstopo:routepoint_id>1479994681</swisstopo:routepoint_id>
				</extensions>
			</trkpt>
			<trkpt lat="46.2632496348" lon="8.5902662901">
				<ele>1942.2</ele>
				<time>1970-01-01T01:00:00+01:00</time>
				<extensions>
					<swisstopo:routepoint_id>866744491</swisstopo:routepoint_id>
				</extensions>
			</trkpt>
			<trkpt lat="46.2632215405" lon="8.5903429920">
				<ele>1944.8</ele>
				<time>1970-01-01T01:00:00+01:00</time>
				<extensions>
					<swisstopo:routepoint_id>942394325</swisstopo:routepoint_id>
				</extensions>
			</trkpt>
			<trkpt lat="46.2631499916" lon="8.5903818187">
				<ele>1946.7</ele>
				<time>1970-01-01T01:00:00+01:00</time>
				<extensions>
					<swisstopo:routepoint_id>2114218963</swisstopo:routepoint_id>
				</extensions>
			</trkpt>
			<trkpt lat="46.2631233987" lon="8.5904091321">
				<ele>1947.6</ele>
				<time>1970-01-01T01:00:00+01:00</time>
				<extensions>
					<swisstopo:routepoint_id>519028982</swisstopo:routepoint_id>
				</extensions>
			</trkpt>
			<trkpt lat="46.2631248685" lon="8.5904539275">
				<ele>1949.5</ele>
				<time>1970-01-01T01:00:00+01:00</time>
				<extensions>
					<swisstopo:routepoint_id>1690858674</swisstopo:routepoint_id>
				</extensions>
			</trkpt>
			<trkpt lat="46.2630748068" lon="8.5904885263">
				<ele>1951.2</ele>
				<time>1970-01-01T01:00:00+01:00</time>
				<extensions>
					<swisstopo:routepoint_id>756302060</swisstopo:routepoint_id>
				</extensions>
			</trkpt>
			<trkpt lat="46.2630503297" lon="8.5904988912">
				<ele>1951.7</ele>
				<time>1970-01-01T01:00:00+01:00</time>
				<extensions>
					<swisstopo:routepoint_id>1410897727</swisstopo:routepoint_id>
				</extensions>
			</trkpt>
			<trkpt lat="46.2629974619" lon="8.5905226124">
				<ele>1952.6</ele>
				<time>1970-01-01T01:00:00+01:00</time>
				<extensions>
					<swisstopo:routepoint_id>80216736</swisstopo:routepoint_id>
				</extensions>
			</trkpt>
			<trkpt lat="46.2629330810" lon="8.5906217906">
				<ele>1954.9</ele>
				<time>1970-01-01T01:00:00+01:00</time>
				<extensions>
					<swisstopo:routepoint_id>392489754</swisstopo:routepoint_id>
				</extensions>
			</trkpt>
			<trkpt lat="46.2628819098" lon="8.5906687143">
				<ele>1955.6</ele>
				<time>1970-01-01T01:00:00+01:00</time>
				<extensions>
					<swisstopo:routepoint_id>86137079</swisstopo:routepoint_id>
				</extensions>
			</trkpt>
			<trkpt lat="46.2627632382" lon="8.5907406446">
				<ele>1953.5</ele>
				<time>1970-01-01T01:00:00+01:00</time>
				<extensions>
					<swisstopo:routepoint_id>2133627220</swisstopo:routepoint_id>
				</extensions>
			</trkpt>
			<trkpt lat="46.2627182805" lon="8.5907537149">
				<ele>1952.8</ele>
				<time>1970-01-01T01:00:00+01:00</time>
				<extensions>
					<swisstopo:routepoint_id>1322937698</swisstopo:routepoint_id>
				</extensions>
			</trkpt>
			<trkpt lat="46.2626927027" lon="8.5907764049">
				<ele>1952.1</ele>
				<time>1970-01-01T01:00:00+01:00</time>
				<extensions>
					<swisstopo:routepoint_id>1909865200</swisstopo:routepoint_id>
				</extensions>
			</trkpt>
			<trkpt lat="46.2626476979" lon="8.5907941049">
				<ele>1951.3</ele>
				<time>1970-01-01T01:00:00+01:00</time>
				<extensions>
					<swisstopo:routepoint_id>1995880990</swisstopo:routepoint_id>
				</extensions>
			</trkpt>
			<trkpt lat="46.2626044998" lon="8.5908241917">
				<ele>1950.5</ele>
				<time>1970-01-01T01:00:00+01:00</time>
				<extensions>
					<swisstopo:routepoint_id>1392437574</swisstopo:routepoint_id>
				</extensions>
			</trkpt>
			<trkpt lat="46.2625271793" lon="8.5908567341">
				<ele>1951.0</ele>
				<time>1970-01-01T01:00:00+01:00</time>
				<extensions>
					<swisstopo:routepoint_id>1706552371</swisstopo:routepoint_id>
				</extensions>
			</trkpt>
			<trkpt lat="46.2624298867" lon="8.5909352255">
				<ele>1951.0</ele>
				<time>1970-01-01T01:00:00+01:00</time>
				<extensions>
					<swisstopo:routepoint_id>1660113020</swisstopo:routepoint_id>
				</extensions>
			</trkpt>
			<trkpt lat="46.2623488512" lon="8.5910418193">
				<ele>1948.5</ele>
				<time>1970-01-01T01:00:00+01:00</time>
				<extensions>
					<swisstopo:routepoint_id>840864619</swisstopo:routepoint_id>
				</extensions>
			</trkpt>
			<trkpt lat="46.2622578016" lon="8.5910818401">
				<ele>1947.4</ele>
				<time>1970-01-01T01:00:00+01:00</time>
				<extensions>
					<swisstopo:routepoint_id>53548146</swisstopo:routepoint_id>
				</extensions>
			</trkpt>
			<trkpt lat="46.2622203279" lon="8.5911243703">
				<ele>1946.1</ele>
				<time>1970-01-01T01:00:00+01:00</time>
				<extensions>
					<swisstopo:routepoint_id>1170834195</swisstopo:routepoint_id>
				</extensions>
			</trkpt>
			<trkpt lat="46.2621773830" lon="8.5911313085">
				<ele>1946.2</ele>
				<time>1970-01-01T01:00:00+01:00</time>
				<extensions>
					<swisstopo:routepoint_id>1743943640</swisstopo:routepoint_id>
				</extensions>
			</trkpt>
			<trkpt lat="46.2620854237" lon="8.5911778343">
				<ele>1944.1</ele>
				<time>1970-01-01T01:00:00+01:00</time>
				<extensions>
					<swisstopo:routepoint_id>659940437</swisstopo:routepoint_id>
				</extensions>
			</trkpt>
			<trkpt lat="46.2619772376" lon="8.5912105135">
				<ele>1943.7</ele>
				<time>1970-01-01T01:00:00+01:00</time>
				<extensions>
					<swisstopo:routepoint_id>616017349</swisstopo:routepoint_id>
				</extensions>
			</trkpt>
			<trkpt lat="46.2618422721" lon="8.5912984398">
				<ele>1941.5</ele>
				<time>1970-01-01T01:00:00+01:00</time>
				<extensions>
					<swisstopo:routepoint_id>1485429663</swisstopo:routepoint_id>
				</extensions>
			</trkpt>
			<trkpt lat="46.2617635150" lon="8.5913038281">
				<ele>1943.2</ele>
				<time>1970-01-01T01:00:00+01:00</time>
				<extensions>
					<swisstopo:routepoint_id>1287491699</swisstopo:routepoint_id>
				</extensions>
			</trkpt>
			<trkpt lat="46.2617321570" lon="8.5913799007">
				<ele>1941.8</ele>
				<time>1970-01-01T01:00:00+01:00</time>
				<extensions>
					<swisstopo:routepoint_id>535705846</swisstopo:routepoint_id>
				</extensions>
			</trkpt>
			<trkpt lat="46.2616242416" lon="8.5915334488">
				<ele>1941.3</ele>
				<time>1970-01-01T01:00:00+01:00</time>
				<extensions>
					<swisstopo:routepoint_id>817256240</swisstopo:routepoint_id>
				</extensions>
			</trkpt>
			<trkpt lat="46.2615565190" lon="8.5916018113">
				<ele>1941.2</ele>
				<time>1970-01-01T01:00:00+01:00</time>
				<extensions>
					<swisstopo:routepoint_id>804159164</swisstopo:routepoint_id>
				</extensions>
			</trkpt>
			<trkpt lat="46.2614954413" lon="8.5917353896">
				<ele>1939.2</ele>
				<time>1970-01-01T01:00:00+01:00</time>
				<extensions>
					<swisstopo:routepoint_id>192008221</swisstopo:routepoint_id>
				</extensions>
			</trkpt>
			<trkpt lat="46.2614351189" lon="8.5917922735">
				<ele>1937.7</ele>
				<time>1970-01-01T01:00:00+01:00</time>
				<extensions>
					<swisstopo:routepoint_id>951559934</swisstopo:routepoint_id>
				</extensions>
			</trkpt>
			<trkpt lat="46.2613336969" lon="8.5920249896">
				<ele>1934.1</ele>
				<time>1970-01-01T01:00:00+01:00</time>
				<extensions>
					<swisstopo:routepoint_id>1513259366</swisstopo:routepoint_id>
				</extensions>
			</trkpt>
			<trkpt lat="46.2613013072" lon="8.5922185818">
				<ele>1930.4</ele>
				<time>1970-01-01T01:00:00+01:00</time>
				<extensions>
					<swisstopo:routepoint_id>347715509</swisstopo:routepoint_id>
				</extensions>
			</trkpt>
			<trkpt lat="46.2613070720" lon="8.5922615341">
				<ele>1929.1</ele>
				<time>1970-01-01T01:00:00+01:00</time>
				<extensions>
					<swisstopo:routepoint_id>1399019298</swisstopo:routepoint_id>
				</extensions>
			</trkpt>
			<trkpt lat="46.2612931941" lon="8.5924007683">
				<ele>1927.8</ele>
				<time>1970-01-01T01:00:00+01:00</time>
				<extensions>
					<swisstopo:routepoint_id>1357916902</swisstopo:routepoint_id>
				</extensions>
			</trkpt>
			<trkpt lat="46.2612901229" lon="8.5925158462">
				<ele>1926.6</ele>
				<time>1970-01-01T01:00:00+01:00</time>
				<extensions>
					<swisstopo:routepoint_id>1255614903</swisstopo:routepoint_id>
				</extensions>
			</trkpt>
			<trkpt lat="46.2612842526" lon="8.5926624360">
				<ele>1925.3</ele>
				<time>1970-01-01T01:00:00+01:00</time>
				<extensions>
					<swisstopo:routepoint_id>1610641938</swisstopo:routepoint_id>
				</extensions>
			</trkpt>
			<trkpt lat="46.2612911309" lon="8.5927176563">
				<ele>1925.1</ele>
				<time>1970-01-01T01:00:00+01:00</time>
				<extensions>
					<swisstopo:routepoint_id>363812306</swisstopo:routepoint_id>
				</extensions>
			</trkpt>
			<trkpt lat="46.2613229656" lon="8.5928214633">
				<ele>1924.4</ele>
				<time>1970-01-01T01:00:00+01:00</time>
				<extensions>
					<swisstopo:routepoint_id>1324760648</swisstopo:routepoint_id>
				</extensions>
			</trkpt>
			<trkpt lat="46.2613277650" lon="8.5928970171">
				<ele>1924.4</ele>
				<time>1970-01-01T01:00:00+01:00</time>
				<extensions>
					<swisstopo:routepoint_id>94073164</swisstopo:routepoint_id>
				</extensions>
			</trkpt>
			<trkpt lat="46.2613181064" lon="8.5929894766">
				<ele>1925.5</ele>
				<time>1970-01-01T01:00:00+01:00</time>
				<extensions>
					<swisstopo:routepoint_id>1217035704</swisstopo:routepoint_id>
				</extensions>
			</trkpt>
			<trkpt lat="46.2613334111" lon="8.5930704158">
				<ele>1926.0</ele>
				<time>1970-01-01T01:00:00+01:00</time>
				<extensions>
					<swisstopo:routepoint_id>323755527</swisstopo:routepoint_id>
				</extensions>
			</trkpt>
			<trkpt lat="46.2613405327" lon="8.5932214447">
				<ele>1927.0</ele>
				<time>1970-01-01T01:00:00+01:00</time>
				<extensions>
					<swisstopo:routepoint_id>137746230</swisstopo:routepoint_id>
				</extensions>
			</trkpt>
			<trkpt lat="46.2613730648" lon="8.5933782663">
				<ele>1928.0</ele>
				<time>1970-01-01T01:00:00+01:00</time>
				<extensions>
					<swisstopo:routepoint_id>2077983772</swisstopo:routepoint_id>
				</extensions>
			</trkpt>
			<trkpt lat="46.2613895853" lon="8.5934622925">
				<ele>1929.6</ele>
				<time>1970-01-01T01:00:00+01:00</time>
				<extensions>
					<swisstopo:routepoint_id>203312829</swisstopo:routepoint_id>
				</extensions>
			</trkpt>
			<trkpt lat="46.2614349508" lon="8.5935797343">
				<ele>1930.9</ele>
				<time>1970-01-01T01:00:00+01:00</time>
				<extensions>
					<swisstopo:routepoint_id>335767970</swisstopo:routepoint_id>
				</extensions>
			</trkpt>
			<trkpt lat="46.2614576706" lon="8.5936649428">
				<ele>1932.8</ele>
				<time>1970-01-01T01:00:00+01:00</time>
				<extensions>
					<swisstopo:routepoint_id>551572955</swisstopo:routepoint_id>
				</extensions>
			</trkpt>
			<trkpt lat="46.2615091300" lon="8.5937336397">
				<ele>1934.0</ele>
				<time>1970-01-01T01:00:00+01:00</time>
				<extensions>
					<swisstopo:routepoint_id>1653004224</swisstopo:routepoint_id>
				</extensions>
			</trkpt>
			<trkpt lat="46.2615607838" lon="8.5937850116">
				<ele>1934.0</ele>
				<time>1970-01-01T01:00:00+01:00</time>
				<extensions>
					<swisstopo:routepoint_id>489278824</swisstopo:routepoint_id>
				</extensions>
			</trkpt>
			<trkpt lat="46.2616313842" lon="8.5939245607">
				<ele>1937.7</ele>
				<time>1970-01-01T01:00:00+01:00</time>
				<extensions>
					<swisstopo:routepoint_id>1244404627</swisstopo:routepoint_id>
				</extensions>
			</trkpt>
			<trkpt lat="46.2616329967" lon="8.5939490581">
				<ele>1938.5</ele>
				<time>1970-01-01T01:00:00+01:00</time>
				<extensions>
					<swisstopo:routepoint_id>1541091357</swisstopo:routepoint_id>
				</extensions>
			</trkpt>
			<trkpt lat="46.2616651183" lon="8.5940263856">
				<ele>1940.1</ele>
				<time>1970-01-01T01:00:00+01:00</time>
				<extensions>
					<swisstopo:routepoint_id>554816846</swisstopo:routepoint_id>
				</extensions>
			</trkpt>
			<trkpt lat="46.2617396464" lon="8.5940875697">
				<ele>1939.6</ele>
				<time>1970-01-01T01:00:00+01:00</time>
				<extensions>
					<swisstopo:routepoint_id>258513977</swisstopo:routepoint_id>
				</extensions>
			</trkpt>
			<trkpt lat="46.2617665565" lon="8.5941280529">
				<ele>1941.5</ele>
				<time>1970-01-01T01:00:00+01:00</time>
				<extensions>
					<swisstopo:routepoint_id>1519932385</swisstopo:routepoint_id>
				</extensions>
			</trkpt>
			<trkpt lat="46.2617926020" lon="8.5941929813">
				<ele>1944.8</ele>
				<time>1970-01-01T01:00:00+01:00</time>
				<extensions>
					<swisstopo:routepoint_id>80311502</swisstopo:routepoint_id>
				</extensions>
			</trkpt>
			<trkpt lat="46.2618178251" lon="8.5942171243">
				<ele>1946.0</ele>
				<time>1970-01-01T01:00:00+01:00</time>
				<extensions>
					<swisstopo:routepoint_id>668173422</swisstopo:routepoint_id>
				</extensions>
			</trkpt>
			<trkpt lat="46.2618359580" lon="8.5942645163">
				<ele>1947.6</ele>
				<time>1970-01-01T01:00:00+01:00</time>
				<extensions>
					<swisstopo:routepoint_id>483332535</swisstopo:routepoint_id>
				</extensions>
			</trkpt>
			<trkpt lat="46.2618950494" lon="8.5943171106">
				<ele>1949.8</ele>
				<time>1970-01-01T01:00:00+01:00</time>
				<extensions>
					<swisstopo:routepoint_id>343697625</swisstopo:routepoint_id>
				</extensions>
			</trkpt>
			<trkpt lat="46.2618940927" lon="8.5943496993">
				<ele>1951.4</ele>
				<time>1970-01-01T01:00:00+01:00</time>
				<extensions>
					<swisstopo:routepoint_id>2013179954</swisstopo:routepoint_id>
				</extensions>
			</trkpt>
			<trkpt lat="46.2619547331" lon="8.5943727787">
				<ele>1953.2</ele>
				<time>1970-01-01T01:00:00+01:00</time>
				<extensions>
					<swisstopo:routepoint_id>1438383446</swisstopo:routepoint_id>
				</extensions>
			</trkpt>
			<trkpt lat="46.2620286717" lon="8.5945501330">
				<ele>1955.0</ele>
				<time>1970-01-01T01:00:00+01:00</time>
				<extensions>
					<swisstopo:routepoint_id>1991776360</swisstopo:routepoint_id>
				</extensions>
			</trkpt>
			<trkpt lat="46.2620570787" lon="8.5945661981">
				<ele>1955.5</ele>
				<time>1970-01-01T01:00:00+01:00</time>
				<extensions>
					<swisstopo:routepoint_id>1700024284</swisstopo:routepoint_id>
				</extensions>
			</trkpt>
			<trkpt lat="46.2620566743" lon="8.5946049211">
				<ele>1957.6</ele>
				<time>1970-01-01T01:00:00+01:00</time>
				<extensions>
					<swisstopo:routepoint_id>155342464</swisstopo:routepoint_id>
				</extensions>
			</trkpt>
			<trkpt lat="46.2620904175" lon="8.5946456018">
				<ele>1959.0</ele>
				<time>1970-01-01T01:00:00+01:00</time>
				<extensions>
					<swisstopo:routepoint_id>1239584254</swisstopo:routepoint_id>
				</extensions>
			</trkpt>
			<trkpt lat="46.2620677975" lon="8.5947295635">
				<ele>1963.4</ele>
				<time>1970-01-01T01:00:00+01:00</time>
				<extensions>
					<swisstopo:routepoint_id>1935861008</swisstopo:routepoint_id>
				</extensions>
			</trkpt>
			<trkpt lat="46.2621174119" lon="8.5947981969">
				<ele>1966.5</ele>
				<time>1970-01-01T01:00:00+01:00</time>
				<extensions>
					<swisstopo:routepoint_id>994104596</swisstopo:routepoint_id>
				</extensions>
			</trkpt>
			<trkpt lat="46.2621074923" lon="8.5948549945">
				<ele>1968.4</ele>
				<time>1970-01-01T01:00:00+01:00</time>
				<extensions>
					<swisstopo:routepoint_id>2078337903</swisstopo:routepoint_id>
				</extensions>
			</trkpt>
			<trkpt lat="46.2620757905" lon="8.5948561499">
				<ele>1969.4</ele>
				<time>1970-01-01T01:00:00+01:00</time>
				<extensions>
					<swisstopo:routepoint_id>1516568774</swisstopo:routepoint_id>
				</extensions>
			</trkpt>
			<trkpt lat="46.2619850499" lon="8.5949354215">
				<ele>1973.3</ele>
				<time>1970-01-01T01:00:00+01:00</time>
				<extensions>
					<swisstopo:routepoint_id>1294260250</swisstopo:routepoint_id>
				</extensions>
			</trkpt>
			<trkpt lat="46.2619456993" lon="8.5949860934">
				<ele>1971.7</ele>
				<time>1970-01-01T01:00:00+01:00</time>
				<extensions>
					<swisstopo:routepoint_id>1001005120</swisstopo:routepoint_id>
				</extensions>
			</trkpt>
			<trkpt lat="46.2619248092" lon="8.5951027785">
				<ele>1973.1</ele>
				<time>1970-01-01T01:00:00+01:00</time>
				<extensions>
					<swisstopo:routepoint_id>2103810582</swisstopo:routepoint_id>
				</extensions>
			</trkpt>
			<trkpt lat="46.2619251813" lon="8.5952021842">
				<ele>1977.6</ele>
				<time>1970-01-01T01:00:00+01:00</time>
				<extensions>
					<swisstopo:routepoint_id>1286535580</swisstopo:routepoint_id>
				</extensions>
			</trkpt>
			<trkpt lat="46.2619338191" lon="8.5952716591">
				<ele>1980.8</ele>
				<time>1970-01-01T01:00:00+01:00</time>
				<extensions>
					<swisstopo:routepoint_id>120442698</swisstopo:routepoint_id>
				</extensions>
			</trkpt>
			<trkpt lat="46.2619615079" lon="8.5953278806">
				<ele>1983.6</ele>
				<time>1970-01-01T01:00:00+01:00</time>
				<extensions>
					<swisstopo:routepoint_id>1949461908</swisstopo:routepoint_id>
				</extensions>
			</trkpt>
			<trkpt lat="46.2619653156" lon="8.5953799627">
				<ele>1985.0</ele>
				<time>1970-01-01T01:00:00+01:00</time>
				<extensions>
					<swisstopo:routepoint_id>1526410817</swisstopo:routepoint_id>
				</extensions>
			</trkpt>
			<trkpt lat="46.2619577025" lon="8.5953950291">
				<ele>1985.6</ele>
				<time>1970-01-01T01:00:00+01:00</time>
				<extensions>
					<swisstopo:routepoint_id>697792252</swisstopo:routepoint_id>
				</extensions>
			</trkpt>
			<trkpt lat="46.2619409266" lon="8.5953945689">
				<ele>1987.4</ele>
				<time>1970-01-01T01:00:00+01:00</time>
				<extensions>
					<swisstopo:routepoint_id>1993972793</swisstopo:routepoint_id>
				</extensions>
			</trkpt>
			<trkpt lat="46.2619486234" lon="8.5954314666">
				<ele>1988.5</ele>
				<time>1970-01-01T01:00:00+01:00</time>
				<extensions>
					<swisstopo:routepoint_id>1454651975</swisstopo:routepoint_id>
				</extensions>
			</trkpt>
			<trkpt lat="46.2619484254" lon="8.5954508280">
				<ele>1989.0</ele>
				<time>1970-01-01T01:00:00+01:00</time>
				<extensions>
					<swisstopo:routepoint_id>111912867</swisstopo:routepoint_id>
				</extensions>
			</trkpt>
			<trkpt lat="46.2619377671" lon="8.5954586827">
				<ele>1989.5</ele>
				<time>1970-01-01T01:00:00+01:00</time>
				<extensions>
					<swisstopo:routepoint_id>2081945626</swisstopo:routepoint_id>
				</extensions>
			</trkpt>
			<trkpt lat="46.2618873215" lon="8.5954705297">
				<ele>1991.7</ele>
				<time>1970-01-01T01:00:00+01:00</time>
				<extensions>
					<swisstopo:routepoint_id>985890650</swisstopo:routepoint_id>
				</extensions>
			</trkpt>
			<trkpt lat="46.2618672681" lon="8.5954872899">
				<ele>1993.1</ele>
				<time>1970-01-01T01:00:00+01:00</time>
				<extensions>
					<swisstopo:routepoint_id>21158972</swisstopo:routepoint_id>
				</extensions>
			</trkpt>
			<trkpt lat="46.2618102166" lon="8.5954775555">
				<ele>1996.4</ele>
				<time>1970-01-01T01:00:00+01:00</time>
				<extensions>
					<swisstopo:routepoint_id>474505344</swisstopo:routepoint_id>
				</extensions>
			</trkpt>
			<trkpt lat="46.2617670837" lon="8.5955028532">
				<ele>2000.9</ele>
				<time>1970-01-01T01:00:00+01:00</time>
				<extensions>
					<swisstopo:routepoint_id>1737824202</swisstopo:routepoint_id>
				</extensions>
			</trkpt>
			<trkpt lat="46.2616901128" lon="8.5957931949">
				<ele>2013.0</ele>
				<time>1970-01-01T01:00:00+01:00</time>
				<extensions>
					<swisstopo:routepoint_id>1036599850</swisstopo:routepoint_id>
				</extensions>
			</trkpt>
			<trkpt lat="46.2616991034" lon="8.5958831197">
				<ele>2016.2</ele>
				<time>1970-01-01T01:00:00+01:00</time>
				<extensions>
					<swisstopo:routepoint_id>1884097525</swisstopo:routepoint_id>
				</extensions>
			</trkpt>
			<trkpt lat="46.2616920424" lon="8.5959644538">
				<ele>2019.1</ele>
				<time>1970-01-01T01:00:00+01:00</time>
				<extensions>
					<swisstopo:routepoint_id>802477116</swisstopo:routepoint_id>
				</extensions>
			</trkpt>
			<trkpt lat="46.2616696282" lon="8.5960290528">
				<ele>2022.2</ele>
				<time>1970-01-01T01:00:00+01:00</time>
				<extensions>
					<swisstopo:routepoint_id>1192432737</swisstopo:routepoint_id>
				</extensions>
			</trkpt>
			<trkpt lat="46.2616434603" lon="8.5960354620">
				<ele>2024.4</ele>
				<time>1970-01-01T01:00:00+01:00</time>
				<extensions>
					<swisstopo:routepoint_id>499404913</swisstopo:routepoint_id>
				</extensions>
			</trkpt>
			<trkpt lat="46.2616497759" lon="8.5960845488">
				<ele>2025.0</ele>
				<time>1970-01-01T01:00:00+01:00</time>
				<extensions>
					<swisstopo:routepoint_id>313155670</swisstopo:routepoint_id>
				</extensions>
			</trkpt>
			<trkpt lat="46.2616239190" lon="8.5961215373">
				<ele>2028.1</ele>
				<time>1970-01-01T01:00:00+01:00</time>
				<extensions>
					<swisstopo:routepoint_id>1283040982</swisstopo:routepoint_id>
				</extensions>
			</trkpt>
			<trkpt lat="46.2616286835" lon="8.5961410302">
				<ele>2028.3</ele>
				<time>1970-01-01T01:00:00+01:00</time>
				<extensions>
					<swisstopo:routepoint_id>752192106</swisstopo:routepoint_id>
				</extensions>
			</trkpt>
			<trkpt lat="46.2616151626" lon="8.5961865173">
				<ele>2030.4</ele>
				<time>1970-01-01T01:00:00+01:00</time>
				<extensions>
					<swisstopo:routepoint_id>1911646924</swisstopo:routepoint_id>
				</extensions>
			</trkpt>
			<trkpt lat="46.2615650191" lon="8.5961688218">
				<ele>2033.3</ele>
				<time>1970-01-01T01:00:00+01:00</time>
				<extensions>
					<swisstopo:routepoint_id>1308721515</swisstopo:routepoint_id>
				</extensions>
			</trkpt>
			<trkpt lat="46.2615659835" lon="8.5960771245">
				<ele>2035.0</ele>
				<time>1970-01-01T01:00:00+01:00</time>
				<extensions>
					<swisstopo:routepoint_id>1308729999</swisstopo:routepoint_id>
				</extensions>
			</trkpt>
			<trkpt lat="46.2615419277" lon="8.5961192616">
				<ele>2036.7</ele>
				<time>1970-01-01T01:00:00+01:00</time>
				<extensions>
					<swisstopo:routepoint_id>419292233</swisstopo:routepoint_id>
				</extensions>
			</trkpt>
			<trkpt lat="46.2614953504" lon="8.5961780802">
				<ele>2039.1</ele>
				<time>1970-01-01T01:00:00+01:00</time>
				<extensions>
					<swisstopo:routepoint_id>1847327994</swisstopo:routepoint_id>
				</extensions>
			</trkpt>
			<trkpt lat="46.2614782022" lon="8.5962723908">
				<ele>2042.5</ele>
				<time>1970-01-01T01:00:00+01:00</time>
				<extensions>
					<swisstopo:routepoint_id>1077332782</swisstopo:routepoint_id>
				</extensions>
			</trkpt>
			<trkpt lat="46.2614944706" lon="8.5963207424">
				<ele>2044.1</ele>
				<time>1970-01-01T01:00:00+01:00</time>
				<extensions>
					<swisstopo:routepoint_id>1560241840</swisstopo:routepoint_id>
				</extensions>
			</trkpt>
			<trkpt lat="46.2614943160" lon="8.5963349942">
				<ele>2044.8</ele>
				<time>1970-01-01T01:00:00+01:00</time>
				<extensions>
					<swisstopo:routepoint_id>7724670</swisstopo:routepoint_id>
				</extensions>
			</trkpt>
			<trkpt lat="46.2615309905" lon="8.5963930932">
				<ele>2047.2</ele>
				<time>1970-01-01T01:00:00+01:00</time>
				<extensions>
					<swisstopo:routepoint_id>880562422</swisstopo:routepoint_id>
				</extensions>
			</trkpt>
			<trkpt lat="46.2615221196" lon="8.5964091444">
				<ele>2048.0</ele>
				<time>1970-01-01T01:00:00+01:00</time>
				<extensions>
					<swisstopo:routepoint_id>154348674</swisstopo:routepoint_id>
				</extensions>
			</trkpt>
			<trkpt lat="46.2615048123" lon="8.5964005134">
				<ele>2048.6</ele>
				<time>1970-01-01T01:00:00+01:00</time>
				<extensions>
					<swisstopo:routepoint_id>1907608411</swisstopo:routepoint_id>
				</extensions>
			</trkpt>
			<trkpt lat="46.2614644173" lon="8.5964115096">
				<ele>2050.3</ele>
				<time>1970-01-01T01:00:00+01:00</time>
				<extensions>
					<swisstopo:routepoint_id>1570134094</swisstopo:routepoint_id>
				</extensions>
			</trkpt>
			<trkpt lat="46.2614324830" lon="8.5964267978">
				<ele>2052.9</ele>
				<time>1970-01-01T01:00:00+01:00</time>
				<extensions>
					<swisstopo:routepoint_id>2102972762</swisstopo:routepoint_id>
				</extensions>
			</trkpt>
			<trkpt lat="46.2614082544" lon="8.5964051009">
				<ele>2054.6</ele>
				<time>1970-01-01T01:00:00+01:00</time>
				<extensions>
					<swisstopo:routepoint_id>71758841</swisstopo:routepoint_id>
				</extensions>
			</trkpt>
			<trkpt lat="46.2613899819" lon="8.5964126504">
				<ele>2054.7</ele>
				<time>1970-01-01T01:00:00+01:00</time>
				<extensions>
					<swisstopo:routepoint_id>585879385</swisstopo:routepoint_id>
				</extensions>
			</trkpt>
			<trkpt lat="46.2613943810" lon="8.5964695696">
				<ele>2056.2</ele>
				<time>1970-01-01T01:00:00+01:00</time>
				<extensions>
					<swisstopo:routepoint_id>2059510815</swisstopo:routepoint_id>
				</extensions>
			</trkpt>
			<trkpt lat="46.2613703536" lon="8.5965758745">
				<ele>2056.3</ele>
				<time>1970-01-01T01:00:00+01:00</time>
				<extensions>
					<swisstopo:routepoint_id>468761325</swisstopo:routepoint_id>
				</extensions>
			</trkpt>
			<trkpt lat="46.2613395799" lon="8.5966709063">
				<ele>2056.4</ele>
				<time>1970-01-01T01:00:00+01:00</time>
				<extensions>
					<swisstopo:routepoint_id>90753895</swisstopo:routepoint_id>
				</extensions>
			</trkpt>
			<trkpt lat="46.2613240176" lon="8.5967510083">
				<ele>2056.9</ele>
				<time>1970-01-01T01:00:00+01:00</time>
				<extensions>
					<swisstopo:routepoint_id>1607440282</swisstopo:routepoint_id>
				</extensions>
			</trkpt>
			<trkpt lat="46.2613008865" lon="8.5968341009">
				<ele>2057.4</ele>
				<time>1970-01-01T01:00:00+01:00</time>
				<extensions>
					<swisstopo:routepoint_id>1395550096</swisstopo:routepoint_id>
				</extensions>
			</trkpt>
			<trkpt lat="46.2612842664" lon="8.5968587550">
				<ele>2057.2</ele>
				<time>1970-01-01T01:00:00+01:00</time>
				<extensions>
					<swisstopo:routepoint_id>1132042769</swisstopo:routepoint_id>
				</extensions>
			</trkpt>
			<trkpt lat="46.2612785310" lon="8.5969023580">
				<ele>2057.8</ele>
				<time>1970-01-01T01:00:00+01:00</time>
				<extensions>
					<swisstopo:routepoint_id>737891467</swisstopo:routepoint_id>
				</extensions>
			</trkpt>
			<trkpt lat="46.2612108183" lon="8.5970260602">
				<ele>2057.9</ele>
				<time>1970-01-01T01:00:00+01:00</time>
				<extensions>
					<swisstopo:routepoint_id>935347086</swisstopo:routepoint_id>
				</extensions>
			</trkpt>
			<trkpt lat="46.2611837179" lon="8.5971346992">
				<ele>2057.6</ele>
				<time>1970-01-01T01:00:00+01:00</time>
				<extensions>
					<swisstopo:routepoint_id>1991650761</swisstopo:routepoint_id>
				</extensions>
			</trkpt>
			<trkpt lat="46.2611790163" lon="8.5972180535">
				<ele>2059.0</ele>
				<time>1970-01-01T01:00:00+01:00</time>
				<extensions>
					<swisstopo:routepoint_id>1384692611</swisstopo:routepoint_id>
				</extensions>
			</trkpt>
			<trkpt lat="46.2611533371" lon="8.5972805461">
				<ele>2060.4</ele>
				<time>1970-01-01T01:00:00+01:00</time>
				<extensions>
					<swisstopo:routepoint_id>489321446</swisstopo:routepoint_id>
				</extensions>
			</trkpt>
			<trkpt lat="46.2611299655" lon="8.5973536322">
				<ele>2062.1</ele>
				<time>1970-01-01T01:00:00+01:00</time>
				<extensions>
					<swisstopo:routepoint_id>2056875403</swisstopo:routepoint_id>
				</extensions>
			</trkpt>
			<trkpt lat="46.2610986254" lon="8.5973906585">
				<ele>2063.9</ele>
				<time>1970-01-01T01:00:00+01:00</time>
				<extensions>
					<swisstopo:routepoint_id>1894696455</swisstopo:routepoint_id>
				</extensions>
			</trkpt>
			<trkpt lat="46.2610513890" lon="8.5974391368">
				<ele>2066.7</ele>
				<time>1970-01-01T01:00:00+01:00</time>
				<extensions>
					<swisstopo:routepoint_id>548992394</swisstopo:routepoint_id>
				</extensions>
			</trkpt>
			<trkpt lat="46.2610420451" lon="8.5974481728">
				<ele>2067.3</ele>
				<time>1970-01-01T01:00:00+01:00</time>
				<extensions>
					<swisstopo:routepoint_id>2121803114</swisstopo:routepoint_id>
				</extensions>
			</trkpt>
			<trkpt lat="46.2610072612" lon="8.5974628811">
				<ele>2069.0</ele>
				<time>1970-01-01T01:00:00+01:00</time>
				<extensions>
					<swisstopo:routepoint_id>1590945755</swisstopo:routepoint_id>
				</extensions>
			</trkpt>
			<trkpt lat="46.2609858358" lon="8.5974634493">
				<ele>2069.7</ele>
				<time>1970-01-01T01:00:00+01:00</time>
				<extensions>
					<swisstopo:routepoint_id>1492354690</swisstopo:routepoint_id>
				</extensions>
			</trkpt>
			<trkpt lat="46.2609779093" lon="8.5974704928">
				<ele>2069.9</ele>
				<time>1970-01-01T01:00:00+01:00</time>
				<extensions>
					<swisstopo:routepoint_id>1608877169</swisstopo:routepoint_id>
				</extensions>
			</trkpt>
			<trkpt lat="46.2609669558" lon="8.5974934249">
				<ele>2070.6</ele>
				<time>1970-01-01T01:00:00+01:00</time>
				<extensions>
					<swisstopo:routepoint_id>231397216</swisstopo:routepoint_id>
				</extensions>
			</trkpt>
			<trkpt lat="46.2609461909" lon="8.5975341659">
				<ele>2071.7</ele>
				<time>1970-01-01T01:00:00+01:00</time>
				<extensions>
					<swisstopo:routepoint_id>1006534041</swisstopo:routepoint_id>
				</extensions>
			</trkpt>
			<trkpt lat="46.2609405411" lon="8.5975633852">
				<ele>2072.3</ele>
				<time>1970-01-01T01:00:00+01:00</time>
				<extensions>
					<swisstopo:routepoint_id>1839603324</swisstopo:routepoint_id>
				</extensions>
			</trkpt>
			<trkpt lat="46.2609327673" lon="8.5975889666">
				<ele>2072.6</ele>
				<time>1970-01-01T01:00:00+01:00</time>
				<extensions>
					<swisstopo:routepoint_id>196770360</swisstopo:routepoint_id>
				</extensions>
			</trkpt>
			<trkpt lat="46.2609056726" lon="8.5976558256">
				<ele>2073.4</ele>
				<time>1970-01-01T01:00:00+01:00</time>
				<extensions>
					<swisstopo:routepoint_id>1405893166</swisstopo:routepoint_id>
				</extensions>
			</trkpt>
			<trkpt lat="46.2608828098" lon="8.5977263800">
				<ele>2072.7</ele>
				<time>1970-01-01T01:00:00+01:00</time>
				<extensions>
					<swisstopo:routepoint_id>247599907</swisstopo:routepoint_id>
				</extensions>
			</trkpt>
			<trkpt lat="46.2608792470" lon="8.5977602750">
				<ele>2072.0</ele>
				<time>1970-01-01T01:00:00+01:00</time>
				<extensions>
					<swisstopo:routepoint_id>1457911976</swisstopo:routepoint_id>
				</extensions>
			</trkpt>
			<trkpt lat="46.2608718015" lon="8.5978249833">
				<ele>2071.6</ele>
				<time>1970-01-01T01:00:00+01:00</time>
				<extensions>
					<swisstopo:routepoint_id>198859559</swisstopo:routepoint_id>
				</extensions>
			</trkpt>
			<trkpt lat="46.2608725681" lon="8.5978908007">
				<ele>2072.2</ele>
				<time>1970-01-01T01:00:00+01:00</time>
				<extensions>
					<swisstopo:routepoint_id>1835849569</swisstopo:routepoint_id>
				</extensions>
			</trkpt>
			<trkpt lat="46.2608260729" lon="8.5979698015">
				<ele>2072.5</ele>
				<time>1970-01-01T01:00:00+01:00</time>
				<extensions>
					<swisstopo:routepoint_id>984254708</swisstopo:routepoint_id>
				</extensions>
			</trkpt>
			<trkpt lat="46.2608055577" lon="8.5980032966">
				<ele>2073.1</ele>
				<time>1970-01-01T01:00:00+01:00</time>
				<extensions>
					<swisstopo:routepoint_id>43461947</swisstopo:routepoint_id>
				</extensions>
			</trkpt>
			<trkpt lat="46.2607630638" lon="8.5980150511">
				<ele>2073.8</ele>
				<time>1970-01-01T01:00:00+01:00</time>
				<extensions>
					<swisstopo:routepoint_id>1750481164</swisstopo:routepoint_id>
				</extensions>
			</trkpt>
			<trkpt lat="46.2607044312" lon="8.5980044501">
				<ele>2075.4</ele>
				<time>1970-01-01T01:00:00+01:00</time>
				<extensions>
					<swisstopo:routepoint_id>495125490</swisstopo:routepoint_id>
				</extensions>
			</trkpt>
			<trkpt lat="46.2606767460" lon="8.5979857271">
				<ele>2076.4</ele>
				<time>1970-01-01T01:00:00+01:00</time>
				<extensions>
					<swisstopo:routepoint_id>452070533</swisstopo:routepoint_id>
				</extensions>
			</trkpt>
			<trkpt lat="46.2606410257" lon="8.5979717745">
				<ele>2077.0</ele>
				<time>1970-01-01T01:00:00+01:00</time>
				<extensions>
					<swisstopo:routepoint_id>1220694877</swisstopo:routepoint_id>
				</extensions>
			</trkpt>
			<trkpt lat="46.2605652771" lon="8.5980273365">
				<ele>2076.4</ele>
				<time>1970-01-01T01:00:00+01:00</time>
				<extensions>
					<swisstopo:routepoint_id>1106194773</swisstopo:routepoint_id>
				</extensions>
			</trkpt>
			<trkpt lat="46.2605339571" lon="8.5980563856">
				<ele>2076.5</ele>
				<time>1970-01-01T01:00:00+01:00</time>
				<extensions>
					<swisstopo:routepoint_id>869548815</swisstopo:routepoint_id>
				</extensions>
			</trkpt>
			<trkpt lat="46.2604758683" lon="8.5981247488">
				<ele>2076.9</ele>
				<time>1970-01-01T01:00:00+01:00</time>
				<extensions>
					<swisstopo:routepoint_id>460203010</swisstopo:routepoint_id>
				</extensions>
			</trkpt>
			<trkpt lat="46.2604628929" lon="8.5981460692">
				<ele>2077.6</ele>
				<time>1970-01-01T01:00:00+01:00</time>
				<extensions>
					<swisstopo:routepoint_id>1287875656</swisstopo:routepoint_id>
				</extensions>
			</trkpt>
			<trkpt lat="46.2604307094" lon="8.5981599369">
				<ele>2079.3</ele>
				<time>1970-01-01T01:00:00+01:00</time>
				<extensions>
					<swisstopo:routepoint_id>1500682503</swisstopo:routepoint_id>
				</extensions>
			</trkpt>
			<trkpt lat="46.2604057739" lon="8.5981318033">
				<ele>2080.0</ele>
				<time>1970-01-01T01:00:00+01:00</time>
				<extensions>
					<swisstopo:routepoint_id>446025639</swisstopo:routepoint_id>
				</extensions>
			</trkpt>
			<trkpt lat="46.2603573873" lon="8.5980498614">
				<ele>2081.1</ele>
				<time>1970-01-01T01:00:00+01:00</time>
				<extensions>
					<swisstopo:routepoint_id>2082259006</swisstopo:routepoint_id>
				</extensions>
			</trkpt>
			<trkpt lat="46.2603467572" lon="8.5980403740">
				<ele>2081.6</ele>
				<time>1970-01-01T01:00:00+01:00</time>
				<extensions>
					<swisstopo:routepoint_id>1637479804</swisstopo:routepoint_id>
				</extensions>
			</trkpt>
			<trkpt lat="46.2603094682" lon="8.5980611891">
				<ele>2082.3</ele>
				<time>1970-01-01T01:00:00+01:00</time>
				<extensions>
					<swisstopo:routepoint_id>2087812700</swisstopo:routepoint_id>
				</extensions>
			</trkpt>
			<trkpt lat="46.2602286597" lon="8.5980523720">
				<ele>2080.9</ele>
				<time>1970-01-01T01:00:00+01:00</time>
				<extensions>
					<swisstopo:routepoint_id>2082555936</swisstopo:routepoint_id>
				</extensions>
			</trkpt>
			<trkpt lat="46.2601824263" lon="8.5980526721">
				<ele>2081.3</ele>
				<time>1970-01-01T01:00:00+01:00</time>
				<extensions>
					<swisstopo:routepoint_id>303750700</swisstopo:routepoint_id>
				</extensions>
			</trkpt>
			<trkpt lat="46.2601606675" lon="8.5980617680">
				<ele>2081.2</ele>
				<time>1970-01-01T01:00:00+01:00</time>
				<extensions>
					<swisstopo:routepoint_id>1204121351</swisstopo:routepoint_id>
				</extensions>
			</trkpt>
			<trkpt lat="46.2601365533" lon="8.5981129549">
				<ele>2081.3</ele>
				<time>1970-01-01T01:00:00+01:00</time>
				<extensions>
					<swisstopo:routepoint_id>512925945</swisstopo:routepoint_id>
				</extensions>
			</trkpt>
			<trkpt lat="46.2600815035" lon="8.5981754037">
				<ele>2078.7</ele>
				<time>1970-01-01T01:00:00+01:00</time>
				<extensions>
					<swisstopo:routepoint_id>1359548538</swisstopo:routepoint_id>
				</extensions>
			</trkpt>
			<trkpt lat="46.2600501276" lon="8.5982296135">
				<ele>2078.5</ele>
				<time>1970-01-01T01:00:00+01:00</time>
				<extensions>
					<swisstopo:routepoint_id>485820649</swisstopo:routepoint_id>
				</extensions>
			</trkpt>
			<trkpt lat="46.2600102825" lon="8.5982649532">
				<ele>2078.9</ele>
				<time>1970-01-01T01:00:00+01:00</time>
				<extensions>
					<swisstopo:routepoint_id>1916757492</swisstopo:routepoint_id>
				</extensions>
			</trkpt>
			<trkpt lat="46.2599621441" lon="8.5983113871">
				<ele>2079.1</ele>
				<time>1970-01-01T01:00:00+01:00</time>
				<extensions>
					<swisstopo:routepoint_id>34626856</swisstopo:routepoint_id>
				</extensions>
			</trkpt>
			<trkpt lat="46.2599493628" lon="8.5983377693">
				<ele>2079.5</ele>
				<time>1970-01-01T01:00:00+01:00</time>
				<extensions>
					<swisstopo:routepoint_id>1748124522</swisstopo:routepoint_id>
				</extensions>
			</trkpt>
			<trkpt lat="46.2598976935" lon="8.5983678235">
				<ele>2078.3</ele>
				<time>1970-01-01T01:00:00+01:00</time>
				<extensions>
					<swisstopo:routepoint_id>1592003417</swisstopo:routepoint_id>
				</extensions>
			</trkpt>
			<trkpt lat="46.2598056926" lon="8.5984335314">
				<ele>2079.3</ele>
				<time>1970-01-01T01:00:00+01:00</time>
				<extensions>
					<swisstopo:routepoint_id>886342032</swisstopo:routepoint_id>
				</extensions>
			</trkpt>
			<trkpt lat="46.2596610957" lon="8.5986273821">
				<ele>2079.8</ele>
				<time>1970-01-01T01:00:00+01:00</time>
				<extensions>
					<swisstopo:routepoint_id>1207033607</swisstopo:routepoint_id>
				</extensions>
			</trkpt>
			<trkpt lat="46.2595945728" lon="8.5987531016">
				<ele>2081.3</ele>
				<time>1970-01-01T01:00:00+01:00</time>
				<extensions>
					<swisstopo:routepoint_id>559233985</swisstopo:routepoint_id>
				</extensions>
			</trkpt>
			<trkpt lat="46.2595602481" lon="8.5987667022">
				<ele>2080.6</ele>
				<time>1970-01-01T01:00:00+01:00</time>
				<extensions>
					<swisstopo:routepoint_id>473657267</swisstopo:routepoint_id>
				</extensions>
			</trkpt>
			<trkpt lat="46.2595240504" lon="8.5988216001">
				<ele>2081.0</ele>
				<time>1970-01-01T01:00:00+01:00</time>
				<extensions>
					<swisstopo:routepoint_id>155397612</swisstopo:routepoint_id>
				</extensions>
			</trkpt>
			<trkpt lat="46.2594985122" lon="8.5988711091">
				<ele>2081.0</ele>
				<time>1970-01-01T01:00:00+01:00</time>
				<extensions>
					<swisstopo:routepoint_id>85368405</swisstopo:routepoint_id>
				</extensions>
			</trkpt>
			<trkpt lat="46.2594555268" lon="8.5988836565">
				<ele>2080.9</ele>
				<time>1970-01-01T01:00:00+01:00</time>
				<extensions>
					<swisstopo:routepoint_id>489129218</swisstopo:routepoint_id>
				</extensions>
			</trkpt>
			<trkpt lat="46.2593916241" lon="8.5989174834">
				<ele>2080.9</ele>
				<time>1970-01-01T01:00:00+01:00</time>
				<extensions>
					<swisstopo:routepoint_id>1738875061</swisstopo:routepoint_id>
				</extensions>
			</trkpt>
			<trkpt lat="46.2593363653" lon="8.5989291588">
				<ele>2081.1</ele>
				<time>1970-01-01T01:00:00+01:00</time>
				<extensions>
					<swisstopo:routepoint_id>529786287</swisstopo:routepoint_id>
				</extensions>
			</trkpt>
			<trkpt lat="46.2592345427" lon="8.5989390768">
				<ele>2080.0</ele>
				<time>1970-01-01T01:00:00+01:00</time>
				<extensions>
					<swisstopo:routepoint_id>1536414365</swisstopo:routepoint_id>
				</extensions>
			</trkpt>
			<trkpt lat="46.2591254527" lon="8.5989748456">
				<ele>2079.5</ele>
				<time>1970-01-01T01:00:00+01:00</time>
				<extensions>
					<swisstopo:routepoint_id>1730005366</swisstopo:routepoint_id>
				</extensions>
			</trkpt>
			<trkpt lat="46.2590549817" lon="8.5990263269">
				<ele>2080.0</ele>
				<time>1970-01-01T01:00:00+01:00</time>
				<extensions>
					<swisstopo:routepoint_id>760491867</swisstopo:routepoint_id>
				</extensions>
			</trkpt>
			<trkpt lat="46.2590046588" lon="8.5990595737">
				<ele>2079.9</ele>
				<time>1970-01-01T01:00:00+01:00</time>
				<extensions>
					<swisstopo:routepoint_id>1965802765</swisstopo:routepoint_id>
				</extensions>
			</trkpt>
			<trkpt lat="46.2589734232" lon="8.5990880785">
				<ele>2079.4</ele>
				<time>1970-01-01T01:00:00+01:00</time>
				<extensions>
					<swisstopo:routepoint_id>1516349959</swisstopo:routepoint_id>
				</extensions>
			</trkpt>
			<trkpt lat="46.2589578154" lon="8.5991142051">
				<ele>2079.2</ele>
				<time>1970-01-01T01:00:00+01:00</time>
				<extensions>
					<swisstopo:routepoint_id>14177370</swisstopo:routepoint_id>
				</extensions>
			</trkpt>
			<trkpt lat="46.2588793065" lon="8.5992332339">
				<ele>2077.0</ele>
				<time>1970-01-01T01:00:00+01:00</time>
				<extensions>
					<swisstopo:routepoint_id>1353100297</swisstopo:routepoint_id>
				</extensions>
			</trkpt>
			<trkpt lat="46.2588634316" lon="8.5992905354">
				<ele>2076.5</ele>
				<time>1970-01-01T01:00:00+01:00</time>
				<extensions>
					<swisstopo:routepoint_id>2010686347</swisstopo:routepoint_id>
				</extensions>
			</trkpt>
			<trkpt lat="46.2588316474" lon="8.5993382503">
				<ele>2075.4</ele>
				<time>1970-01-01T01:00:00+01:00</time>
				<extensions>
					<swisstopo:routepoint_id>505696587</swisstopo:routepoint_id>
				</extensions>
			</trkpt>
			<trkpt lat="46.2587724090" lon="8.5994338110">
				<ele>2074.5</ele>
				<time>1970-01-01T01:00:00+01:00</time>
				<extensions>
					<swisstopo:routepoint_id>2147186718</swisstopo:routepoint_id>
				</extensions>
			</trkpt>
			<trkpt lat="46.2587229131" lon="8.5995183079">
				<ele>2073.2</ele>
				<time>1970-01-01T01:00:00+01:00</time>
				<extensions>
					<swisstopo:routepoint_id>1333729103</swisstopo:routepoint_id>
				</extensions>
			</trkpt>
			<trkpt lat="46.2586876485" lon="8.5995772713">
				<ele>2072.2</ele>
				<time>1970-01-01T01:00:00+01:00</time>
				<extensions>
					<swisstopo:routepoint_id>883691349</swisstopo:routepoint_id>
				</extensions>
			</trkpt>
			<trkpt lat="46.2586376952" lon="8.5997063365">
				<ele>2071.1</ele>
				<time>1970-01-01T01:00:00+01:00</time>
				<extensions>
					<swisstopo:routepoint_id>1569629991</swisstopo:routepoint_id>
				</extensions>
			</trkpt>
			<trkpt lat="46.2585864095" lon="8.5998248157">
				<ele>2070.4</ele>
				<time>1970-01-01T01:00:00+01:00</time>
				<extensions>
					<swisstopo:routepoint_id>1091685810</swisstopo:routepoint_id>
				</extensions>
			</trkpt>
			<trkpt lat="46.2585448426" lon="8.5999824778">
				<ele>2069.2</ele>
				<time>1970-01-01T01:00:00+01:00</time>
				<extensions>
					<swisstopo:routepoint_id>718300702</swisstopo:routepoint_id>
				</extensions>
			</trkpt>
			<trkpt lat="46.2585260156" lon="8.6000346191">
				<ele>2068.1</ele>
				<time>1970-01-01T01:00:00+01:00</time>
				<extensions>
					<swisstopo:routepoint_id>743652101</swisstopo:routepoint_id>
				</extensions>
			</trkpt>
			<trkpt lat="46.2585006176" lon="8.6000695634">
				<ele>2067.3</ele>
				<time>1970-01-01T01:00:00+01:00</time>
				<extensions>
					<swisstopo:routepoint_id>1324921682</swisstopo:routepoint_id>
				</extensions>
			</trkpt>
			<trkpt lat="46.2584271550" lon="8.6001428219">
				<ele>2066.5</ele>
				<time>1970-01-01T01:00:00+01:00</time>
				<extensions>
					<swisstopo:routepoint_id>885179775</swisstopo:routepoint_id>
				</extensions>
			</trkpt>
			<trkpt lat="46.2583511743" lon="8.6002217326">
				<ele>2065.9</ele>
				<time>1970-01-01T01:00:00+01:00</time>
				<extensions>
					<swisstopo:routepoint_id>324754075</swisstopo:routepoint_id>
				</extensions>
			</trkpt>
			<trkpt lat="46.2583216567" lon="8.6002505968">
				<ele>2065.5</ele>
				<time>1970-01-01T01:00:00+01:00</time>
				<extensions>
					<swisstopo:routepoint_id>1295768471</swisstopo:routepoint_id>
				</extensions>
			</trkpt>
			<trkpt lat="46.2582448180" lon="8.6003950929">
				<ele>2064.3</ele>
				<time>1970-01-01T01:00:00+01:00</time>
				<extensions>
					<swisstopo:routepoint_id>541090915</swisstopo:routepoint_id>
				</extensions>
			</trkpt>
			<trkpt lat="46.2581717272" lon="8.6004475274">
				<ele>2063.8</ele>
				<time>1970-01-01T01:00:00+01:00</time>
				<extensions>
					<swisstopo:routepoint_id>1032769432</swisstopo:routepoint_id>
				</extensions>
			</trkpt>
			<trkpt lat="46.2581172257" lon="8.6005034982">
				<ele>2063.0</ele>
				<time>1970-01-01T01:00:00+01:00</time>
				<extensions>
					<swisstopo:routepoint_id>412684765</swisstopo:routepoint_id>
				</extensions>
			</trkpt>
			<trkpt lat="46.2580739411" lon="8.6005460240">
				<ele>2062.5</ele>
				<time>1970-01-01T01:00:00+01:00</time>
				<extensions>
					<swisstopo:routepoint_id>1051635994</swisstopo:routepoint_id>
				</extensions>
			</trkpt>
			<trkpt lat="46.2580540566" lon="8.6006078571">
				<ele>2061.1</ele>
				<time>1970-01-01T01:00:00+01:00</time>
				<extensions>
					<swisstopo:routepoint_id>473865580</swisstopo:routepoint_id>
				</extensions>
			</trkpt>
			<trkpt lat="46.2580401504" lon="8.6006958087">
				<ele>2059.1</ele>
				<time>1970-01-01T01:00:00+01:00</time>
				<extensions>
					<swisstopo:routepoint_id>2132011697</swisstopo:routepoint_id>
				</extensions>
			</trkpt>
			<trkpt lat="46.2580074169" lon="8.6007897017">
				<ele>2056.1</ele>
				<time>1970-01-01T01:00:00+01:00</time>
				<extensions>
					<swisstopo:routepoint_id>564006199</swisstopo:routepoint_id>
				</extensions>
			</trkpt>
			<trkpt lat="46.2579816522" lon="8.6008132759">
				<ele>2055.5</ele>
				<time>1970-01-01T01:00:00+01:00</time>
				<extensions>
					<swisstopo:routepoint_id>1703065765</swisstopo:routepoint_id>
				</extensions>
			</trkpt>
			<trkpt lat="46.2579631997" lon="8.6008759555">
				<ele>2054.0</ele>
				<time>1970-01-01T01:00:00+01:00</time>
				<extensions>
					<swisstopo:routepoint_id>1100198501</swisstopo:routepoint_id>
				</extensions>
			</trkpt>
			<trkpt lat="46.2579886397" lon="8.6008839829">
				<ele>2053.1</ele>
				<time>1970-01-01T01:00:00+01:00</time>
				<extensions>
					<swisstopo:routepoint_id>8869695</swisstopo:routepoint_id>
				</extensions>
			</trkpt>
			<trkpt lat="46.2580370711" lon="8.6009032144">
				<ele>2051.0</ele>
				<time>1970-01-01T01:00:00+01:00</time>
				<extensions>
					<swisstopo:routepoint_id>1916778068</swisstopo:routepoint_id>
				</extensions>
			</trkpt>
			<trkpt lat="46.2580602642" lon="8.6009914135">
				<ele>2047.7</ele>
				<time>1970-01-01T01:00:00+01:00</time>
				<extensions>
					<swisstopo:routepoint_id>1718095247</swisstopo:routepoint_id>
				</extensions>
			</trkpt>
			<trkpt lat="46.2580932158" lon="8.6010653080">
				<ele>2044.9</ele>
				<time>1970-01-01T01:00:00+01:00</time>
				<extensions>
					<swisstopo:routepoint_id>213655407</swisstopo:routepoint_id>
				</extensions>
			</trkpt>
			<trkpt lat="46.2581210875" lon="8.6011179915">
				<ele>2043.2</ele>
				<time>1970-01-01T01:00:00+01:00</time>
				<extensions>
					<swisstopo:routepoint_id>746314496</swisstopo:routepoint_id>
				</extensions>
			</trkpt>
			<trkpt lat="46.2581396987" lon="8.6010869102">
				<ele>2042.4</ele>
				<time>1970-01-01T01:00:00+01:00</time>
				<extensions>
					<swisstopo:routepoint_id>612702468</swisstopo:routepoint_id>
				</extensions>
			</trkpt>
			<trkpt lat="46.2581725586" lon="8.6010765101">
				<ele>2041.0</ele>
				<time>1970-01-01T01:00:00+01:00</time>
				<extensions>
					<swisstopo:routepoint_id>1653147260</swisstopo:routepoint_id>
				</extensions>
			</trkpt>
			<trkpt lat="46.2581950756" lon="8.6010877042">
				<ele>2040.2</ele>
				<time>1970-01-01T01:00:00+01:00</time>
				<extensions>
					<swisstopo:routepoint_id>1655964431</swisstopo:routepoint_id>
				</extensions>
			</trkpt>
			<trkpt lat="46.2582149532" lon="8.6011685181">
				<ele>2037.4</ele>
				<time>1970-01-01T01:00:00+01:00</time>
				<extensions>
					<swisstopo:routepoint_id>1353397227</swisstopo:routepoint_id>
				</extensions>
			</trkpt>
			<trkpt lat="46.2582694152" lon="8.6014002663">
				<ele>2031.2</ele>
				<time>1970-01-01T01:00:00+01:00</time>
				<extensions>
					<swisstopo:routepoint_id>676957244</swisstopo:routepoint_id>
				</extensions>
			</trkpt>
			<trkpt lat="46.2582793668" lon="8.6014637864">
				<ele>2030.1</ele>
				<time>1970-01-01T01:00:00+01:00</time>
				<extensions>
					<swisstopo:routepoint_id>1769488886</swisstopo:routepoint_id>
				</extensions>
			</trkpt>
			<trkpt lat="46.2582841722" lon="8.6015595573">
				<ele>2028.3</ele>
				<time>1970-01-01T01:00:00+01:00</time>
				<extensions>
					<swisstopo:routepoint_id>577556727</swisstopo:routepoint_id>
				</extensions>
			</trkpt>
			<trkpt lat="46.2582765907" lon="8.6016193312">
				<ele>2026.9</ele>
				<time>1970-01-01T01:00:00+01:00</time>
				<extensions>
					<swisstopo:routepoint_id>242043293</swisstopo:routepoint_id>
				</extensions>
			</trkpt>
			<trkpt lat="46.2582533519" lon="8.6017928823">
				<ele>2024.8</ele>
				<time>1970-01-01T01:00:00+01:00</time>
				<extensions>
					<swisstopo:routepoint_id>165390647</swisstopo:routepoint_id>
				</extensions>
			</trkpt>
			<trkpt lat="46.2582038277" lon="8.6019107219">
				<ele>2023.3</ele>
				<time>1970-01-01T01:00:00+01:00</time>
				<extensions>
					<swisstopo:routepoint_id>825977890</swisstopo:routepoint_id>
				</extensions>
			</trkpt>
			<trkpt lat="46.2581438493" lon="8.6020250564">
				<ele>2021.2</ele>
				<time>1970-01-01T01:00:00+01:00</time>
				<extensions>
					<swisstopo:routepoint_id>1914247775</swisstopo:routepoint_id>
				</extensions>
			</trkpt>
			<trkpt lat="46.2580432415" lon="8.6021842164">
				<ele>2018.0</ele>
				<time>1970-01-01T01:00:00+01:00</time>
				<extensions>
					<swisstopo:routepoint_id>1980604575</swisstopo:routepoint_id>
				</extensions>
			</trkpt>
			<trkpt lat="46.2579293276" lon="8.6023959052">
				<ele>2013.8</ele>
				<time>1970-01-01T01:00:00+01:00</time>
				<extensions>
					<swisstopo:routepoint_id>418898026</swisstopo:routepoint_id>
				</extensions>
			</trkpt>
			<trkpt lat="46.2578715372" lon="8.6024870946">
				<ele>2012.1</ele>
				<time>1970-01-01T01:00:00+01:00</time>
				<extensions>
					<swisstopo:routepoint_id>29153211</swisstopo:routepoint_id>
				</extensions>
			</trkpt>
			<trkpt lat="46.2577971264" lon="8.6025814828">
				<ele>2010.3</ele>
				<time>1970-01-01T01:00:00+01:00</time>
				<extensions>
					<swisstopo:routepoint_id>344088859</swisstopo:routepoint_id>
				</extensions>
			</trkpt>
			<trkpt lat="46.2577664606" lon="8.6026510085">
				<ele>2009.0</ele>
				<time>1970-01-01T01:00:00+01:00</time>
				<extensions>
					<swisstopo:routepoint_id>1439468291</swisstopo:routepoint_id>
				</extensions>
			</trkpt>
			<trkpt lat="46.2576968859" lon="8.6027219454">
				<ele>2007.0</ele>
				<time>1970-01-01T01:00:00+01:00</time>
				<extensions>
					<swisstopo:routepoint_id>883083706</swisstopo:routepoint_id>
				</extensions>
			</trkpt>
			<trkpt lat="46.2576561812" lon="8.6027937206">
				<ele>2005.3</ele>
				<time>1970-01-01T01:00:00+01:00</time>
				<extensions>
					<swisstopo:routepoint_id>1636938569</swisstopo:routepoint_id>
				</extensions>
			</trkpt>
			<trkpt lat="46.2575489824" lon="8.6029648898">
				<ele>2000.3</ele>
				<time>1970-01-01T01:00:00+01:00</time>
				<extensions>
					<swisstopo:routepoint_id>558903851</swisstopo:routepoint_id>
				</extensions>
			</trkpt>
			<trkpt lat="46.2574476290" lon="8.6031289329">
				<ele>1995.0</ele>
				<time>1970-01-01T01:00:00+01:00</time>
				<extensions>
					<swisstopo:routepoint_id>428156715</swisstopo:routepoint_id>
				</extensions>
			</trkpt>
			<trkpt lat="46.2573477745" lon="8.6032881564">
				<ele>1990.5</ele>
				<time>1970-01-01T01:00:00+01:00</time>
				<extensions>
					<swisstopo:routepoint_id>487629795</swisstopo:routepoint_id>
				</extensions>
			</trkpt>
			<trkpt lat="46.2571601482" lon="8.6035542670">
				<ele>1983.9</ele>
				<time>1970-01-01T01:00:00+01:00</time>
				<extensions>
					<swisstopo:routepoint_id>918283463</swisstopo:routepoint_id>
				</extensions>
			</trkpt>
			<trkpt lat="46.2570848591" lon="8.6036519538">
				<ele>1981.0</ele>
				<time>1970-01-01T01:00:00+01:00</time>
				<extensions>
					<swisstopo:routepoint_id>1031813196</swisstopo:routepoint_id>
				</extensions>
			</trkpt>
			<trkpt lat="46.2569351101" lon="8.6037821448">
				<ele>1977.2</ele>
				<time>1970-01-01T01:00:00+01:00</time>
				<extensions>
					<swisstopo:routepoint_id>555136504</swisstopo:routepoint_id>
				</extensions>
			</trkpt>
			<trkpt lat="46.2568365372" lon="8.6038714463">
				<ele>1975.8</ele>
				<time>1970-01-01T01:00:00+01:00</time>
				<extensions>
					<swisstopo:routepoint_id>1933771345</swisstopo:routepoint_id>
				</extensions>
			</trkpt>
			<trkpt lat="46.2567538275" lon="8.6039218671">
				<ele>1974.7</ele>
				<time>1970-01-01T01:00:00+01:00</time>
				<extensions>
					<swisstopo:routepoint_id>1529586901</swisstopo:routepoint_id>
				</extensions>
			</trkpt>
			<trkpt lat="46.2566327554" lon="8.6039888837">
				<ele>1972.5</ele>
				<time>1970-01-01T01:00:00+01:00</time>
				<extensions>
					<swisstopo:routepoint_id>1942697936</swisstopo:routepoint_id>
				</extensions>
			</trkpt>
			<trkpt lat="46.2566005362" lon="8.6040317217">
				<ele>1972.4</ele>
				<time>1970-01-01T01:00:00+01:00</time>
				<extensions>
					<swisstopo:routepoint_id>1170463572</swisstopo:routepoint_id>
				</extensions>
			</trkpt>
			<trkpt lat="46.2565783537" lon="8.6040580161">
				<ele>1972.2</ele>
				<time>1970-01-01T01:00:00+01:00</time>
				<extensions>
					<swisstopo:routepoint_id>1105392779</swisstopo:routepoint_id>
				</extensions>
			</trkpt>
			<trkpt lat="46.2565031133" lon="8.6041398525">
				<ele>1970.9</ele>
				<time>1970-01-01T01:00:00+01:00</time>
				<extensions>
					<swisstopo:routepoint_id>707991795</swisstopo:routepoint_id>
				</extensions>
			</trkpt>
			<trkpt lat="46.2564480436" lon="8.6041851316">
				<ele>1970.1</ele>
				<time>1970-01-01T01:00:00+01:00</time>
				<extensions>
					<swisstopo:routepoint_id>1237833713</swisstopo:routepoint_id>
				</extensions>
			</trkpt>
			<trkpt lat="46.2562974638" lon="8.6042799199">
				<ele>1967.9</ele>
				<time>1970-01-01T01:00:00+01:00</time>
				<extensions>
					<swisstopo:routepoint_id>1406788888</swisstopo:routepoint_id>
				</extensions>
			</trkpt>
			<trkpt lat="46.2562356549" lon="8.6043440150">
				<ele>1966.9</ele>
				<time>1970-01-01T01:00:00+01:00</time>
				<extensions>
					<swisstopo:routepoint_id>976190016</swisstopo:routepoint_id>
				</extensions>
			</trkpt>
			<trkpt lat="46.2562110542" lon="8.6044020595">
				<ele>1966.5</ele>
				<time>1970-01-01T01:00:00+01:00</time>
				<extensions>
					<swisstopo:routepoint_id>2033959193</swisstopo:routepoint_id>
				</extensions>
			</trkpt>
			<trkpt lat="46.2561066712" lon="8.6044634408">
				<ele>1964.9</ele>
				<time>1970-01-01T01:00:00+01:00</time>
				<extensions>
					<swisstopo:routepoint_id>775840500</swisstopo:routepoint_id>
				</extensions>
			</trkpt>
			<trkpt lat="46.2559001681" lon="8.6046914083">
				<ele>1960.3</ele>
				<time>1970-01-01T01:00:00+01:00</time>
				<extensions>
					<swisstopo:routepoint_id>434913950</swisstopo:routepoint_id>
				</extensions>
			</trkpt>
			<trkpt lat="46.2558392970" lon="8.6047710349">
				<ele>1958.3</ele>
				<time>1970-01-01T01:00:00+01:00</time>
				<extensions>
					<swisstopo:routepoint_id>1604098239</swisstopo:routepoint_id>
				</extensions>
			</trkpt>
			<trkpt lat="46.2556615197" lon="8.6049651951">
				<ele>1952.9</ele>
				<time>1970-01-01T01:00:00+01:00</time>
				<extensions>
					<swisstopo:routepoint_id>1899062485</swisstopo:routepoint_id>
				</extensions>
			</trkpt>
			<trkpt lat="46.2554745846" lon="8.6052005174">
				<ele>1946.3</ele>
				<time>1970-01-01T01:00:00+01:00</time>
				<extensions>
					<swisstopo:routepoint_id>475279166</swisstopo:routepoint_id>
				</extensions>
			</trkpt>
			<trkpt lat="46.2553913881" lon="8.6053296110">
				<ele>1942.5</ele>
				<time>1970-01-01T01:00:00+01:00</time>
				<extensions>
					<swisstopo:routepoint_id>332269720</swisstopo:routepoint_id>
				</extensions>
			</trkpt>
			<trkpt lat="46.2553068620" lon="8.6054828243">
				<ele>1938.4</ele>
				<time>1970-01-01T01:00:00+01:00</time>
				<extensions>
					<swisstopo:routepoint_id>407079864</swisstopo:routepoint_id>
				</extensions>
			</trkpt>
			<trkpt lat="46.2552202958" lon="8.6055944646">
				<ele>1936.6</ele>
				<time>1970-01-01T01:00:00+01:00</time>
				<extensions>
					<swisstopo:routepoint_id>1885094564</swisstopo:routepoint_id>
				</extensions>
			</trkpt>
			<trkpt lat="46.2551414807" lon="8.6056615899">
				<ele>1935.2</ele>
				<time>1970-01-01T01:00:00+01:00</time>
				<extensions>
					<swisstopo:routepoint_id>1636515715</swisstopo:routepoint_id>
				</extensions>
			</trkpt>
			<trkpt lat="46.2550816251" lon="8.6056946634">
				<ele>1934.3</ele>
				<time>1970-01-01T01:00:00+01:00</time>
				<extensions>
					<swisstopo:routepoint_id>1126913383</swisstopo:routepoint_id>
				</extensions>
			</trkpt>
			<trkpt lat="46.2550439224" lon="8.6057418162">
				<ele>1933.9</ele>
				<time>1970-01-01T01:00:00+01:00</time>
				<extensions>
					<swisstopo:routepoint_id>1293553152</swisstopo:routepoint_id>
				</extensions>
			</trkpt>
			<trkpt lat="46.2549539737" lon="8.6058074453">
				<ele>1931.7</ele>
				<time>1970-01-01T01:00:00+01:00</time>
				<extensions>
					<swisstopo:routepoint_id>854633938</swisstopo:routepoint_id>
				</extensions>
			</trkpt>
			<trkpt lat="46.2548746965" lon="8.6058486750">
				<ele>1929.5</ele>
				<time>1970-01-01T01:00:00+01:00</time>
				<extensions>
					<swisstopo:routepoint_id>880564439</swisstopo:routepoint_id>
				</extensions>
			</trkpt>
			<trkpt lat="46.2547935294" lon="8.6058610455">
				<ele>1926.9</ele>
				<time>1970-01-01T01:00:00+01:00</time>
				<extensions>
					<swisstopo:routepoint_id>454926991</swisstopo:routepoint_id>
				</extensions>
			</trkpt>
			<trkpt lat="46.2547238939" lon="8.6058899905">
				<ele>1925.8</ele>
				<time>1970-01-01T01:00:00+01:00</time>
				<extensions>
					<swisstopo:routepoint_id>1149308773</swisstopo:routepoint_id>
				</extensions>
			</trkpt>
			<trkpt lat="46.2545306854" lon="8.6059872291">
				<ele>1921.0</ele>
				<time>1970-01-01T01:00:00+01:00</time>
				<extensions>
					<swisstopo:routepoint_id>1788104036</swisstopo:routepoint_id>
				</extensions>
			</trkpt>
			<trkpt lat="46.2544172948" lon="8.6060759848">
				<ele>1917.7</ele>
				<time>1970-01-01T01:00:00+01:00</time>
				<extensions>
					<swisstopo:routepoint_id>1543827167</swisstopo:routepoint_id>
				</extensions>
			</trkpt>
			<trkpt lat="46.2543750091" lon="8.6061543076">
				<ele>1915.7</ele>
				<time>1970-01-01T01:00:00+01:00</time>
				<extensions>
					<swisstopo:routepoint_id>2079976939</swisstopo:routepoint_id>
				</extensions>
			</trkpt>
			<trkpt lat="46.2542159494" lon="8.6063333732">
				<ele>1908.7</ele>
				<time>1970-01-01T01:00:00+01:00</time>
				<extensions>
					<swisstopo:routepoint_id>1131995766</swisstopo:routepoint_id>
				</extensions>
			</trkpt>
			<trkpt lat="46.2540565215" lon="8.6064382857">
				<ele>1902.8</ele>
				<time>1970-01-01T01:00:00+01:00</time>
				<extensions>
					<swisstopo:routepoint_id>1649709943</swisstopo:routepoint_id>
				</extensions>
			</trkpt>
			<trkpt lat="46.2539279094" lon="8.6065197884">
				<ele>1898.7</ele>
				<time>1970-01-01T01:00:00+01:00</time>
				<extensions>
					<swisstopo:routepoint_id>759922216</swisstopo:routepoint_id>
				</extensions>
			</trkpt>
			<trkpt lat="46.2538492517" lon="8.6065843859">
				<ele>1896.0</ele>
				<time>1970-01-01T01:00:00+01:00</time>
				<extensions>
					<swisstopo:routepoint_id>763307773</swisstopo:routepoint_id>
				</extensions>
			</trkpt>
			<trkpt lat="46.2538288427" lon="8.6066422318">
				<ele>1894.5</ele>
				<time>1970-01-01T01:00:00+01:00</time>
				<extensions>
					<swisstopo:routepoint_id>424194122</swisstopo:routepoint_id>
				</extensions>
			</trkpt>
			<trkpt lat="46.2538084934" lon="8.6066900401">
				<ele>1893.0</ele>
				<time>1970-01-01T01:00:00+01:00</time>
				<extensions>
					<swisstopo:routepoint_id>1234706141</swisstopo:routepoint_id>
				</extensions>
			</trkpt>
			<trkpt lat="46.2537873526" lon="8.6067004802">
				<ele>1892.4</ele>
				<time>1970-01-01T01:00:00+01:00</time>
				<extensions>
					<swisstopo:routepoint_id>2080113507</swisstopo:routepoint_id>
				</extensions>
			</trkpt>
			<trkpt lat="46.2537967381" lon="8.6067496025">
				<ele>1890.5</ele>
				<time>1970-01-01T01:00:00+01:00</time>
				<extensions>
					<swisstopo:routepoint_id>1846087539</swisstopo:routepoint_id>
				</extensions>
			</trkpt>
			<trkpt lat="46.2537980334" lon="8.6067900799">
				<ele>1889.3</ele>
				<time>1970-01-01T01:00:00+01:00</time>
				<extensions>
					<swisstopo:routepoint_id>1879285427</swisstopo:routepoint_id>
				</extensions>
			</trkpt>
			<trkpt lat="46.2538007117" lon="8.6068208363">
				<ele>1888.6</ele>
				<time>1970-01-01T01:00:00+01:00</time>
				<extensions>
					<swisstopo:routepoint_id>1351358167</swisstopo:routepoint_id>
				</extensions>
			</trkpt>
			<trkpt lat="46.2538029276" lon="8.6068955215">
				<ele>1886.7</ele>
				<time>1970-01-01T01:00:00+01:00</time>
				<extensions>
					<swisstopo:routepoint_id>630948388</swisstopo:routepoint_id>
				</extensions>
			</trkpt>
			<trkpt lat="46.2538180100" lon="8.6069697959">
				<ele>1885.4</ele>
				<time>1970-01-01T01:00:00+01:00</time>
				<extensions>
					<swisstopo:routepoint_id>541276065</swisstopo:routepoint_id>
				</extensions>
			</trkpt>
			<trkpt lat="46.2538284708" lon="8.6070355914">
				<ele>1884.3</ele>
				<time>1970-01-01T01:00:00+01:00</time>
				<extensions>
					<swisstopo:routepoint_id>429860954</swisstopo:routepoint_id>
				</extensions>
			</trkpt>
			<trkpt lat="46.2538416547" lon="8.6070861173">
				<ele>1884.0</ele>
				<time>1970-01-01T01:00:00+01:00</time>
				<extensions>
					<swisstopo:routepoint_id>1024261663</swisstopo:routepoint_id>
				</extensions>
			</trkpt>
			<trkpt lat="46.2538688596" lon="8.6071494987">
				<ele>1883.6</ele>
				<time>1970-01-01T01:00:00+01:00</time>
				<extensions>
					<swisstopo:routepoint_id>2107118432</swisstopo:routepoint_id>
				</extensions>
			</trkpt>
			<trkpt lat="46.2538979756" lon="8.6072345407">
				<ele>1883.6</ele>
				<time>1970-01-01T01:00:00+01:00</time>
				<extensions>
					<swisstopo:routepoint_id>1271828519</swisstopo:routepoint_id>
				</extensions>
			</trkpt>
			<trkpt lat="46.2539186520" lon="8.6073473095">
				<ele>1883.6</ele>
				<time>1970-01-01T01:00:00+01:00</time>
				<extensions>
					<swisstopo:routepoint_id>1491982621</swisstopo:routepoint_id>
				</extensions>
			</trkpt>
			<trkpt lat="46.2539383319" lon="8.6073923865">
				<ele>1884.5</ele>
				<time>1970-01-01T01:00:00+01:00</time>
				<extensions>
					<swisstopo:routepoint_id>737668249</swisstopo:routepoint_id>
				</extensions>
			</trkpt>
			<trkpt lat="46.2539743602" lon="8.6074308487">
				<ele>1884.7</ele>
				<time>1970-01-01T01:00:00+01:00</time>
				<extensions>
					<swisstopo:routepoint_id>843237652</swisstopo:routepoint_id>
				</extensions>
			</trkpt>
			<trkpt lat="46.2540024403" lon="8.6074503086">
				<ele>1885.5</ele>
				<time>1970-01-01T01:00:00+01:00</time>
				<extensions>
					<swisstopo:routepoint_id>1427650129</swisstopo:routepoint_id>
				</extensions>
			</trkpt>
			<trkpt lat="46.2540417695" lon="8.6074609449">
				<ele>1885.9</ele>
				<time>1970-01-01T01:00:00+01:00</time>
				<extensions>
					<swisstopo:routepoint_id>591541412</swisstopo:routepoint_id>
				</extensions>
			</trkpt>
			<trkpt lat="46.2540918495" lon="8.6075492508">
				<ele>1887.2</ele>
				<time>1970-01-01T01:00:00+01:00</time>
				<extensions>
					<swisstopo:routepoint_id>781881777</swisstopo:routepoint_id>
				</extensions>
			</trkpt>
			<trkpt lat="46.2541481986" lon="8.6076948864">
				<ele>1889.6</ele>
				<time>1970-01-01T01:00:00+01:00</time>
				<extensions>
					<swisstopo:routepoint_id>246348943</swisstopo:routepoint_id>
				</extensions>
			</trkpt>
			<trkpt lat="46.2541546536" lon="8.6078150034">
				<ele>1890.7</ele>
				<time>1970-01-01T01:00:00+01:00</time>
				<extensions>
					<swisstopo:routepoint_id>838626161</swisstopo:routepoint_id>
				</extensions>
			</trkpt>
			<trkpt lat="46.2541346798" lon="8.6078808345">
				<ele>1891.7</ele>
				<time>1970-01-01T01:00:00+01:00</time>
				<extensions>
					<swisstopo:routepoint_id>1852808813</swisstopo:routepoint_id>
				</extensions>
			</trkpt>
			<trkpt lat="46.2541312681" lon="8.6079474108">
				<ele>1893.0</ele>
				<time>1970-01-01T01:00:00+01:00</time>
				<extensions>
					<swisstopo:routepoint_id>1239944051</swisstopo:routepoint_id>
				</extensions>
			</trkpt>
			<trkpt lat="46.2541247319" lon="8.6079575672">
				<ele>1893.0</ele>
				<time>1970-01-01T01:00:00+01:00</time>
				<extensions>
					<swisstopo:routepoint_id>1058583472</swisstopo:routepoint_id>
				</extensions>
			</trkpt>
			<trkpt lat="46.2541271292" lon="8.6080018839">
				<ele>1893.6</ele>
				<time>1970-01-01T01:00:00+01:00</time>
				<extensions>
					<swisstopo:routepoint_id>1216815482</swisstopo:routepoint_id>
				</extensions>
			</trkpt>
			<trkpt lat="46.2541190500" lon="8.6080933248">
				<ele>1895.1</ele>
				<time>1970-01-01T01:00:00+01:00</time>
				<extensions>
					<swisstopo:routepoint_id>656108270</swisstopo:routepoint_id>
				</extensions>
			</trkpt>
			<trkpt lat="46.2541112704" lon="8.6081549294">
				<ele>1896.2</ele>
				<time>1970-01-01T01:00:00+01:00</time>
				<extensions>
					<swisstopo:routepoint_id>2041600872</swisstopo:routepoint_id>
				</extensions>
			</trkpt>
			<trkpt lat="46.2541084356" lon="8.6082217777">
				<ele>1897.5</ele>
				<time>1970-01-01T01:00:00+01:00</time>
				<extensions>
					<swisstopo:routepoint_id>1320054723</swisstopo:routepoint_id>
				</extensions>
			</trkpt>
			<trkpt lat="46.2540976185" lon="8.6083018385">
				<ele>1898.4</ele>
				<time>1970-01-01T01:00:00+01:00</time>
				<extensions>
					<swisstopo:routepoint_id>368687993</swisstopo:routepoint_id>
				</extensions>
			</trkpt>
			<trkpt lat="46.2540844702" lon="8.6083983314">
				<ele>1899.6</ele>
				<time>1970-01-01T01:00:00+01:00</time>
				<extensions>
					<swisstopo:routepoint_id>1225515821</swisstopo:routepoint_id>
				</extensions>
			</trkpt>
			<trkpt lat="46.2540841688" lon="8.6084971506">
				<ele>1901.1</ele>
				<time>1970-01-01T01:00:00+01:00</time>
				<extensions>
					<swisstopo:routepoint_id>1672699723</swisstopo:routepoint_id>
				</extensions>
			</trkpt>
			<trkpt lat="46.2540811228" lon="8.6085835510">
				<ele>1902.0</ele>
				<time>1970-01-01T01:00:00+01:00</time>
				<extensions>
					<swisstopo:routepoint_id>830677914</swisstopo:routepoint_id>
				</extensions>
			</trkpt>
			<trkpt lat="46.2540717903" lon="8.6086585078">
				<ele>1902.6</ele>
				<time>1970-01-01T01:00:00+01:00</time>
				<extensions>
					<swisstopo:routepoint_id>725590231</swisstopo:routepoint_id>
				</extensions>
			</trkpt>
			<trkpt lat="46.2540700500" lon="8.6086883130">
				<ele>1902.9</ele>
				<time>1970-01-01T01:00:00+01:00</time>
				<extensions>
					<swisstopo:routepoint_id>1502904362</swisstopo:routepoint_id>
				</extensions>
			</trkpt>
			<trkpt lat="46.2540759367" lon="8.6087409514">
				<ele>1904.0</ele>
				<time>1970-01-01T01:00:00+01:00</time>
				<extensions>
					<swisstopo:routepoint_id>728755339</swisstopo:routepoint_id>
				</extensions>
			</trkpt>
			<trkpt lat="46.2540806635" lon="8.6087808695">
				<ele>1903.8</ele>
				<time>1970-01-01T01:00:00+01:00</time>
				<extensions>
					<swisstopo:routepoint_id>1215139151</swisstopo:routepoint_id>
				</extensions>
			</trkpt>
			<trkpt lat="46.2540622561" lon="8.6088599880">
				<ele>1903.9</ele>
				<time>1970-01-01T01:00:00+01:00</time>
				<extensions>
					<swisstopo:routepoint_id>1338009361</swisstopo:routepoint_id>
				</extensions>
			</trkpt>
			<trkpt lat="46.2540248819" lon="8.6089491396">
				<ele>1903.8</ele>
				<time>1970-01-01T01:00:00+01:00</time>
				<extensions>
					<swisstopo:routepoint_id>921497213</swisstopo:routepoint_id>
				</extensions>
			</trkpt>
			<trkpt lat="46.2540058028" lon="8.6090108004">
				<ele>1903.8</ele>
				<time>1970-01-01T01:00:00+01:00</time>
				<extensions>
					<swisstopo:routepoint_id>1754170372</swisstopo:routepoint_id>
				</extensions>
			</trkpt>
			<trkpt lat="46.2539896035" lon="8.6090836763">
				<ele>1904.7</ele>
				<time>1970-01-01T01:00:00+01:00</time>
				<extensions>
					<swisstopo:routepoint_id>581641281</swisstopo:routepoint_id>
				</extensions>
			</trkpt>
			<trkpt lat="46.2539767664" lon="8.6091636141">
				<ele>1905.6</ele>
				<time>1970-01-01T01:00:00+01:00</time>
				<extensions>
					<swisstopo:routepoint_id>1305516083</swisstopo:routepoint_id>
				</extensions>
			</trkpt>
			<trkpt lat="46.2539631478" lon="8.6092358584">
				<ele>1906.1</ele>
				<time>1970-01-01T01:00:00+01:00</time>
				<extensions>
					<swisstopo:routepoint_id>1679762690</swisstopo:routepoint_id>
				</extensions>
			</trkpt>
			<trkpt lat="46.2539501977" lon="8.6092850963">
				<ele>1906.6</ele>
				<time>1970-01-01T01:00:00+01:00</time>
				<extensions>
					<swisstopo:routepoint_id>1369450183</swisstopo:routepoint_id>
				</extensions>
			</trkpt>
			<trkpt lat="46.2539506646" lon="8.6093639333">
				<ele>1908.0</ele>
				<time>1970-01-01T01:00:00+01:00</time>
				<extensions>
					<swisstopo:routepoint_id>428590866</swisstopo:routepoint_id>
				</extensions>
			</trkpt>
			<trkpt lat="46.2539498994" lon="8.6094769179">
				<ele>1910.2</ele>
				<time>1970-01-01T01:00:00+01:00</time>
				<extensions>
					<swisstopo:routepoint_id>64332492</swisstopo:routepoint_id>
				</extensions>
			</trkpt>
			<trkpt lat="46.2539377264" lon="8.6095750018">
				<ele>1911.1</ele>
				<time>1970-01-01T01:00:00+01:00</time>
				<extensions>
					<swisstopo:routepoint_id>146126837</swisstopo:routepoint_id>
				</extensions>
			</trkpt>
			<trkpt lat="46.2539316579" lon="8.6096222994">
				<ele>1910.8</ele>
				<time>1970-01-01T01:00:00+01:00</time>
				<extensions>
					<swisstopo:routepoint_id>61355875</swisstopo:routepoint_id>
				</extensions>
			</trkpt>
			<trkpt lat="46.2539197995" lon="8.6096492414">
				<ele>1910.4</ele>
				<time>1970-01-01T01:00:00+01:00</time>
				<extensions>
					<swisstopo:routepoint_id>1181301185</swisstopo:routepoint_id>
				</extensions>
			</trkpt>
			<trkpt lat="46.2539107935" lon="8.6096908857">
				<ele>1910.5</ele>
				<time>1970-01-01T01:00:00+01:00</time>
				<extensions>
					<swisstopo:routepoint_id>1900398898</swisstopo:routepoint_id>
				</extensions>
			</trkpt>
			<trkpt lat="46.2539087427" lon="8.6097633913">
				<ele>1911.5</ele>
				<time>1970-01-01T01:00:00+01:00</time>
				<extensions>
					<swisstopo:routepoint_id>1076556612</swisstopo:routepoint_id>
				</extensions>
			</trkpt>
			<trkpt lat="46.2539031218" lon="8.6098497614">
				<ele>1912.0</ele>
				<time>1970-01-01T01:00:00+01:00</time>
				<extensions>
					<swisstopo:routepoint_id>1153888540</swisstopo:routepoint_id>
				</extensions>
			</trkpt>
			<trkpt lat="46.2539123490" lon="8.6099106565">
				<ele>1913.2</ele>
				<time>1970-01-01T01:00:00+01:00</time>
				<extensions>
					<swisstopo:routepoint_id>1927526337</swisstopo:routepoint_id>
				</extensions>
			</trkpt>
			<trkpt lat="46.2539086791" lon="8.6099740494">
				<ele>1913.9</ele>
				<time>1970-01-01T01:00:00+01:00</time>
				<extensions>
					<swisstopo:routepoint_id>635993331</swisstopo:routepoint_id>
				</extensions>
			</trkpt>
			<trkpt lat="46.2538967411" lon="8.6100086663">
				<ele>1914.3</ele>
				<time>1970-01-01T01:00:00+01:00</time>
				<extensions>
					<swisstopo:routepoint_id>583835780</swisstopo:routepoint_id>
				</extensions>
			</trkpt>
			<trkpt lat="46.2538956593" lon="8.6100707138">
				<ele>1915.6</ele>
				<time>1970-01-01T01:00:00+01:00</time>
				<extensions>
					<swisstopo:routepoint_id>1164466248</swisstopo:routepoint_id>
				</extensions>
			</trkpt>
			<trkpt lat="46.2539066958" lon="8.6101630451">
				<ele>1917.2</ele>
				<time>1970-01-01T01:00:00+01:00</time>
				<extensions>
					<swisstopo:routepoint_id>2044244406</swisstopo:routepoint_id>
				</extensions>
			</trkpt>
			<trkpt lat="46.2538980101" lon="8.6102144627">
				<ele>1918.0</ele>
				<time>1970-01-01T01:00:00+01:00</time>
				<extensions>
					<swisstopo:routepoint_id>287420277</swisstopo:routepoint_id>
				</extensions>
			</trkpt>
			<trkpt lat="46.2538559974" lon="8.6102958477">
				<ele>1918.4</ele>
				<time>1970-01-01T01:00:00+01:00</time>
				<extensions>
					<swisstopo:routepoint_id>816085051</swisstopo:routepoint_id>
				</extensions>
			</trkpt>
			<trkpt lat="46.2538389064" lon="8.6103317420">
				<ele>1917.8</ele>
				<time>1970-01-01T01:00:00+01:00</time>
				<extensions>
					<swisstopo:routepoint_id>1794838648</swisstopo:routepoint_id>
				</extensions>
			</trkpt>
			<trkpt lat="46.2537929582" lon="8.6104206951">
				<ele>1919.4</ele>
				<time>1970-01-01T01:00:00+01:00</time>
				<extensions>
					<swisstopo:routepoint_id>1685493727</swisstopo:routepoint_id>
				</extensions>
			</trkpt>
			<trkpt lat="46.2537775971" lon="8.6104956892">
				<ele>1921.0</ele>
				<time>1970-01-01T01:00:00+01:00</time>
				<extensions>
					<swisstopo:routepoint_id>499925590</swisstopo:routepoint_id>
				</extensions>
			</trkpt>
			<trkpt lat="46.2537562454" lon="8.6105705543">
				<ele>1922.2</ele>
				<time>1970-01-01T01:00:00+01:00</time>
				<extensions>
					<swisstopo:routepoint_id>169795361</swisstopo:routepoint_id>
				</extensions>
			</trkpt>
			<trkpt lat="46.2537231780" lon="8.6106577089">
				<ele>1923.5</ele>
				<time>1970-01-01T01:00:00+01:00</time>
				<extensions>
					<swisstopo:routepoint_id>101922574</swisstopo:routepoint_id>
				</extensions>
			</trkpt>
			<trkpt lat="46.2536792194" lon="8.6107606709">
				<ele>1925.1</ele>
				<time>1970-01-01T01:00:00+01:00</time>
				<extensions>
					<swisstopo:routepoint_id>1657934728</swisstopo:routepoint_id>
				</extensions>
			</trkpt>
			<trkpt lat="46.2536464006" lon="8.6108255113">
				<ele>1925.7</ele>
				<time>1970-01-01T01:00:00+01:00</time>
				<extensions>
					<swisstopo:routepoint_id>164895000</swisstopo:routepoint_id>
				</extensions>
			</trkpt>
			<trkpt lat="46.2536212304" lon="8.6108542528">
				<ele>1926.4</ele>
				<time>1970-01-01T01:00:00+01:00</time>
				<extensions>
					<swisstopo:routepoint_id>1954741774</swisstopo:routepoint_id>
				</extensions>
			</trkpt>
			<trkpt lat="46.2535866306" lon="8.6109239308">
				<ele>1927.6</ele>
				<time>1970-01-01T01:00:00+01:00</time>
				<extensions>
					<swisstopo:routepoint_id>1608452426</swisstopo:routepoint_id>
				</extensions>
			</trkpt>
			<trkpt lat="46.2535547200" lon="8.6109825119">
				<ele>1928.1</ele>
				<time>1970-01-01T01:00:00+01:00</time>
				<extensions>
					<swisstopo:routepoint_id>756368080</swisstopo:routepoint_id>
				</extensions>
			</trkpt>
			<trkpt lat="46.2535330435" lon="8.6110064524">
				<ele>1928.4</ele>
				<time>1970-01-01T01:00:00+01:00</time>
				<extensions>
					<swisstopo:routepoint_id>1763464777</swisstopo:routepoint_id>
				</extensions>
			</trkpt>
			<trkpt lat="46.2535005106" lon="8.6110420010">
				<ele>1929.9</ele>
				<time>1970-01-01T01:00:00+01:00</time>
				<extensions>
					<swisstopo:routepoint_id>74407682</swisstopo:routepoint_id>
				</extensions>
			</trkpt>
			<trkpt lat="46.2534829472" lon="8.6110827607">
				<ele>1931.2</ele>
				<time>1970-01-01T01:00:00+01:00</time>
				<extensions>
					<swisstopo:routepoint_id>1359674746</swisstopo:routepoint_id>
				</extensions>
			</trkpt>
			<trkpt lat="46.2534567090" lon="8.6111721625">
				<ele>1933.2</ele>
				<time>1970-01-01T01:00:00+01:00</time>
				<extensions>
					<swisstopo:routepoint_id>876925217</swisstopo:routepoint_id>
				</extensions>
			</trkpt>
			<trkpt lat="46.2534380831" lon="8.6112721943">
				<ele>1935.0</ele>
				<time>1970-01-01T01:00:00+01:00</time>
				<extensions>
					<swisstopo:routepoint_id>1615430198</swisstopo:routepoint_id>
				</extensions>
			</trkpt>
			<trkpt lat="46.2534302601" lon="8.6113640934">
				<ele>1936.9</ele>
				<time>1970-01-01T01:00:00+01:00</time>
				<extensions>
					<swisstopo:routepoint_id>1223323345</swisstopo:routepoint_id>
				</extensions>
			</trkpt>
			<trkpt lat="46.2534299876" lon="8.6114310592">
				<ele>1938.3</ele>
				<time>1970-01-01T01:00:00+01:00</time>
				<extensions>
					<swisstopo:routepoint_id>367234991</swisstopo:routepoint_id>
				</extensions>
			</trkpt>
			<trkpt lat="46.2534408168" lon="8.6115017408">
				<ele>1940.1</ele>
				<time>1970-01-01T01:00:00+01:00</time>
				<extensions>
					<swisstopo:routepoint_id>1030514954</swisstopo:routepoint_id>
				</extensions>
			</trkpt>
			<trkpt lat="46.2534517486" lon="8.6115633722">
				<ele>1941.6</ele>
				<time>1970-01-01T01:00:00+01:00</time>
				<extensions>
					<swisstopo:routepoint_id>393211587</swisstopo:routepoint_id>
				</extensions>
			</trkpt>
			<trkpt lat="46.2534688589" lon="8.6116070066">
				<ele>1942.8</ele>
				<time>1970-01-01T01:00:00+01:00</time>
				<extensions>
					<swisstopo:routepoint_id>1132282911</swisstopo:routepoint_id>
				</extensions>
			</trkpt>
			<trkpt lat="46.2534793516" lon="8.6116686144">
				<ele>1944.2</ele>
				<time>1970-01-01T01:00:00+01:00</time>
				<extensions>
					<swisstopo:routepoint_id>27412645</swisstopo:routepoint_id>
				</extensions>
			</trkpt>
			<trkpt lat="46.2534876402" lon="8.6116555516">
				<ele>1944.4</ele>
				<time>1970-01-01T01:00:00+01:00</time>
				<extensions>
					<swisstopo:routepoint_id>2120356209</swisstopo:routepoint_id>
				</extensions>
			</trkpt>
			<trkpt lat="46.2535303814" lon="8.6115853514">
				<ele>1946.0</ele>
				<time>1970-01-01T01:00:00+01:00</time>
				<extensions>
					<swisstopo:routepoint_id>440563281</swisstopo:routepoint_id>
				</extensions>
			</trkpt>
			<trkpt lat="46.2535773239" lon="8.6115243051">
				<ele>1947.1</ele>
				<time>1970-01-01T01:00:00+01:00</time>
				<extensions>
					<swisstopo:routepoint_id>570052760</swisstopo:routepoint_id>
				</extensions>
			</trkpt>
			<trkpt lat="46.2535874649" lon="8.6115384917">
				<ele>1947.3</ele>
				<time>1970-01-01T01:00:00+01:00</time>
				<extensions>
					<swisstopo:routepoint_id>763060089</swisstopo:routepoint_id>
				</extensions>
			</trkpt>
			<trkpt lat="46.2535738304" lon="8.6116121214">
				<ele>1948.3</ele>
				<time>1970-01-01T01:00:00+01:00</time>
				<extensions>
					<swisstopo:routepoint_id>739232572</swisstopo:routepoint_id>
				</extensions>
			</trkpt>
			<trkpt lat="46.2535686080" lon="8.6117006017">
				<ele>1949.0</ele>
				<time>1970-01-01T01:00:00+01:00</time>
				<extensions>
					<swisstopo:routepoint_id>296415503</swisstopo:routepoint_id>
				</extensions>
			</trkpt>
			<trkpt lat="46.2535812599" lon="8.6117615564">
				<ele>1949.1</ele>
				<time>1970-01-01T01:00:00+01:00</time>
				<extensions>
					<swisstopo:routepoint_id>348381197</swisstopo:routepoint_id>
				</extensions>
			</trkpt>
			<trkpt lat="46.2535734110" lon="8.6118144053">
				<ele>1949.2</ele>
				<time>1970-01-01T01:00:00+01:00</time>
				<extensions>
					<swisstopo:routepoint_id>249405758</swisstopo:routepoint_id>
				</extensions>
			</trkpt>
			<trkpt lat="46.2535473901" lon="8.6118438166">
				<ele>1949.1</ele>
				<time>1970-01-01T01:00:00+01:00</time>
				<extensions>
					<swisstopo:routepoint_id>749410198</swisstopo:routepoint_id>
				</extensions>
			</trkpt>
			<trkpt lat="46.2535450449" lon="8.6119030596">
				<ele>1948.9</ele>
				<time>1970-01-01T01:00:00+01:00</time>
				<extensions>
					<swisstopo:routepoint_id>316159461</swisstopo:routepoint_id>
				</extensions>
			</trkpt>
			<trkpt lat="46.2535604315" lon="8.6119891962">
				<ele>1947.9</ele>
				<time>1970-01-01T01:00:00+01:00</time>
				<extensions>
					<swisstopo:routepoint_id>1625043287</swisstopo:routepoint_id>
				</extensions>
			</trkpt>
			<trkpt lat="46.2535233746" lon="8.6120483654">
				<ele>1948.1</ele>
				<time>1970-01-01T01:00:00+01:00</time>
				<extensions>
					<swisstopo:routepoint_id>1583571152</swisstopo:routepoint_id>
				</extensions>
			</trkpt>
			<trkpt lat="46.2535093983" lon="8.6121540747">
				<ele>1948.1</ele>
				<time>1970-01-01T01:00:00+01:00</time>
				<extensions>
					<swisstopo:routepoint_id>989474510</swisstopo:routepoint_id>
				</extensions>
			</trkpt>
			<trkpt lat="46.2534905222" lon="8.6123594354">
				<ele>1948.0</ele>
				<time>1970-01-01T01:00:00+01:00</time>
				<extensions>
					<swisstopo:routepoint_id>4900360</swisstopo:routepoint_id>
				</extensions>
			</trkpt>
			<trkpt lat="46.2534672418" lon="8.6125353907">
				<ele>1948.0</ele>
				<time>1970-01-01T01:00:00+01:00</time>
				<extensions>
					<swisstopo:routepoint_id>294664448</swisstopo:routepoint_id>
				</extensions>
			</trkpt>
			<trkpt lat="46.2534612988" lon="8.6126517518">
				<ele>1947.8</ele>
				<time>1970-01-01T01:00:00+01:00</time>
				<extensions>
					<swisstopo:routepoint_id>49482301</swisstopo:routepoint_id>
				</extensions>
			</trkpt>
			<trkpt lat="46.2534499458" lon="8.6127128775">
				<ele>1947.4</ele>
				<time>1970-01-01T01:00:00+01:00</time>
				<extensions>
					<swisstopo:routepoint_id>1556010568</swisstopo:routepoint_id>
				</extensions>
			</trkpt>
			<trkpt lat="46.2534361425" lon="8.6128018580">
				<ele>1946.2</ele>
				<time>1970-01-01T01:00:00+01:00</time>
				<extensions>
					<swisstopo:routepoint_id>191276997</swisstopo:routepoint_id>
				</extensions>
			</trkpt>
			<trkpt lat="46.2534166816" lon="8.6128586198">
				<ele>1945.7</ele>
				<time>1970-01-01T01:00:00+01:00</time>
				<extensions>
					<swisstopo:routepoint_id>1534044744</swisstopo:routepoint_id>
				</extensions>
			</trkpt>
			<trkpt lat="46.2534096528" lon="8.6129568256">
				<ele>1945.5</ele>
				<time>1970-01-01T01:00:00+01:00</time>
				<extensions>
					<swisstopo:routepoint_id>1544176982</swisstopo:routepoint_id>
				</extensions>
			</trkpt>
			<trkpt lat="46.2533987954" lon="8.6130514470">
				<ele>1945.5</ele>
				<time>1970-01-01T01:00:00+01:00</time>
				<extensions>
					<swisstopo:routepoint_id>886539560</swisstopo:routepoint_id>
				</extensions>
			</trkpt>
			<trkpt lat="46.2533941921" lon="8.6131622594">
				<ele>1944.9</ele>
				<time>1970-01-01T01:00:00+01:00</time>
				<extensions>
					<swisstopo:routepoint_id>606461131</swisstopo:routepoint_id>
				</extensions>
			</trkpt>
			<trkpt lat="46.2533897731" lon="8.6132570196">
				<ele>1944.4</ele>
				<time>1970-01-01T01:00:00+01:00</time>
				<extensions>
					<swisstopo:routepoint_id>136351400</swisstopo:routepoint_id>
				</extensions>
			</trkpt>
			<trkpt lat="46.2533792009" lon="8.6133656024">
				<ele>1944.1</ele>
				<time>1970-01-01T01:00:00+01:00</time>
				<extensions>
					<swisstopo:routepoint_id>509690226</swisstopo:routepoint_id>
				</extensions>
			</trkpt>
			<trkpt lat="46.2533721903" lon="8.6134205571">
				<ele>1943.8</ele>
				<time>1970-01-01T01:00:00+01:00</time>
				<extensions>
					<swisstopo:routepoint_id>584915244</swisstopo:routepoint_id>
				</extensions>
			</trkpt>
			<trkpt lat="46.2533601024" lon="8.6135507265">
				<ele>1943.7</ele>
				<time>1970-01-01T01:00:00+01:00</time>
				<extensions>
					<swisstopo:routepoint_id>830111758</swisstopo:routepoint_id>
				</extensions>
			</trkpt>
			<trkpt lat="46.2533444986" lon="8.6136480346">
				<ele>1944.2</ele>
				<time>1970-01-01T01:00:00+01:00</time>
				<extensions>
					<swisstopo:routepoint_id>1382435727</swisstopo:routepoint_id>
				</extensions>
			</trkpt>
			<trkpt lat="46.2533382691" lon="8.6137106701">
				<ele>1944.7</ele>
				<time>1970-01-01T01:00:00+01:00</time>
				<extensions>
					<swisstopo:routepoint_id>1003102309</swisstopo:routepoint_id>
				</extensions>
			</trkpt>
			<trkpt lat="46.2533153096" lon="8.6137743328">
				<ele>1945.5</ele>
				<time>1970-01-01T01:00:00+01:00</time>
				<extensions>
					<swisstopo:routepoint_id>420339026</swisstopo:routepoint_id>
				</extensions>
			</trkpt>
			<trkpt lat="46.2533020228" lon="8.6138151965">
				<ele>1945.8</ele>
				<time>1970-01-01T01:00:00+01:00</time>
				<extensions>
					<swisstopo:routepoint_id>691719630</swisstopo:routepoint_id>
				</extensions>
			</trkpt>
			<trkpt lat="46.2533016519" lon="8.6138500619">
				<ele>1945.9</ele>
				<time>1970-01-01T01:00:00+01:00</time>
				<extensions>
					<swisstopo:routepoint_id>1604843533</swisstopo:routepoint_id>
				</extensions>
			</trkpt>
			<trkpt lat="46.2533124968" lon="8.6139605206">
				<ele>1946.3</ele>
				<time>1970-01-01T01:00:00+01:00</time>
				<extensions>
					<swisstopo:routepoint_id>1357296119</swisstopo:routepoint_id>
				</extensions>
			</trkpt>
			<trkpt lat="46.2533043542" lon="8.6140000958">
				<ele>1946.0</ele>
				<time>1970-01-01T01:00:00+01:00</time>
				<extensions>
					<swisstopo:routepoint_id>1848814356</swisstopo:routepoint_id>
				</extensions>
			</trkpt>
			<trkpt lat="46.2532665804" lon="8.6140452942">
				<ele>1945.8</ele>
				<time>1970-01-01T01:00:00+01:00</time>
				<extensions>
					<swisstopo:routepoint_id>273637257</swisstopo:routepoint_id>
				</extensions>
			</trkpt>
			<trkpt lat="46.2532449265" lon="8.6141075838">
				<ele>1946.0</ele>
				<time>1970-01-01T01:00:00+01:00</time>
				<extensions>
					<swisstopo:routepoint_id>414678892</swisstopo:routepoint_id>
				</extensions>
			</trkpt>
			<trkpt lat="46.2532472029" lon="8.6141759928">
				<ele>1946.6</ele>
				<time>1970-01-01T01:00:00+01:00</time>
				<extensions>
					<swisstopo:routepoint_id>489826814</swisstopo:routepoint_id>
				</extensions>
			</trkpt>
			<trkpt lat="46.2532863382" lon="8.6142863880">
				<ele>1947.0</ele>
				<time>1970-01-01T01:00:00+01:00</time>
				<extensions>
					<swisstopo:routepoint_id>1694488952</swisstopo:routepoint_id>
				</extensions>
			</trkpt>
			<trkpt lat="46.2533004088" lon="8.6143341323">
				<ele>1947.2</ele>
				<time>1970-01-01T01:00:00+01:00</time>
				<extensions>
					<swisstopo:routepoint_id>32221736</swisstopo:routepoint_id>
				</extensions>
			</trkpt>
			<trkpt lat="46.2532767999" lon="8.6143782495">
				<ele>1947.2</ele>
				<time>1970-01-01T01:00:00+01:00</time>
				<extensions>
					<swisstopo:routepoint_id>771846118</swisstopo:routepoint_id>
				</extensions>
			</trkpt>
			<trkpt lat="46.2532410895" lon="8.6144311560">
				<ele>1948.8</ele>
				<time>1970-01-01T01:00:00+01:00</time>
				<extensions>
					<swisstopo:routepoint_id>1313322694</swisstopo:routepoint_id>
				</extensions>
			</trkpt>
			<trkpt lat="46.2532300629" lon="8.6145013659">
				<ele>1950.5</ele>
				<time>1970-01-01T01:00:00+01:00</time>
				<extensions>
					<swisstopo:routepoint_id>1474168599</swisstopo:routepoint_id>
				</extensions>
			</trkpt>
			<trkpt lat="46.2532141237" lon="8.6145903011">
				<ele>1951.5</ele>
				<time>1970-01-01T01:00:00+01:00</time>
				<extensions>
					<swisstopo:routepoint_id>1620142927</swisstopo:routepoint_id>
				</extensions>
			</trkpt>
			<trkpt lat="46.2532131637" lon="8.6146809608">
				<ele>1953.0</ele>
				<time>1970-01-01T01:00:00+01:00</time>
				<extensions>
					<swisstopo:routepoint_id>1288906704</swisstopo:routepoint_id>
				</extensions>
			</trkpt>
			<trkpt lat="46.2532165497" lon="8.6147668242">
				<ele>1954.9</ele>
				<time>1970-01-01T01:00:00+01:00</time>
				<extensions>
					<swisstopo:routepoint_id>939992208</swisstopo:routepoint_id>
				</extensions>
			</trkpt>
			<trkpt lat="46.2532122798" lon="8.6148462577">
				<ele>1954.8</ele>
				<time>1970-01-01T01:00:00+01:00</time>
				<extensions>
					<swisstopo:routepoint_id>596373440</swisstopo:routepoint_id>
				</extensions>
			</trkpt>
			<trkpt lat="46.2531909819" lon="8.6149148317">
				<ele>1953.3</ele>
				<time>1970-01-01T01:00:00+01:00</time>
				<extensions>
					<swisstopo:routepoint_id>103387451</swisstopo:routepoint_id>
				</extensions>
			</trkpt>
			<trkpt lat="46.2531822369" lon="8.6150123001">
				<ele>1953.3</ele>
				<time>1970-01-01T01:00:00+01:00</time>
				<extensions>
					<swisstopo:routepoint_id>662921205</swisstopo:routepoint_id>
				</extensions>
			</trkpt>
			<trkpt lat="46.2531776770" lon="8.6151196111">
				<ele>1952.7</ele>
				<time>1970-01-01T01:00:00+01:00</time>
				<extensions>
					<swisstopo:routepoint_id>11833585</swisstopo:routepoint_id>
				</extensions>
			</trkpt>
			<trkpt lat="46.2531787727" lon="8.6152186916">
				<ele>1953.2</ele>
				<time>1970-01-01T01:00:00+01:00</time>
				<extensions>
					<swisstopo:routepoint_id>1452221084</swisstopo:routepoint_id>
				</extensions>
			</trkpt>
			<trkpt lat="46.2531906942" lon="8.6153480050">
				<ele>1953.8</ele>
				<time>1970-01-01T01:00:00+01:00</time>
				<extensions>
					<swisstopo:routepoint_id>927583613</swisstopo:routepoint_id>
				</extensions>
			</trkpt>
			<trkpt lat="46.2531876064" lon="8.6154379174">
				<ele>1953.0</ele>
				<time>1970-01-01T01:00:00+01:00</time>
				<extensions>
					<swisstopo:routepoint_id>1407825582</swisstopo:routepoint_id>
				</extensions>
			</trkpt>
			<trkpt lat="46.2532068318" lon="8.6155255370">
				<ele>1952.8</ele>
				<time>1970-01-01T01:00:00+01:00</time>
				<extensions>
					<swisstopo:routepoint_id>376849334</swisstopo:routepoint_id>
				</extensions>
			</trkpt>
			<trkpt lat="46.2532204207" lon="8.6155781487">
				<ele>1953.0</ele>
				<time>1970-01-01T01:00:00+01:00</time>
				<extensions>
					<swisstopo:routepoint_id>21545887</swisstopo:routepoint_id>
				</extensions>
			</trkpt>
			<trkpt lat="46.2532430418" lon="8.6156281789">
				<ele>1953.9</ele>
				<time>1970-01-01T01:00:00+01:00</time>
				<extensions>
					<swisstopo:routepoint_id>1453723290</swisstopo:routepoint_id>
				</extensions>
			</trkpt>
			<trkpt lat="46.2532427814" lon="8.6156937453">
				<ele>1953.7</ele>
				<time>1970-01-01T01:00:00+01:00</time>
				<extensions>
					<swisstopo:routepoint_id>1274738146</swisstopo:routepoint_id>
				</extensions>
			</trkpt>
			<trkpt lat="46.2532577259" lon="8.6157798714">
				<ele>1954.4</ele>
				<time>1970-01-01T01:00:00+01:00</time>
				<extensions>
					<swisstopo:routepoint_id>1729296582</swisstopo:routepoint_id>
				</extensions>
			</trkpt>
			<trkpt lat="46.2532710984" lon="8.6158541106">
				<ele>1956.4</ele>
				<time>1970-01-01T01:00:00+01:00</time>
				<extensions>
					<swisstopo:routepoint_id>409772732</swisstopo:routepoint_id>
				</extensions>
			</trkpt>
			<trkpt lat="46.2532799564" lon="8.6159484832">
				<ele>1957.5</ele>
				<time>1970-01-01T01:00:00+01:00</time>
				<extensions>
					<swisstopo:routepoint_id>690716097</swisstopo:routepoint_id>
				</extensions>
			</trkpt>
			<trkpt lat="46.2532990777" lon="8.6160047024">
				<ele>1959.1</ele>
				<time>1970-01-01T01:00:00+01:00</time>
				<extensions>
					<swisstopo:routepoint_id>1545742424</swisstopo:routepoint_id>
				</extensions>
			</trkpt>
			<trkpt lat="46.2533170776" lon="8.6160462692">
				<ele>1959.8</ele>
				<time>1970-01-01T01:00:00+01:00</time>
				<extensions>
					<swisstopo:routepoint_id>1210526554</swisstopo:routepoint_id>
				</extensions>
			</trkpt>
			<trkpt lat="46.2533237191" lon="8.6161070946">
				<ele>1960.1</ele>
				<time>1970-01-01T01:00:00+01:00</time>
				<extensions>
					<swisstopo:routepoint_id>990388922</swisstopo:routepoint_id>
				</extensions>
			</trkpt>
			<trkpt lat="46.2533383643" lon="8.6161409107">
				<ele>1961.3</ele>
				<time>1970-01-01T01:00:00+01:00</time>
				<extensions>
					<swisstopo:routepoint_id>1331206276</swisstopo:routepoint_id>
				</extensions>
			</trkpt>
			<trkpt lat="46.2533512186" lon="8.6161830407">
				<ele>1962.5</ele>
				<time>1970-01-01T01:00:00+01:00</time>
				<extensions>
					<swisstopo:routepoint_id>942617227</swisstopo:routepoint_id>
				</extensions>
			</trkpt>
			<trkpt lat="46.2533469319" lon="8.6162631610">
				<ele>1962.2</ele>
				<time>1970-01-01T01:00:00+01:00</time>
				<extensions>
					<swisstopo:routepoint_id>1358987542</swisstopo:routepoint_id>
				</extensions>
			</trkpt>
			<trkpt lat="46.2533588240" lon="8.6163555128">
				<ele>1962.9</ele>
				<time>1970-01-01T01:00:00+01:00</time>
				<extensions>
					<swisstopo:routepoint_id>726631952</swisstopo:routepoint_id>
				</extensions>
			</trkpt>
			<trkpt lat="46.2533675001" lon="8.6164673120">
				<ele>1964.0</ele>
				<time>1970-01-01T01:00:00+01:00</time>
				<extensions>
					<swisstopo:routepoint_id>382457156</swisstopo:routepoint_id>
				</extensions>
			</trkpt>
			<trkpt lat="46.2533789526" lon="8.6165191766">
				<ele>1965.2</ele>
				<time>1970-01-01T01:00:00+01:00</time>
				<extensions>
					<swisstopo:routepoint_id>1865464344</swisstopo:routepoint_id>
				</extensions>
			</trkpt>
			<trkpt lat="46.2533615899" lon="8.6166206349">
				<ele>1966.0</ele>
				<time>1970-01-01T01:00:00+01:00</time>
				<extensions>
					<swisstopo:routepoint_id>381166258</swisstopo:routepoint_id>
				</extensions>
			</trkpt>
			<trkpt lat="46.2533238322" lon="8.6167865099">
				<ele>1966.6</ele>
				<time>1970-01-01T01:00:00+01:00</time>
				<extensions>
					<swisstopo:routepoint_id>705536785</swisstopo:routepoint_id>
				</extensions>
			</trkpt>
			<trkpt lat="46.2533257660" lon="8.6169281479">
				<ele>1969.4</ele>
				<time>1970-01-01T01:00:00+01:00</time>
				<extensions>
					<swisstopo:routepoint_id>1299186839</swisstopo:routepoint_id>
				</extensions>
			</trkpt>
			<trkpt lat="46.2533306433" lon="8.6169938241">
				<ele>1971.7</ele>
				<time>1970-01-01T01:00:00+01:00</time>
				<extensions>
					<swisstopo:routepoint_id>24415989</swisstopo:routepoint_id>
				</extensions>
			</trkpt>
			<trkpt lat="46.2533043813" lon="8.6170462496">
				<ele>1971.9</ele>
				<time>1970-01-01T01:00:00+01:00</time>
				<extensions>
					<swisstopo:routepoint_id>534176390</swisstopo:routepoint_id>
				</extensions>
			</trkpt>
			<trkpt lat="46.2532757684" lon="8.6171565260">
				<ele>1973.2</ele>
				<time>1970-01-01T01:00:00+01:00</time>
				<extensions>
					<swisstopo:routepoint_id>1023769486</swisstopo:routepoint_id>
				</extensions>
			</trkpt>
			<trkpt lat="46.2532431568" lon="8.6172415976">
				<ele>1974.2</ele>
				<time>1970-01-01T01:00:00+01:00</time>
				<extensions>
					<swisstopo:routepoint_id>1185519253</swisstopo:routepoint_id>
				</extensions>
			</trkpt>
			<trkpt lat="46.2532175132" lon="8.6173965698">
				<ele>1975.6</ele>
				<time>1970-01-01T01:00:00+01:00</time>
				<extensions>
					<swisstopo:routepoint_id>277071003</swisstopo:routepoint_id>
				</extensions>
			</trkpt>
			<trkpt lat="46.2532068409" lon="8.6174730639">
				<ele>1977.0</ele>
				<time>1970-01-01T01:00:00+01:00</time>
				<extensions>
					<swisstopo:routepoint_id>584539855</swisstopo:routepoint_id>
				</extensions>
			</trkpt>
			<trkpt lat="46.2532175284" lon="8.6176379228">
				<ele>1979.3</ele>
				<time>1970-01-01T01:00:00+01:00</time>
				<extensions>
					<swisstopo:routepoint_id>798650014</swisstopo:routepoint_id>
				</extensions>
			</trkpt>
			<trkpt lat="46.2532160280" lon="8.6176992749">
				<ele>1980.3</ele>
				<time>1970-01-01T01:00:00+01:00</time>
				<extensions>
					<swisstopo:routepoint_id>1882821240</swisstopo:routepoint_id>
				</extensions>
			</trkpt>
			<trkpt lat="46.2532079146" lon="8.6177367588">
				<ele>1980.7</ele>
				<time>1970-01-01T01:00:00+01:00</time>
				<extensions>
					<swisstopo:routepoint_id>751491651</swisstopo:routepoint_id>
				</extensions>
			</trkpt>
			<trkpt lat="46.2532214515" lon="8.6177942603">
				<ele>1981.6</ele>
				<time>1970-01-01T01:00:00+01:00</time>
				<extensions>
					<swisstopo:routepoint_id>1075371750</swisstopo:routepoint_id>
				</extensions>
			</trkpt>
			<trkpt lat="46.2532222542" lon="8.6178403185">
				<ele>1981.6</ele>
				<time>1970-01-01T01:00:00+01:00</time>
				<extensions>
					<swisstopo:routepoint_id>906037725</swisstopo:routepoint_id>
				</extensions>
			</trkpt>
			<trkpt lat="46.2532098632" lon="8.6178776971">
				<ele>1981.5</ele>
				<time>1970-01-01T01:00:00+01:00</time>
				<extensions>
					<swisstopo:routepoint_id>2101585940</swisstopo:routepoint_id>
				</extensions>
			</trkpt>
			<trkpt lat="46.2531718245" lon="8.6179473100">
				<ele>1980.3</ele>
				<time>1970-01-01T01:00:00+01:00</time>
				<extensions>
					<swisstopo:routepoint_id>1249594836</swisstopo:routepoint_id>
				</extensions>
			</trkpt>
			<trkpt lat="46.2531222558" lon="8.6180138550">
				<ele>1978.8</ele>
				<time>1970-01-01T01:00:00+01:00</time>
				<extensions>
					<swisstopo:routepoint_id>439732953</swisstopo:routepoint_id>
				</extensions>
			</trkpt>
			<trkpt lat="46.2530950582" lon="8.6181129970">
				<ele>1979.0</ele>
				<time>1970-01-01T01:00:00+01:00</time>
				<extensions>
					<swisstopo:routepoint_id>1043950557</swisstopo:routepoint_id>
				</extensions>
			</trkpt>
			<trkpt lat="46.2530894456" lon="8.6181575166">
				<ele>1978.3</ele>
				<time>1970-01-01T01:00:00+01:00</time>
				<extensions>
					<swisstopo:routepoint_id>584022049</swisstopo:routepoint_id>
				</extensions>
			</trkpt>
			<trkpt lat="46.2530954809" lon="8.6182350848">
				<ele>1978.1</ele>
				<time>1970-01-01T01:00:00+01:00</time>
				<extensions>
					<swisstopo:routepoint_id>183554158</swisstopo:routepoint_id>
				</extensions>
			</trkpt>
			<trkpt lat="46.2530833296" lon="8.6182899146">
				<ele>1977.9</ele>
				<time>1970-01-01T01:00:00+01:00</time>
				<extensions>
					<swisstopo:routepoint_id>1346729826</swisstopo:routepoint_id>
				</extensions>
			</trkpt>
			<trkpt lat="46.2530715213" lon="8.6183531297">
				<ele>1978.2</ele>
				<time>1970-01-01T01:00:00+01:00</time>
				<extensions>
					<swisstopo:routepoint_id>1847810823</swisstopo:routepoint_id>
				</extensions>
			</trkpt>
			<trkpt lat="46.2530411017" lon="8.6183922071">
				<ele>1977.6</ele>
				<time>1970-01-01T01:00:00+01:00</time>
				<extensions>
					<swisstopo:routepoint_id>214536148</swisstopo:routepoint_id>
				</extensions>
			</trkpt>
			<trkpt lat="46.2529977119" lon="8.6184812203">
				<ele>1978.7</ele>
				<time>1970-01-01T01:00:00+01:00</time>
				<extensions>
					<swisstopo:routepoint_id>267909327</swisstopo:routepoint_id>
				</extensions>
			</trkpt>
			<trkpt lat="46.2529605426" lon="8.6185508355">
				<ele>1979.8</ele>
				<time>1970-01-01T01:00:00+01:00</time>
				<extensions>
					<swisstopo:routepoint_id>1778885028</swisstopo:routepoint_id>
				</extensions>
			</trkpt>
			<trkpt lat="46.2529611850" lon="8.6186122306">
				<ele>1980.0</ele>
				<time>1970-01-01T01:00:00+01:00</time>
				<extensions>
					<swisstopo:routepoint_id>604574323</swisstopo:routepoint_id>
				</extensions>
			</trkpt>
			<trkpt lat="46.2529378432" lon="8.6186710065">
				<ele>1980.3</ele>
				<time>1970-01-01T01:00:00+01:00</time>
				<extensions>
					<swisstopo:routepoint_id>560160070</swisstopo:routepoint_id>
				</extensions>
			</trkpt>
			<trkpt lat="46.2528768586" lon="8.6187226497">
				<ele>1979.5</ele>
				<time>1970-01-01T01:00:00+01:00</time>
				<extensions>
					<swisstopo:routepoint_id>1641006846</swisstopo:routepoint_id>
				</extensions>
			</trkpt>
			<trkpt lat="46.2528564106" lon="8.6187507914">
				<ele>1979.3</ele>
				<time>1970-01-01T01:00:00+01:00</time>
				<extensions>
					<swisstopo:routepoint_id>345465694</swisstopo:routepoint_id>
				</extensions>
			</trkpt>
			<trkpt lat="46.2528362022" lon="8.6187963811">
				<ele>1980.0</ele>
				<time>1970-01-01T01:00:00+01:00</time>
				<extensions>
					<swisstopo:routepoint_id>1824404019</swisstopo:routepoint_id>
				</extensions>
			</trkpt>
			<trkpt lat="46.2528025762" lon="8.6188556178">
				<ele>1980.8</ele>
				<time>1970-01-01T01:00:00+01:00</time>
				<extensions>
					<swisstopo:routepoint_id>566277504</swisstopo:routepoint_id>
				</extensions>
			</trkpt>
			<trkpt lat="46.2527801024" lon="8.6189137125">
				<ele>1980.6</ele>
				<time>1970-01-01T01:00:00+01:00</time>
				<extensions>
					<swisstopo:routepoint_id>356750269</swisstopo:routepoint_id>
				</extensions>
			</trkpt>
			<trkpt lat="46.2527461895" lon="8.6189987541">
				<ele>1980.5</ele>
				<time>1970-01-01T01:00:00+01:00</time>
				<extensions>
					<swisstopo:routepoint_id>171360394</swisstopo:routepoint_id>
				</extensions>
			</trkpt>
			<trkpt lat="46.2527325434" lon="8.6190326188">
				<ele>1980.9</ele>
				<time>1970-01-01T01:00:00+01:00</time>
				<extensions>
					<swisstopo:routepoint_id>275417353</swisstopo:routepoint_id>
				</extensions>
			</trkpt>
			<trkpt lat="46.2527084061" lon="8.6190850984">
				<ele>1980.7</ele>
				<time>1970-01-01T01:00:00+01:00</time>
				<extensions>
					<swisstopo:routepoint_id>986380384</swisstopo:routepoint_id>
				</extensions>
			</trkpt>
			<trkpt lat="46.2526769231" lon="8.6191443844">
				<ele>1981.4</ele>
				<time>1970-01-01T01:00:00+01:00</time>
				<extensions>
					<swisstopo:routepoint_id>257105387</swisstopo:routepoint_id>
				</extensions>
			</trkpt>
			<trkpt lat="46.2526590705" lon="8.6191704797">
				<ele>1982.1</ele>
				<time>1970-01-01T01:00:00+01:00</time>
				<extensions>
					<swisstopo:routepoint_id>439229631</swisstopo:routepoint_id>
				</extensions>
			</trkpt>
			<trkpt lat="46.2525944188" lon="8.6192039126">
				<ele>1981.7</ele>
				<time>1970-01-01T01:00:00+01:00</time>
				<extensions>
					<swisstopo:routepoint_id>386869239</swisstopo:routepoint_id>
				</extensions>
			</trkpt>
			<trkpt lat="46.2525710991" lon="8.6192201373">
				<ele>1981.6</ele>
				<time>1970-01-01T01:00:00+01:00</time>
				<extensions>
					<swisstopo:routepoint_id>541733411</swisstopo:routepoint_id>
				</extensions>
			</trkpt>
			<trkpt lat="46.2525504980" lon="8.6192629287">
				<ele>1982.3</ele>
				<time>1970-01-01T01:00:00+01:00</time>
				<extensions>
					<swisstopo:routepoint_id>1980531851</swisstopo:routepoint_id>
				</extensions>
			</trkpt>
			<trkpt lat="46.2525240283" lon="8.6193334746">
				<ele>1983.4</ele>
				<time>1970-01-01T01:00:00+01:00</time>
				<extensions>
					<swisstopo:routepoint_id>1870761912</swisstopo:routepoint_id>
				</extensions>
			</trkpt>
			<trkpt lat="46.2524868730" lon="8.6194017022">
				<ele>1984.6</ele>
				<time>1970-01-01T01:00:00+01:00</time>
				<extensions>
					<swisstopo:routepoint_id>976783514</swisstopo:routepoint_id>
				</extensions>
			</trkpt>
			<trkpt lat="46.2524612639" lon="8.6194722824">
				<ele>1986.4</ele>
				<time>1970-01-01T01:00:00+01:00</time>
				<extensions>
					<swisstopo:routepoint_id>797389359</swisstopo:routepoint_id>
				</extensions>
			</trkpt>
			<trkpt lat="46.2524325941" lon="8.6195490591">
				<ele>1987.5</ele>
				<time>1970-01-01T01:00:00+01:00</time>
				<extensions>
					<swisstopo:routepoint_id>1973260562</swisstopo:routepoint_id>
				</extensions>
			</trkpt>
			<trkpt lat="46.2524199883" lon="8.6196052775">
				<ele>1989.0</ele>
				<time>1970-01-01T01:00:00+01:00</time>
				<extensions>
					<swisstopo:routepoint_id>466304772</swisstopo:routepoint_id>
				</extensions>
			</trkpt>
			<trkpt lat="46.2523926896" lon="8.6196744183">
				<ele>1989.8</ele>
				<time>1970-01-01T01:00:00+01:00</time>
				<extensions>
					<swisstopo:routepoint_id>1057635382</swisstopo:routepoint_id>
				</extensions>
			</trkpt>
			<trkpt lat="46.2523721014" lon="8.6197151231">
				<ele>1990.5</ele>
				<time>1970-01-01T01:00:00+01:00</time>
				<extensions>
					<swisstopo:routepoint_id>665572786</swisstopo:routepoint_id>
				</extensions>
			</trkpt>
			<trkpt lat="46.2523547585" lon="8.6197740154">
				<ele>1991.6</ele>
				<time>1970-01-01T01:00:00+01:00</time>
				<extensions>
					<swisstopo:routepoint_id>256178795</swisstopo:routepoint_id>
				</extensions>
			</trkpt>
			<trkpt lat="46.2523345091" lon="8.6198251792">
				<ele>1992.9</ele>
				<time>1970-01-01T01:00:00+01:00</time>
				<extensions>
					<swisstopo:routepoint_id>1844704379</swisstopo:routepoint_id>
				</extensions>
			</trkpt>
			<trkpt lat="46.2523062817" lon="8.6198587240">
				<ele>1992.8</ele>
				<time>1970-01-01T01:00:00+01:00</time>
				<extensions>
					<swisstopo:routepoint_id>883694874</swisstopo:routepoint_id>
				</extensions>
			</trkpt>
			<trkpt lat="46.2522405868" lon="8.6199095759">
				<ele>1992.5</ele>
				<time>1970-01-01T01:00:00+01:00</time>
				<extensions>
					<swisstopo:routepoint_id>2116501657</swisstopo:routepoint_id>
				</extensions>
			</trkpt>
			<trkpt lat="46.2521801267" lon="8.6199521635">
				<ele>1992.8</ele>
				<time>1970-01-01T01:00:00+01:00</time>
				<extensions>
					<swisstopo:routepoint_id>1078820498</swisstopo:routepoint_id>
				</extensions>
			</trkpt>
			<trkpt lat="46.2521568709" lon="8.6199614140">
				<ele>1992.9</ele>
				<time>1970-01-01T01:00:00+01:00</time>
				<extensions>
					<swisstopo:routepoint_id>68925795</swisstopo:routepoint_id>
				</extensions>
			</trkpt>
			<trkpt lat="46.2521400989" lon="8.6199673128">
				<ele>1992.9</ele>
				<time>1970-01-01T01:00:00+01:00</time>
				<extensions>
					<swisstopo:routepoint_id>1757445473</swisstopo:routepoint_id>
				</extensions>
			</trkpt>
			<trkpt lat="46.2521028565" lon="8.6200034511">
				<ele>1992.8</ele>
				<time>1970-01-01T01:00:00+01:00</time>
				<extensions>
					<swisstopo:routepoint_id>1855232905</swisstopo:routepoint_id>
				</extensions>
			</trkpt>
			<trkpt lat="46.2520600205" lon="8.6200401582">
				<ele>1993.6</ele>
				<time>1970-01-01T01:00:00+01:00</time>
				<extensions>
					<swisstopo:routepoint_id>137878182</swisstopo:routepoint_id>
				</extensions>
			</trkpt>
			<trkpt lat="46.2519924817" lon="8.6201035237">
				<ele>1995.2</ele>
				<time>1970-01-01T01:00:00+01:00</time>
				<extensions>
					<swisstopo:routepoint_id>259108629</swisstopo:routepoint_id>
				</extensions>
			</trkpt>
			<trkpt lat="46.2519348598" lon="8.6201603603">
				<ele>1996.7</ele>
				<time>1970-01-01T01:00:00+01:00</time>
				<extensions>
					<swisstopo:routepoint_id>883239699</swisstopo:routepoint_id>
				</extensions>
			</trkpt>
			<trkpt lat="46.2519205896" lon="8.6201992672">
				<ele>1997.6</ele>
				<time>1970-01-01T01:00:00+01:00</time>
				<extensions>
					<swisstopo:routepoint_id>1074729341</swisstopo:routepoint_id>
				</extensions>
			</trkpt>
			<trkpt lat="46.2519146640" lon="8.6202383425">
				<ele>1997.7</ele>
				<time>1970-01-01T01:00:00+01:00</time>
				<extensions>
					<swisstopo:routepoint_id>2136199073</swisstopo:routepoint_id>
				</extensions>
			</trkpt>
			<trkpt lat="46.2518981493" lon="8.6202734296">
				<ele>1997.7</ele>
				<time>1970-01-01T01:00:00+01:00</time>
				<extensions>
					<swisstopo:routepoint_id>1653043625</swisstopo:routepoint_id>
				</extensions>
			</trkpt>
			<trkpt lat="46.2518754949" lon="8.6202780861">
				<ele>1997.8</ele>
				<time>1970-01-01T01:00:00+01:00</time>
				<extensions>
					<swisstopo:routepoint_id>290860151</swisstopo:routepoint_id>
				</extensions>
			</trkpt>
			<trkpt lat="46.2518445407" lon="8.6202791271">
				<ele>1997.7</ele>
				<time>1970-01-01T01:00:00+01:00</time>
				<extensions>
					<swisstopo:routepoint_id>1517853533</swisstopo:routepoint_id>
				</extensions>
			</trkpt>
			<trkpt lat="46.2517988652" lon="8.6203210344">
				<ele>1998.2</ele>
				<time>1970-01-01T01:00:00+01:00</time>
				<extensions>
					<swisstopo:routepoint_id>2061738655</swisstopo:routepoint_id>
				</extensions>
			</trkpt>
			<trkpt lat="46.2517321899" lon="8.6204379647">
				<ele>1996.1</ele>
				<time>1970-01-01T01:00:00+01:00</time>
				<extensions>
					<swisstopo:routepoint_id>1983671369</swisstopo:routepoint_id>
				</extensions>
			</trkpt>
			<trkpt lat="46.2516993242" lon="8.6205075944">
				<ele>1997.4</ele>
				<time>1970-01-01T01:00:00+01:00</time>
				<extensions>
					<swisstopo:routepoint_id>599511145</swisstopo:routepoint_id>
				</extensions>
			</trkpt>
			<trkpt lat="46.2516837932" lon="8.6205141183">
				<ele>1997.3</ele>
				<time>1970-01-01T01:00:00+01:00</time>
				<extensions>
					<swisstopo:routepoint_id>1862855623</swisstopo:routepoint_id>
				</extensions>
			</trkpt>
			<trkpt lat="46.2516517430" lon="8.6205048485">
				<ele>1998.3</ele>
				<time>1970-01-01T01:00:00+01:00</time>
				<extensions>
					<swisstopo:routepoint_id>606181428</swisstopo:routepoint_id>
				</extensions>
			</trkpt>
			<trkpt lat="46.2516029490" lon="8.6205055020">
				<ele>1998.3</ele>
				<time>1970-01-01T01:00:00+01:00</time>
				<extensions>
					<swisstopo:routepoint_id>663590974</swisstopo:routepoint_id>
				</extensions>
			</trkpt>
			<trkpt lat="46.2515421637" lon="8.6205127563">
				<ele>1998.8</ele>
				<time>1970-01-01T01:00:00+01:00</time>
				<extensions>
					<swisstopo:routepoint_id>1712433545</swisstopo:routepoint_id>
				</extensions>
			</trkpt>
			<trkpt lat="46.2514920854" lon="8.6205219655">
				<ele>1999.6</ele>
				<time>1970-01-01T01:00:00+01:00</time>
				<extensions>
					<swisstopo:routepoint_id>1183142492</swisstopo:routepoint_id>
				</extensions>
			</trkpt>
			<trkpt lat="46.2514108199" lon="8.6205545161">
				<ele>1999.1</ele>
				<time>1970-01-01T01:00:00+01:00</time>
				<extensions>
					<swisstopo:routepoint_id>2044984998</swisstopo:routepoint_id>
				</extensions>
			</trkpt>
			<trkpt lat="46.2513523075" lon="8.6205721161">
				<ele>1999.8</ele>
				<time>1970-01-01T01:00:00+01:00</time>
				<extensions>
					<swisstopo:routepoint_id>510478742</swisstopo:routepoint_id>
				</extensions>
			</trkpt>
			<trkpt lat="46.2513030654" lon="8.6206156456">
				<ele>2000.6</ele>
				<time>1970-01-01T01:00:00+01:00</time>
				<extensions>
					<swisstopo:routepoint_id>1887237625</swisstopo:routepoint_id>
				</extensions>
			</trkpt>
			<trkpt lat="46.2512563832" lon="8.6206403729">
				<ele>2000.3</ele>
				<time>1970-01-01T01:00:00+01:00</time>
				<extensions>
					<swisstopo:routepoint_id>1307687775</swisstopo:routepoint_id>
				</extensions>
			</trkpt>
			<trkpt lat="46.2511501279" lon="8.6206723806">
				<ele>2001.5</ele>
				<time>1970-01-01T01:00:00+01:00</time>
				<extensions>
					<swisstopo:routepoint_id>210125977</swisstopo:routepoint_id>
				</extensions>
			</trkpt>
			<trkpt lat="46.2510820934" lon="8.6206914992">
				<ele>2001.9</ele>
				<time>1970-01-01T01:00:00+01:00</time>
				<extensions>
					<swisstopo:routepoint_id>1360414651</swisstopo:routepoint_id>
				</extensions>
			</trkpt>
			<trkpt lat="46.2509868415" lon="8.6206945664">
				<ele>2002.4</ele>
				<time>1970-01-01T01:00:00+01:00</time>
				<extensions>
					<swisstopo:routepoint_id>1929361560</swisstopo:routepoint_id>
				</extensions>
			</trkpt>
			<trkpt lat="46.2509105072" lon="8.6207100662">
				<ele>2003.8</ele>
				<time>1970-01-01T01:00:00+01:00</time>
				<extensions>
					<swisstopo:routepoint_id>287160785</swisstopo:routepoint_id>
				</extensions>
			</trkpt>
			<trkpt lat="46.2508606081" lon="8.6207021216">
				<ele>2004.5</ele>
				<time>1970-01-01T01:00:00+01:00</time>
				<extensions>
					<swisstopo:routepoint_id>765883881</swisstopo:routepoint_id>
				</extensions>
			</trkpt>
			<trkpt lat="46.2507762607" lon="8.6206865554">
				<ele>2004.5</ele>
				<time>1970-01-01T01:00:00+01:00</time>
				<extensions>
					<swisstopo:routepoint_id>814769079</swisstopo:routepoint_id>
				</extensions>
			</trkpt>
			<trkpt lat="46.2506323404" lon="8.6206765694">
				<ele>2006.7</ele>
				<time>1970-01-01T01:00:00+01:00</time>
				<extensions>
					<swisstopo:routepoint_id>359056184</swisstopo:routepoint_id>
				</extensions>
			</trkpt>
			<trkpt lat="46.2505752285" lon="8.6206753293">
				<ele>2006.5</ele>
				<time>1970-01-01T01:00:00+01:00</time>
				<extensions>
					<swisstopo:routepoint_id>1371071241</swisstopo:routepoint_id>
				</extensions>
			</trkpt>
			<trkpt lat="46.2505190243" lon="8.6207015655">
				<ele>2005.8</ele>
				<time>1970-01-01T01:00:00+01:00</time>
				<extensions>
					<swisstopo:routepoint_id>2078531261</swisstopo:routepoint_id>
				</extensions>
			</trkpt>
			<trkpt lat="46.2504434187" lon="8.6207616789">
				<ele>2006.3</ele>
				<time>1970-01-01T01:00:00+01:00</time>
				<extensions>
					<swisstopo:routepoint_id>1498336843</swisstopo:routepoint_id>
				</extensions>
			</trkpt>
			<trkpt lat="46.2503628819" lon="8.6208371420">
				<ele>2005.2</ele>
				<time>1970-01-01T01:00:00+01:00</time>
				<extensions>
					<swisstopo:routepoint_id>971993206</swisstopo:routepoint_id>
				</extensions>
			</trkpt>
			<trkpt lat="46.2502738568" lon="8.6209278554">
				<ele>2001.6</ele>
				<time>1970-01-01T01:00:00+01:00</time>
				<extensions>
					<swisstopo:routepoint_id>1210632488</swisstopo:routepoint_id>
				</extensions>
			</trkpt>
			<trkpt lat="46.2501957717" lon="8.6209982137">
				<ele>2001.3</ele>
				<time>1970-01-01T01:00:00+01:00</time>
				<extensions>
					<swisstopo:routepoint_id>270393204</swisstopo:routepoint_id>
				</extensions>
			</trkpt>
			<trkpt lat="46.2501239025" lon="8.6210412631">
				<ele>2001.0</ele>
				<time>1970-01-01T01:00:00+01:00</time>
				<extensions>
					<swisstopo:routepoint_id>1377679722</swisstopo:routepoint_id>
				</extensions>
			</trkpt>
			<trkpt lat="46.2499987921" lon="8.6210556901">
				<ele>1999.9</ele>
				<time>1970-01-01T01:00:00+01:00</time>
				<extensions>
					<swisstopo:routepoint_id>783869190</swisstopo:routepoint_id>
				</extensions>
			</trkpt>
			<trkpt lat="46.2497983986" lon="8.6210976731">
				<ele>2000.0</ele>
				<time>1970-01-01T01:00:00+01:00</time>
				<extensions>
					<swisstopo:routepoint_id>618345540</swisstopo:routepoint_id>
				</extensions>
			</trkpt>
			<trkpt lat="46.2496554488" lon="8.6211099995">
				<ele>1999.1</ele>
				<time>1970-01-01T01:00:00+01:00</time>
				<extensions>
					<swisstopo:routepoint_id>1738788617</swisstopo:routepoint_id>
				</extensions>
			</trkpt>
			<trkpt lat="46.2495244904" lon="8.6211140158">
				<ele>1998.2</ele>
				<time>1970-01-01T01:00:00+01:00</time>
				<extensions>
					<swisstopo:routepoint_id>454672430</swisstopo:routepoint_id>
				</extensions>
			</trkpt>
			<trkpt lat="46.2494140750" lon="8.6210875998">
				<ele>1997.6</ele>
				<time>1970-01-01T01:00:00+01:00</time>
				<extensions>
					<swisstopo:routepoint_id>918342388</swisstopo:routepoint_id>
				</extensions>
			</trkpt>
			<trkpt lat="46.2493032740" lon="8.6210989148">
				<ele>1996.8</ele>
				<time>1970-01-01T01:00:00+01:00</time>
				<extensions>
					<swisstopo:routepoint_id>198883032</swisstopo:routepoint_id>
				</extensions>
			</trkpt>
			<trkpt lat="46.2492162415" lon="8.6211065669">
				<ele>1996.0</ele>
				<time>1970-01-01T01:00:00+01:00</time>
				<extensions>
					<swisstopo:routepoint_id>1377489941</swisstopo:routepoint_id>
				</extensions>
			</trkpt>
			<trkpt lat="46.2490903529" lon="8.6211105508">
				<ele>1994.8</ele>
				<time>1970-01-01T01:00:00+01:00</time>
				<extensions>
					<swisstopo:routepoint_id>2083403818</swisstopo:routepoint_id>
				</extensions>
			</trkpt>
			<trkpt lat="46.2490251020" lon="8.6211155257">
				<ele>1994.1</ele>
				<time>1970-01-01T01:00:00+01:00</time>
				<extensions>
					<swisstopo:routepoint_id>150422078</swisstopo:routepoint_id>
				</extensions>
			</trkpt>
			<trkpt lat="46.2489639657" lon="8.6211370217">
				<ele>1993.3</ele>
				<time>1970-01-01T01:00:00+01:00</time>
				<extensions>
					<swisstopo:routepoint_id>1570522584</swisstopo:routepoint_id>
				</extensions>
			</trkpt>
			<trkpt lat="46.2488619887" lon="8.6212051842">
				<ele>1993.5</ele>
				<time>1970-01-01T01:00:00+01:00</time>
				<extensions>
					<swisstopo:routepoint_id>766089624</swisstopo:routepoint_id>
				</extensions>
			</trkpt>
			<trkpt lat="46.2487929464" lon="8.6212442222">
				<ele>1992.2</ele>
				<time>1970-01-01T01:00:00+01:00</time>
				<extensions>
					<swisstopo:routepoint_id>1201954803</swisstopo:routepoint_id>
				</extensions>
			</trkpt>
			<trkpt lat="46.2487427561" lon="8.6212851481">
				<ele>1991.8</ele>
				<time>1970-01-01T01:00:00+01:00</time>
				<extensions>
					<swisstopo:routepoint_id>1443388515</swisstopo:routepoint_id>
				</extensions>
			</trkpt>
			<trkpt lat="46.2486914304" lon="8.6213506366">
				<ele>1992.5</ele>
				<time>1970-01-01T01:00:00+01:00</time>
				<extensions>
					<swisstopo:routepoint_id>737297223</swisstopo:routepoint_id>
				</extensions>
			</trkpt>
			<trkpt lat="46.2486492141" lon="8.6213658408">
				<ele>1992.0</ele>
				<time>1970-01-01T01:00:00+01:00</time>
				<extensions>
					<swisstopo:routepoint_id>300352764</swisstopo:routepoint_id>
				</extensions>
			</trkpt>
			<trkpt lat="46.2486357082" lon="8.6213668961">
				<ele>1991.8</ele>
				<time>1970-01-01T01:00:00+01:00</time>
				<extensions>
					<swisstopo:routepoint_id>526822974</swisstopo:routepoint_id>
				</extensions>
			</trkpt>
			<trkpt lat="46.2486216500" lon="8.6213896740">
				<ele>1992.6</ele>
				<time>1970-01-01T01:00:00+01:00</time>
				<extensions>
					<swisstopo:routepoint_id>1525809863</swisstopo:routepoint_id>
				</extensions>
			</trkpt>
			<trkpt lat="46.2485711523" lon="8.6214213451">
				<ele>1993.3</ele>
				<time>1970-01-01T01:00:00+01:00</time>
				<extensions>
					<swisstopo:routepoint_id>2070448840</swisstopo:routepoint_id>
				</extensions>
			</trkpt>
			<trkpt lat="46.2485094090" lon="8.6214765200">
				<ele>1995.0</ele>
				<time>1970-01-01T01:00:00+01:00</time>
				<extensions>
					<swisstopo:routepoint_id>594530770</swisstopo:routepoint_id>
				</extensions>
			</trkpt>
			<trkpt lat="46.2484357449" lon="8.6215483676">
				<ele>1997.6</ele>
				<time>1970-01-01T01:00:00+01:00</time>
				<extensions>
					<swisstopo:routepoint_id>1114592480</swisstopo:routepoint_id>
				</extensions>
			</trkpt>
			<trkpt lat="46.2483969318" lon="8.6215859499">
				<ele>1999.1</ele>
				<time>1970-01-01T01:00:00+01:00</time>
				<extensions>
					<swisstopo:routepoint_id>2075588249</swisstopo:routepoint_id>
				</extensions>
			</trkpt>
			<trkpt lat="46.2484099465" lon="8.6216167466">
				<ele>2000.6</ele>
				<time>1970-01-01T01:00:00+01:00</time>
				<extensions>
					<swisstopo:routepoint_id>1542296287</swisstopo:routepoint_id>
				</extensions>
			</trkpt>
			<trkpt lat="46.2483870872" lon="8.6216275557">
				<ele>2000.9</ele>
				<time>1970-01-01T01:00:00+01:00</time>
				<extensions>
					<swisstopo:routepoint_id>883721466</swisstopo:routepoint_id>
				</extensions>
			</trkpt>
			<trkpt lat="46.2483578557" lon="8.6216495257">
				<ele>2001.8</ele>
				<time>1970-01-01T01:00:00+01:00</time>
				<extensions>
					<swisstopo:routepoint_id>1008202989</swisstopo:routepoint_id>
				</extensions>
			</trkpt>
			<trkpt lat="46.2483248634" lon="8.6216555776">
				<ele>2001.8</ele>
				<time>1970-01-01T01:00:00+01:00</time>
				<extensions>
					<swisstopo:routepoint_id>399078035</swisstopo:routepoint_id>
				</extensions>
			</trkpt>
			<trkpt lat="46.2482699795" lon="8.6216555247">
				<ele>2001.5</ele>
				<time>1970-01-01T01:00:00+01:00</time>
				<extensions>
					<swisstopo:routepoint_id>867898772</swisstopo:routepoint_id>
				</extensions>
			</trkpt>
			<trkpt lat="46.2482292348" lon="8.6216534996">
				<ele>2001.4</ele>
				<time>1970-01-01T01:00:00+01:00</time>
				<extensions>
					<swisstopo:routepoint_id>1227943639</swisstopo:routepoint_id>
				</extensions>
			</trkpt>
			<trkpt lat="46.2481987649" lon="8.6216426715">
				<ele>2001.5</ele>
				<time>1970-01-01T01:00:00+01:00</time>
				<extensions>
					<swisstopo:routepoint_id>1741797132</swisstopo:routepoint_id>
				</extensions>
			</trkpt>
			<trkpt lat="46.2481752596" lon="8.6216421607">
				<ele>2001.8</ele>
				<time>1970-01-01T01:00:00+01:00</time>
				<extensions>
					<swisstopo:routepoint_id>426763298</swisstopo:routepoint_id>
				</extensions>
			</trkpt>
			<trkpt lat="46.2481509668" lon="8.6216405026">
				<ele>2002.1</ele>
				<time>1970-01-01T01:00:00+01:00</time>
				<extensions>
					<swisstopo:routepoint_id>1799531312</swisstopo:routepoint_id>
				</extensions>
			</trkpt>
			<trkpt lat="46.2481352405" lon="8.6216446882">
				<ele>2002.5</ele>
				<time>1970-01-01T01:00:00+01:00</time>
				<extensions>
					<swisstopo:routepoint_id>1786374752</swisstopo:routepoint_id>
				</extensions>
			</trkpt>
			<trkpt lat="46.2481153280" lon="8.6216618647">
				<ele>2002.9</ele>
				<time>1970-01-01T01:00:00+01:00</time>
				<extensions>
					<swisstopo:routepoint_id>329196760</swisstopo:routepoint_id>
				</extensions>
			</trkpt>
			<trkpt lat="46.2481400417" lon="8.6216963664">
				<ele>2003.9</ele>
				<time>1970-01-01T01:00:00+01:00</time>
				<extensions>
					<swisstopo:routepoint_id>1847486800</swisstopo:routepoint_id>
				</extensions>
			</trkpt>
			<trkpt lat="46.2481823679" lon="8.6217412206">
				<ele>2004.8</ele>
				<time>1970-01-01T01:00:00+01:00</time>
				<extensions>
					<swisstopo:routepoint_id>1539905585</swisstopo:routepoint_id>
				</extensions>
			</trkpt>
			<trkpt lat="46.2482380239" lon="8.6217993451">
				<ele>2006.6</ele>
				<time>1970-01-01T01:00:00+01:00</time>
				<extensions>
					<swisstopo:routepoint_id>1224666136</swisstopo:routepoint_id>
				</extensions>
			</trkpt>
			<trkpt lat="46.2482798623" lon="8.6218311956">
				<ele>2007.9</ele>
				<time>1970-01-01T01:00:00+01:00</time>
				<extensions>
					<swisstopo:routepoint_id>982422217</swisstopo:routepoint_id>
				</extensions>
			</trkpt>
			<trkpt lat="46.2483311899" lon="8.6218722280">
				<ele>2009.4</ele>
				<time>1970-01-01T01:00:00+01:00</time>
				<extensions>
					<swisstopo:routepoint_id>48460953</swisstopo:routepoint_id>
				</extensions>
			</trkpt>
			<trkpt lat="46.2483904037" lon="8.6219009800">
				<ele>2010.9</ele>
				<time>1970-01-01T01:00:00+01:00</time>
				<extensions>
					<swisstopo:routepoint_id>1954451005</swisstopo:routepoint_id>
				</extensions>
			</trkpt>
			<trkpt lat="46.2485375584" lon="8.6219419141">
				<ele>2014.5</ele>
				<time>1970-01-01T01:00:00+01:00</time>
				<extensions>
					<swisstopo:routepoint_id>1317314194</swisstopo:routepoint_id>
				</extensions>
			</trkpt>
			<trkpt lat="46.2487690336" lon="8.6220001282">
				<ele>2020.1</ele>
				<time>1970-01-01T01:00:00+01:00</time>
				<extensions>
					<swisstopo:routepoint_id>1095950923</swisstopo:routepoint_id>
				</extensions>
			</trkpt>
			<trkpt lat="46.2490247346" lon="8.6220176952">
				<ele>2028.1</ele>
				<time>1970-01-01T01:00:00+01:00</time>
				<extensions>
					<swisstopo:routepoint_id>127134069</swisstopo:routepoint_id>
				</extensions>
			</trkpt>
			<trkpt lat="46.2492220035" lon="8.6220459883">
				<ele>2034.6</ele>
				<time>1970-01-01T01:00:00+01:00</time>
				<extensions>
					<swisstopo:routepoint_id>28792401</swisstopo:routepoint_id>
				</extensions>
			</trkpt>
			<trkpt lat="46.2494658650" lon="8.6220581629">
				<ele>2042.8</ele>
				<time>1970-01-01T01:00:00+01:00</time>
				<extensions>
					<swisstopo:routepoint_id>901602038</swisstopo:routepoint_id>
				</extensions>
			</trkpt>
			<trkpt lat="46.2496336163" lon="8.6220652321">
				<ele>2048.6</ele>
				<time>1970-01-01T01:00:00+01:00</time>
				<extensions>
					<swisstopo:routepoint_id>916565541</swisstopo:routepoint_id>
				</extensions>
			</trkpt>
			<trkpt lat="46.2497183587" lon="8.6220413436">
				<ele>2051.1</ele>
				<time>1970-01-01T01:00:00+01:00</time>
				<extensions>
					<swisstopo:routepoint_id>1358971007</swisstopo:routepoint_id>
				</extensions>
			</trkpt>
			<trkpt lat="46.2497908578" lon="8.6220515060">
				<ele>2053.9</ele>
				<time>1970-01-01T01:00:00+01:00</time>
				<extensions>
					<swisstopo:routepoint_id>377387572</swisstopo:routepoint_id>
				</extensions>
			</trkpt>
			<trkpt lat="46.2498157759" lon="8.6220588959">
				<ele>2054.8</ele>
				<time>1970-01-01T01:00:00+01:00</time>
				<extensions>
					<swisstopo:routepoint_id>2079775852</swisstopo:routepoint_id>
				</extensions>
			</trkpt>
			<trkpt lat="46.2498584797" lon="8.6220718458">
				<ele>2056.7</ele>
				<time>1970-01-01T01:00:00+01:00</time>
				<extensions>
					<swisstopo:routepoint_id>411217383</swisstopo:routepoint_id>
				</extensions>
			</trkpt>
			<trkpt lat="46.2498964225" lon="8.6220863893">
				<ele>2058.5</ele>
				<time>1970-01-01T01:00:00+01:00</time>
				<extensions>
					<swisstopo:routepoint_id>2142344239</swisstopo:routepoint_id>
				</extensions>
			</trkpt>
			<trkpt lat="46.2499413725" lon="8.6221113844">
				<ele>2060.8</ele>
				<time>1970-01-01T01:00:00+01:00</time>
				<extensions>
					<swisstopo:routepoint_id>1199718130</swisstopo:routepoint_id>
				</extensions>
			</trkpt>
			<trkpt lat="46.2499745545" lon="8.6221258276">
				<ele>2062.4</ele>
				<time>1970-01-01T01:00:00+01:00</time>
				<extensions>
					<swisstopo:routepoint_id>230871014</swisstopo:routepoint_id>
				</extensions>
			</trkpt>
			<trkpt lat="46.2500666723" lon="8.6221947457">
				<ele>2066.7</ele>
				<time>1970-01-01T01:00:00+01:00</time>
				<extensions>
					<swisstopo:routepoint_id>1067385260</swisstopo:routepoint_id>
				</extensions>
			</trkpt>
			<trkpt lat="46.2501911550" lon="8.6222403370">
				<ele>2072.2</ele>
				<time>1970-01-01T01:00:00+01:00</time>
				<extensions>
					<swisstopo:routepoint_id>1143218252</swisstopo:routepoint_id>
				</extensions>
			</trkpt>
			<trkpt lat="46.2503312310" lon="8.6222759745">
				<ele>2077.1</ele>
				<time>1970-01-01T01:00:00+01:00</time>
				<extensions>
					<swisstopo:routepoint_id>15822694</swisstopo:routepoint_id>
				</extensions>
			</trkpt>
			<trkpt lat="46.2504781341" lon="8.6223409364">
				<ele>2082.0</ele>
				<time>1970-01-01T01:00:00+01:00</time>
				<extensions>
					<swisstopo:routepoint_id>1927742998</swisstopo:routepoint_id>
				</extensions>
			</trkpt>
			<trkpt lat="46.2506509078" lon="8.6224356149">
				<ele>2087.9</ele>
				<time>1970-01-01T01:00:00+01:00</time>
				<extensions>
					<swisstopo:routepoint_id>804764551</swisstopo:routepoint_id>
				</extensions>
			</trkpt>
			<trkpt lat="46.2507501579" lon="8.6225046895">
				<ele>2091.2</ele>
				<time>1970-01-01T01:00:00+01:00</time>
				<extensions>
					<swisstopo:routepoint_id>441135474</swisstopo:routepoint_id>
				</extensions>
			</trkpt>
			<trkpt lat="46.2507763625" lon="8.6225318707">
				<ele>2092.2</ele>
				<time>1970-01-01T01:00:00+01:00</time>
				<extensions>
					<swisstopo:routepoint_id>1575895974</swisstopo:routepoint_id>
				</extensions>
			</trkpt>
			<trkpt lat="46.2507574762" lon="8.6225634791">
				<ele>2091.4</ele>
				<time>1970-01-01T01:00:00+01:00</time>
				<extensions>
					<swisstopo:routepoint_id>2102906027</swisstopo:routepoint_id>
				</extensions>
			</trkpt>
			<trkpt lat="46.2507437664" lon="8.6226713140">
				<ele>2088.9</ele>
				<time>1970-01-01T01:00:00+01:00</time>
				<extensions>
					<swisstopo:routepoint_id>97566538</swisstopo:routepoint_id>
				</extensions>
			</trkpt>
			<trkpt lat="46.2507406810" lon="8.6227973636">
				<ele>2087.5</ele>
				<time>1970-01-01T01:00:00+01:00</time>
				<extensions>
					<swisstopo:routepoint_id>2099528160</swisstopo:routepoint_id>
				</extensions>
			</trkpt>
			<trkpt lat="46.2507530477" lon="8.6229957662">
				<ele>2084.6</ele>
				<time>1970-01-01T01:00:00+01:00</time>
				<extensions>
					<swisstopo:routepoint_id>246469167</swisstopo:routepoint_id>
				</extensions>
			</trkpt>
			<trkpt lat="46.2507737851" lon="8.6230802277">
				<ele>2084.1</ele>
				<time>1970-01-01T01:00:00+01:00</time>
				<extensions>
					<swisstopo:routepoint_id>1252014271</swisstopo:routepoint_id>
				</extensions>
			</trkpt>
			<trkpt lat="46.2507614915" lon="8.6232256088">
				<ele>2081.6</ele>
				<time>1970-01-01T01:00:00+01:00</time>
				<extensions>
					<swisstopo:routepoint_id>865064582</swisstopo:routepoint_id>
				</extensions>
			</trkpt>
			<trkpt lat="46.2507526174" lon="8.6233020077">
				<ele>2080.4</ele>
				<time>1970-01-01T01:00:00+01:00</time>
				<extensions>
					<swisstopo:routepoint_id>1491444632</swisstopo:routepoint_id>
				</extensions>
			</trkpt>
			<trkpt lat="46.2507387950" lon="8.6233332733">
				<ele>2078.9</ele>
				<time>1970-01-01T01:00:00+01:00</time>
				<extensions>
					<swisstopo:routepoint_id>1417698779</swisstopo:routepoint_id>
				</extensions>
			</trkpt>
			<trkpt lat="46.2507433048" lon="8.6235074994">
				<ele>2077.2</ele>
				<time>1970-01-01T01:00:00+01:00</time>
				<extensions>
					<swisstopo:routepoint_id>1812591671</swisstopo:routepoint_id>
				</extensions>
			</trkpt>
			<trkpt lat="46.2507492447" lon="8.6236307249">
				<ele>2076.8</ele>
				<time>1970-01-01T01:00:00+01:00</time>
				<extensions>
					<swisstopo:routepoint_id>1099993678</swisstopo:routepoint_id>
				</extensions>
			</trkpt>
			<trkpt lat="46.2507620259" lon="8.6237885976">
				<ele>2076.9</ele>
				<time>1970-01-01T01:00:00+01:00</time>
				<extensions>
					<swisstopo:routepoint_id>1827316936</swisstopo:routepoint_id>
				</extensions>
			</trkpt>
			<trkpt lat="46.2507867498" lon="8.6239226836">
				<ele>2077.7</ele>
				<time>1970-01-01T01:00:00+01:00</time>
				<extensions>
					<swisstopo:routepoint_id>1288521793</swisstopo:routepoint_id>
				</extensions>
			</trkpt>
			<trkpt lat="46.2507932381" lon="8.6239918562">
				<ele>2077.3</ele>
				<time>1970-01-01T01:00:00+01:00</time>
				<extensions>
					<swisstopo:routepoint_id>194348885</swisstopo:routepoint_id>
				</extensions>
			</trkpt>
			<trkpt lat="46.2507833485" lon="8.6240787508">
				<ele>2076.2</ele>
				<time>1970-01-01T01:00:00+01:00</time>
				<extensions>
					<swisstopo:routepoint_id>1358052176</swisstopo:routepoint_id>
				</extensions>
			</trkpt>
			<trkpt lat="46.2507959862" lon="8.6241630616">
				<ele>2076.5</ele>
				<time>1970-01-01T01:00:00+01:00</time>
				<extensions>
					<swisstopo:routepoint_id>817305041</swisstopo:routepoint_id>
				</extensions>
			</trkpt>
			<trkpt lat="46.2508024832" lon="8.6242322345">
				<ele>2076.3</ele>
				<time>1970-01-01T01:00:00+01:00</time>
				<extensions>
					<swisstopo:routepoint_id>524214466</swisstopo:routepoint_id>
				</extensions>
			</trkpt>
			<trkpt lat="46.2507688339" lon="8.6244417743">
				<ele>2076.4</ele>
				<time>1970-01-01T01:00:00+01:00</time>
				<extensions>
					<swisstopo:routepoint_id>984273337</swisstopo:routepoint_id>
				</extensions>
			</trkpt>
			<trkpt lat="46.2507518680" lon="8.6246035870">
				<ele>2074.1</ele>
				<time>1970-01-01T01:00:00+01:00</time>
				<extensions>
					<swisstopo:routepoint_id>947753624</swisstopo:routepoint_id>
				</extensions>
			</trkpt>
			<trkpt lat="46.2507559588" lon="8.6247312746">
				<ele>2073.0</ele>
				<time>1970-01-01T01:00:00+01:00</time>
				<extensions>
					<swisstopo:routepoint_id>382526981</swisstopo:routepoint_id>
				</extensions>
			</trkpt>
			<trkpt lat="46.2507709869" lon="8.6248456463">
				<ele>2073.1</ele>
				<time>1970-01-01T01:00:00+01:00</time>
				<extensions>
					<swisstopo:routepoint_id>880057721</swisstopo:routepoint_id>
				</extensions>
			</trkpt>
			<trkpt lat="46.2507778686" lon="8.6249643808">
				<ele>2073.1</ele>
				<time>1970-01-01T01:00:00+01:00</time>
				<extensions>
					<swisstopo:routepoint_id>180346369</swisstopo:routepoint_id>
				</extensions>
			</trkpt>
			<trkpt lat="46.2507829022" lon="8.6250875869">
				<ele>2072.5</ele>
				<time>1970-01-01T01:00:00+01:00</time>
				<extensions>
					<swisstopo:routepoint_id>1074958979</swisstopo:routepoint_id>
				</extensions>
			</trkpt>
			<trkpt lat="46.2507934638" lon="8.6251988789">
				<ele>2071.7</ele>
				<time>1970-01-01T01:00:00+01:00</time>
				<extensions>
					<swisstopo:routepoint_id>56499878</swisstopo:routepoint_id>
				</extensions>
			</trkpt>
			<trkpt lat="46.2507768748" lon="8.6253246626">
				<ele>2070.2</ele>
				<time>1970-01-01T01:00:00+01:00</time>
				<extensions>
					<swisstopo:routepoint_id>215048320</swisstopo:routepoint_id>
				</extensions>
			</trkpt>
			<trkpt lat="46.2507823560" lon="8.6254914160">
				<ele>2070.3</ele>
				<time>1970-01-01T01:00:00+01:00</time>
				<extensions>
					<swisstopo:routepoint_id>1287125910</swisstopo:routepoint_id>
				</extensions>
			</trkpt>
			<trkpt lat="46.2507893789" lon="8.6255966375">
				<ele>2070.9</ele>
				<time>1970-01-01T01:00:00+01:00</time>
				<extensions>
					<swisstopo:routepoint_id>338453700</swisstopo:routepoint_id>
				</extensions>
			</trkpt>
			<trkpt lat="46.2507742662" lon="8.6256654058">
				<ele>2071.1</ele>
				<time>1970-01-01T01:00:00+01:00</time>
				<extensions>
					<swisstopo:routepoint_id>1722170868</swisstopo:routepoint_id>
				</extensions>
			</trkpt>
			<trkpt lat="46.2507294883" lon="8.6257320992">
				<ele>2069.8</ele>
				<time>1970-01-01T01:00:00+01:00</time>
				<extensions>
					<swisstopo:routepoint_id>351847023</swisstopo:routepoint_id>
				</extensions>
			</trkpt>
			<trkpt lat="46.2506713666" lon="8.6258706039">
				<ele>2068.7</ele>
				<time>1970-01-01T01:00:00+01:00</time>
				<extensions>
					<swisstopo:routepoint_id>849342172</swisstopo:routepoint_id>
				</extensions>
			</trkpt>
			<trkpt lat="46.2506270591" lon="8.6259778464">
				<ele>2068.8</ele>
				<time>1970-01-01T01:00:00+01:00</time>
				<extensions>
					<swisstopo:routepoint_id>343568935</swisstopo:routepoint_id>
				</extensions>
			</trkpt>
			<trkpt lat="46.2505539190" lon="8.6260890508">
				<ele>2068.7</ele>
				<time>1970-01-01T01:00:00+01:00</time>
				<extensions>
					<swisstopo:routepoint_id>1623851462</swisstopo:routepoint_id>
				</extensions>
			</trkpt>
			<trkpt lat="46.2505270919" lon="8.6261605962">
				<ele>2070.1</ele>
				<time>1970-01-01T01:00:00+01:00</time>
				<extensions>
					<swisstopo:routepoint_id>1856436860</swisstopo:routepoint_id>
				</extensions>
			</trkpt>
			<trkpt lat="46.2504908359" lon="8.6261854319">
				<ele>2069.8</ele>
				<time>1970-01-01T01:00:00+01:00</time>
				<extensions>
					<swisstopo:routepoint_id>993035915</swisstopo:routepoint_id>
				</extensions>
			</trkpt>
			<trkpt lat="46.2504501773" lon="8.6262011576">
				<ele>2070.5</ele>
				<time>1970-01-01T01:00:00+01:00</time>
				<extensions>
					<swisstopo:routepoint_id>1234463578</swisstopo:routepoint_id>
				</extensions>
			</trkpt>
			<trkpt lat="46.2504264861" lon="8.6262292372">
				<ele>2070.9</ele>
				<time>1970-01-01T01:00:00+01:00</time>
				<extensions>
					<swisstopo:routepoint_id>902508183</swisstopo:routepoint_id>
				</extensions>
			</trkpt>
			<trkpt lat="46.2504053586" lon="8.6262708698">
				<ele>2070.7</ele>
				<time>1970-01-01T01:00:00+01:00</time>
				<extensions>
					<swisstopo:routepoint_id>1981799140</swisstopo:routepoint_id>
				</extensions>
			</trkpt>
			<trkpt lat="46.2503994698" lon="8.6263187903">
				<ele>2069.4</ele>
				<time>1970-01-01T01:00:00+01:00</time>
				<extensions>
					<swisstopo:routepoint_id>1199956559</swisstopo:routepoint_id>
				</extensions>
			</trkpt>
			<trkpt lat="46.2504230576" lon="8.6262997225">
				<ele>2068.3</ele>
				<time>1970-01-01T01:00:00+01:00</time>
				<extensions>
					<swisstopo:routepoint_id>391450954</swisstopo:routepoint_id>
				</extensions>
			</trkpt>
			<trkpt lat="46.2504569946" lon="8.6263258932">
				<ele>2065.9</ele>
				<time>1970-01-01T01:00:00+01:00</time>
				<extensions>
					<swisstopo:routepoint_id>1737865490</swisstopo:routepoint_id>
				</extensions>
			</trkpt>
			<trkpt lat="46.2504786171" lon="8.6263233065">
				<ele>2065.4</ele>
				<time>1970-01-01T01:00:00+01:00</time>
				<extensions>
					<swisstopo:routepoint_id>524069877</swisstopo:routepoint_id>
				</extensions>
			</trkpt>
			<trkpt lat="46.2505324390" lon="8.6263408464">
				<ele>2063.1</ele>
				<time>1970-01-01T01:00:00+01:00</time>
				<extensions>
					<swisstopo:routepoint_id>905644793</swisstopo:routepoint_id>
				</extensions>
			</trkpt>
			<trkpt lat="46.2505795616" lon="8.6263973007">
				<ele>2060.5</ele>
				<time>1970-01-01T01:00:00+01:00</time>
				<extensions>
					<swisstopo:routepoint_id>469264760</swisstopo:routepoint_id>
				</extensions>
			</trkpt>
			<trkpt lat="46.2505308041" lon="8.6264128749">
				<ele>2058.5</ele>
				<time>1970-01-01T01:00:00+01:00</time>
				<extensions>
					<swisstopo:routepoint_id>471216752</swisstopo:routepoint_id>
				</extensions>
			</trkpt>
			<trkpt lat="46.2504909940" lon="8.6264331338">
				<ele>2056.7</ele>
				<time>1970-01-01T01:00:00+01:00</time>
				<extensions>
					<swisstopo:routepoint_id>1817618067</swisstopo:routepoint_id>
				</extensions>
			</trkpt>
			<trkpt lat="46.2504718948" lon="8.6264522869">
				<ele>2055.9</ele>
				<time>1970-01-01T01:00:00+01:00</time>
				<extensions>
					<swisstopo:routepoint_id>373778839</swisstopo:routepoint_id>
				</extensions>
			</trkpt>
			<trkpt lat="46.2505319674" lon="8.6264744498">
				<ele>2054.2</ele>
				<time>1970-01-01T01:00:00+01:00</time>
				<extensions>
					<swisstopo:routepoint_id>2017035065</swisstopo:routepoint_id>
				</extensions>
			</trkpt>
			<trkpt lat="46.2505852936" lon="8.6265400282">
				<ele>2052.6</ele>
				<time>1970-01-01T01:00:00+01:00</time>
				<extensions>
					<swisstopo:routepoint_id>141687484</swisstopo:routepoint_id>
				</extensions>
			</trkpt>
			<trkpt lat="46.2506707794" lon="8.6265416593">
				<ele>2050.5</ele>
				<time>1970-01-01T01:00:00+01:00</time>
				<extensions>
					<swisstopo:routepoint_id>104215615</swisstopo:routepoint_id>
				</extensions>
			</trkpt>
			<trkpt lat="46.2507164936" lon="8.6265590480">
				<ele>2050.0</ele>
				<time>1970-01-01T01:00:00+01:00</time>
				<extensions>
					<swisstopo:routepoint_id>767407255</swisstopo:routepoint_id>
				</extensions>
			</trkpt>
			<trkpt lat="46.2507798769" lon="8.6266098039">
				<ele>2049.3</ele>
				<time>1970-01-01T01:00:00+01:00</time>
				<extensions>
					<swisstopo:routepoint_id>1455051650</swisstopo:routepoint_id>
				</extensions>
			</trkpt>
			<trkpt lat="46.2508299711" lon="8.6266392847">
				<ele>2048.3</ele>
				<time>1970-01-01T01:00:00+01:00</time>
				<extensions>
					<swisstopo:routepoint_id>823557843</swisstopo:routepoint_id>
				</extensions>
			</trkpt>
			<trkpt lat="46.2509029080" lon="8.6266361684">
				<ele>2047.4</ele>
				<time>1970-01-01T01:00:00+01:00</time>
				<extensions>
					<swisstopo:routepoint_id>2112781697</swisstopo:routepoint_id>
				</extensions>
			</trkpt>
			<trkpt lat="46.2509405863" lon="8.6266474041">
				<ele>2047.4</ele>
				<time>1970-01-01T01:00:00+01:00</time>
				<extensions>
					<swisstopo:routepoint_id>1935316717</swisstopo:routepoint_id>
				</extensions>
			</trkpt>
			<trkpt lat="46.2509887696" lon="8.6266873486">
				<ele>2047.4</ele>
				<time>1970-01-01T01:00:00+01:00</time>
				<extensions>
					<swisstopo:routepoint_id>1865529826</swisstopo:routepoint_id>
				</extensions>
			</trkpt>
			<trkpt lat="46.2510173673" lon="8.6267074129">
				<ele>2047.0</ele>
				<time>1970-01-01T01:00:00+01:00</time>
				<extensions>
					<swisstopo:routepoint_id>640361100</swisstopo:routepoint_id>
				</extensions>
			</trkpt>
			<trkpt lat="46.2510954698" lon="8.6267269240">
				<ele>2046.7</ele>
				<time>1970-01-01T01:00:00+01:00</time>
				<extensions>
					<swisstopo:routepoint_id>935278886</swisstopo:routepoint_id>
				</extensions>
			</trkpt>
			<trkpt lat="46.2511555739" lon="8.6267460929">
				<ele>2045.7</ele>
				<time>1970-01-01T01:00:00+01:00</time>
				<extensions>
					<swisstopo:routepoint_id>1636595176</swisstopo:routepoint_id>
				</extensions>
			</trkpt>
			<trkpt lat="46.2512073900" lon="8.6267831091">
				<ele>2044.7</ele>
				<time>1970-01-01T01:00:00+01:00</time>
				<extensions>
					<swisstopo:routepoint_id>1378601932</swisstopo:routepoint_id>
				</extensions>
			</trkpt>
			<trkpt lat="46.2512993693" lon="8.6268524231">
				<ele>2043.5</ele>
				<time>1970-01-01T01:00:00+01:00</time>
				<extensions>
					<swisstopo:routepoint_id>875479209</swisstopo:routepoint_id>
				</extensions>
			</trkpt>
			<trkpt lat="46.2513714565" lon="8.6269318718">
				<ele>2042.4</ele>
				<time>1970-01-01T01:00:00+01:00</time>
				<extensions>
					<swisstopo:routepoint_id>1140388959</swisstopo:routepoint_id>
				</extensions>
			</trkpt>
			<trkpt lat="46.2514842428" lon="8.6269925788">
				<ele>2040.8</ele>
				<time>1970-01-01T01:00:00+01:00</time>
				<extensions>
					<swisstopo:routepoint_id>1498016668</swisstopo:routepoint_id>
				</extensions>
			</trkpt>
			<trkpt lat="46.2515441332" lon="8.6270312472">
				<ele>2040.1</ele>
				<time>1970-01-01T01:00:00+01:00</time>
				<extensions>
					<swisstopo:routepoint_id>389387884</swisstopo:routepoint_id>
				</extensions>
			</trkpt>
			<trkpt lat="46.2515983480" lon="8.6270983508">
				<ele>2039.8</ele>
				<time>1970-01-01T01:00:00+01:00</time>
				<extensions>
					<swisstopo:routepoint_id>953928677</swisstopo:routepoint_id>
				</extensions>
			</trkpt>
			<trkpt lat="46.2516819934" lon="8.6271915279">
				<ele>2039.1</ele>
				<time>1970-01-01T01:00:00+01:00</time>
				<extensions>
					<swisstopo:routepoint_id>1158720422</swisstopo:routepoint_id>
				</extensions>
			</trkpt>
			<trkpt lat="46.2517756400" lon="8.6272743803">
				<ele>2037.5</ele>
				<time>1970-01-01T01:00:00+01:00</time>
				<extensions>
					<swisstopo:routepoint_id>34507018</swisstopo:routepoint_id>
				</extensions>
			</trkpt>
			<trkpt lat="46.2518231074" lon="8.6272963105">
				<ele>2036.5</ele>
				<time>1970-01-01T01:00:00+01:00</time>
				<extensions>
					<swisstopo:routepoint_id>511057229</swisstopo:routepoint_id>
				</extensions>
			</trkpt>
			<trkpt lat="46.2518950133" lon="8.6273051945">
				<ele>2035.4</ele>
				<time>1970-01-01T01:00:00+01:00</time>
				<extensions>
					<swisstopo:routepoint_id>243933650</swisstopo:routepoint_id>
				</extensions>
			</trkpt>
			<trkpt lat="46.2519997707" lon="8.6273582427">
				<ele>2033.2</ele>
				<time>1970-01-01T01:00:00+01:00</time>
				<extensions>
					<swisstopo:routepoint_id>675886682</swisstopo:routepoint_id>
				</extensions>
			</trkpt>
			<trkpt lat="46.2520988824" lon="8.6274351994">
				<ele>2029.4</ele>
				<time>1970-01-01T01:00:00+01:00</time>
				<extensions>
					<swisstopo:routepoint_id>1633289809</swisstopo:routepoint_id>
				</extensions>
			</trkpt>
			<trkpt lat="46.2521695453" lon="8.6274770865">
				<ele>2026.6</ele>
				<time>1970-01-01T01:00:00+01:00</time>
				<extensions>
					<swisstopo:routepoint_id>1268600730</swisstopo:routepoint_id>
				</extensions>
			</trkpt>
			<trkpt lat="46.2522558096" lon="8.6274907457">
				<ele>2024.4</ele>
				<time>1970-01-01T01:00:00+01:00</time>
				<extensions>
					<swisstopo:routepoint_id>52853125</swisstopo:routepoint_id>
				</extensions>
			</trkpt>
			<trkpt lat="46.2523023584" lon="8.6275156515">
				<ele>2023.4</ele>
				<time>1970-01-01T01:00:00+01:00</time>
				<extensions>
					<swisstopo:routepoint_id>1235510374</swisstopo:routepoint_id>
				</extensions>
			</trkpt>
			<trkpt lat="46.2523381342" lon="8.6275373648">
				<ele>2022.3</ele>
				<time>1970-01-01T01:00:00+01:00</time>
				<extensions>
					<swisstopo:routepoint_id>95485921</swisstopo:routepoint_id>
				</extensions>
			</trkpt>
			<trkpt lat="46.2524226275" lon="8.6275464861">
				<ele>2019.6</ele>
				<time>1970-01-01T01:00:00+01:00</time>
				<extensions>
					<swisstopo:routepoint_id>601665335</swisstopo:routepoint_id>
				</extensions>
			</trkpt>
			<trkpt lat="46.2525368283" lon="8.6275561772">
				<ele>2017.0</ele>
				<time>1970-01-01T01:00:00+01:00</time>
				<extensions>
					<swisstopo:routepoint_id>1675930582</swisstopo:routepoint_id>
				</extensions>
			</trkpt>
			<trkpt lat="46.2525801700" lon="8.6275434931">
				<ele>2016.4</ele>
				<time>1970-01-01T01:00:00+01:00</time>
				<extensions>
					<swisstopo:routepoint_id>269563223</swisstopo:routepoint_id>
				</extensions>
			</trkpt>
			<trkpt lat="46.2526164489" lon="8.6275156658">
				<ele>2015.4</ele>
				<time>1970-01-01T01:00:00+01:00</time>
				<extensions>
					<swisstopo:routepoint_id>1249627809</swisstopo:routepoint_id>
				</extensions>
			</trkpt>
			<trkpt lat="46.2526280072" lon="8.6275293906">
				<ele>2015.4</ele>
				<time>1970-01-01T01:00:00+01:00</time>
				<extensions>
					<swisstopo:routepoint_id>834119482</swisstopo:routepoint_id>
				</extensions>
			</trkpt>
			<trkpt lat="46.2525602275" lon="8.6276436966">
				<ele>2012.8</ele>
				<time>1970-01-01T01:00:00+01:00</time>
				<extensions>
					<swisstopo:routepoint_id>1428141420</swisstopo:routepoint_id>
				</extensions>
			</trkpt>
			<trkpt lat="46.2524895861" lon="8.6277744645">
				<ele>2009.9</ele>
				<time>1970-01-01T01:00:00+01:00</time>
				<extensions>
					<swisstopo:routepoint_id>802109206</swisstopo:routepoint_id>
				</extensions>
			</trkpt>
			<trkpt lat="46.2524029748" lon="8.6278824060">
				<ele>2007.4</ele>
				<time>1970-01-01T01:00:00+01:00</time>
				<extensions>
					<swisstopo:routepoint_id>1667218581</swisstopo:routepoint_id>
				</extensions>
			</trkpt>
			<trkpt lat="46.2523489167" lon="8.6279759492">
				<ele>2004.9</ele>
				<time>1970-01-01T01:00:00+01:00</time>
				<extensions>
					<swisstopo:routepoint_id>1105511665</swisstopo:routepoint_id>
				</extensions>
			</trkpt>
			<trkpt lat="46.2523171035" lon="8.6280068594">
				<ele>2003.9</ele>
				<time>1970-01-01T01:00:00+01:00</time>
				<extensions>
					<swisstopo:routepoint_id>1472420597</swisstopo:routepoint_id>
				</extensions>
			</trkpt>
			<trkpt lat="46.2522943553" lon="8.6280304448">
				<ele>2003.4</ele>
				<time>1970-01-01T01:00:00+01:00</time>
				<extensions>
					<swisstopo:routepoint_id>1000037830</swisstopo:routepoint_id>
				</extensions>
			</trkpt>
			<trkpt lat="46.2522877976" lon="8.6280558498">
				<ele>2003.0</ele>
				<time>1970-01-01T01:00:00+01:00</time>
				<extensions>
					<swisstopo:routepoint_id>228934649</swisstopo:routepoint_id>
				</extensions>
			</trkpt>
			<trkpt lat="46.2522964382" lon="8.6280905378">
				<ele>2002.7</ele>
				<time>1970-01-01T01:00:00+01:00</time>
				<extensions>
					<swisstopo:routepoint_id>1409242815</swisstopo:routepoint_id>
				</extensions>
			</trkpt>
			<trkpt lat="46.2523220549" lon="8.6281375778">
				<ele>2002.2</ele>
				<time>1970-01-01T01:00:00+01:00</time>
				<extensions>
					<swisstopo:routepoint_id>59799677</swisstopo:routepoint_id>
				</extensions>
			</trkpt>
			<trkpt lat="46.2523828584" lon="8.6281762680">
				<ele>2000.7</ele>
				<time>1970-01-01T01:00:00+01:00</time>
				<extensions>
					<swisstopo:routepoint_id>496206217</swisstopo:routepoint_id>
				</extensions>
			</trkpt>
			<trkpt lat="46.2524047316" lon="8.6282367398">
				<ele>2000.3</ele>
				<time>1970-01-01T01:00:00+01:00</time>
				<extensions>
					<swisstopo:routepoint_id>2028068912</swisstopo:routepoint_id>
				</extensions>
			</trkpt>
			<trkpt lat="46.2524319367" lon="8.6283048258">
				<ele>2000.3</ele>
				<time>1970-01-01T01:00:00+01:00</time>
				<extensions>
					<swisstopo:routepoint_id>486091325</swisstopo:routepoint_id>
				</extensions>
			</trkpt>
			<trkpt lat="46.2524455937" lon="8.6283771404">
				<ele>1999.7</ele>
				<time>1970-01-01T01:00:00+01:00</time>
				<extensions>
					<swisstopo:routepoint_id>186460282</swisstopo:routepoint_id>
				</extensions>
			</trkpt>
			<trkpt lat="46.2524760757" lon="8.6284753078">
				<ele>1998.3</ele>
				<time>1970-01-01T01:00:00+01:00</time>
				<extensions>
					<swisstopo:routepoint_id>339296246</swisstopo:routepoint_id>
				</extensions>
			</trkpt>
			<trkpt lat="46.2524751231" lon="8.6285683775">
				<ele>1997.1</ele>
				<time>1970-01-01T01:00:00+01:00</time>
				<extensions>
					<swisstopo:routepoint_id>354880865</swisstopo:routepoint_id>
				</extensions>
			</trkpt>
			<trkpt lat="46.2524272432" lon="8.6286725481">
				<ele>1995.6</ele>
				<time>1970-01-01T01:00:00+01:00</time>
				<extensions>
					<swisstopo:routepoint_id>442871448</swisstopo:routepoint_id>
				</extensions>
			</trkpt>
			<trkpt lat="46.2523824927" lon="8.6288233179">
				<ele>1993.7</ele>
				<time>1970-01-01T01:00:00+01:00</time>
				<extensions>
					<swisstopo:routepoint_id>914786772</swisstopo:routepoint_id>
				</extensions>
			</trkpt>
			<trkpt lat="46.2523450237" lon="8.6289667269">
				<ele>1991.4</ele>
				<time>1970-01-01T01:00:00+01:00</time>
				<extensions>
					<swisstopo:routepoint_id>1506103984</swisstopo:routepoint_id>
				</extensions>
			</trkpt>
			<trkpt lat="46.2523358140" lon="8.6290746460">
				<ele>1989.6</ele>
				<time>1970-01-01T01:00:00+01:00</time>
				<extensions>
					<swisstopo:routepoint_id>1025251068</swisstopo:routepoint_id>
				</extensions>
			</trkpt>
			<trkpt lat="46.2523224078" lon="8.6290653798">
				<ele>1989.4</ele>
				<time>1970-01-01T01:00:00+01:00</time>
				<extensions>
					<swisstopo:routepoint_id>1122816568</swisstopo:routepoint_id>
				</extensions>
			</trkpt>
			<trkpt lat="46.2522570219" lon="8.6289470338">
				<ele>1987.5</ele>
				<time>1970-01-01T01:00:00+01:00</time>
				<extensions>
					<swisstopo:routepoint_id>623033556</swisstopo:routepoint_id>
				</extensions>
			</trkpt>
			<trkpt lat="46.2521946392" lon="8.6288872845">
				<ele>1985.7</ele>
				<time>1970-01-01T01:00:00+01:00</time>
				<extensions>
					<swisstopo:routepoint_id>397779435</swisstopo:routepoint_id>
				</extensions>
			</trkpt>
			<trkpt lat="46.2520954109" lon="8.6288223320">
				<ele>1983.8</ele>
				<time>1970-01-01T01:00:00+01:00</time>
				<extensions>
					<swisstopo:routepoint_id>1173114808</swisstopo:routepoint_id>
				</extensions>
			</trkpt>
			<trkpt lat="46.2520082667" lon="8.6288071476">
				<ele>1982.6</ele>
				<time>1970-01-01T01:00:00+01:00</time>
				<extensions>
					<swisstopo:routepoint_id>1598671438</swisstopo:routepoint_id>
				</extensions>
			</trkpt>
			<trkpt lat="46.2518962749" lon="8.6288455368">
				<ele>1980.5</ele>
				<time>1970-01-01T01:00:00+01:00</time>
				<extensions>
					<swisstopo:routepoint_id>1707063439</swisstopo:routepoint_id>
				</extensions>
			</trkpt>
			<trkpt lat="46.2517875466" lon="8.6288284399">
				<ele>1978.4</ele>
				<time>1970-01-01T01:00:00+01:00</time>
				<extensions>
					<swisstopo:routepoint_id>1973406346</swisstopo:routepoint_id>
				</extensions>
			</trkpt>
			<trkpt lat="46.2516475645" lon="8.6287882241">
				<ele>1976.2</ele>
				<time>1970-01-01T01:00:00+01:00</time>
				<extensions>
					<swisstopo:routepoint_id>1499521173</swisstopo:routepoint_id>
				</extensions>
			</trkpt>
			<trkpt lat="46.2515642812" lon="8.6287476016">
				<ele>1974.4</ele>
				<time>1970-01-01T01:00:00+01:00</time>
				<extensions>
					<swisstopo:routepoint_id>841811100</swisstopo:routepoint_id>
				</extensions>
			</trkpt>
			<trkpt lat="46.2514640534" lon="8.6286916424">
				<ele>1972.1</ele>
				<time>1970-01-01T01:00:00+01:00</time>
				<extensions>
					<swisstopo:routepoint_id>988905451</swisstopo:routepoint_id>
				</extensions>
			</trkpt>
			<trkpt lat="46.2513799462" lon="8.6286449833">
				<ele>1970.7</ele>
				<time>1970-01-01T01:00:00+01:00</time>
				<extensions>
					<swisstopo:routepoint_id>447518603</swisstopo:routepoint_id>
				</extensions>
			</trkpt>
			<trkpt lat="46.2513449243" lon="8.6286368120">
				<ele>1969.8</ele>
				<time>1970-01-01T01:00:00+01:00</time>
				<extensions>
					<swisstopo:routepoint_id>1314384548</swisstopo:routepoint_id>
				</extensions>
			</trkpt>
			<trkpt lat="46.2512699358" lon="8.6286654034">
				<ele>1969.0</ele>
				<time>1970-01-01T01:00:00+01:00</time>
				<extensions>
					<swisstopo:routepoint_id>322629755</swisstopo:routepoint_id>
				</extensions>
			</trkpt>
			<trkpt lat="46.2511809657" lon="8.6287402601">
				<ele>1968.8</ele>
				<time>1970-01-01T01:00:00+01:00</time>
				<extensions>
					<swisstopo:routepoint_id>1477172257</swisstopo:routepoint_id>
				</extensions>
			</trkpt>
			<trkpt lat="46.2511116209" lon="8.6288320128">
				<ele>1968.5</ele>
				<time>1970-01-01T01:00:00+01:00</time>
				<extensions>
					<swisstopo:routepoint_id>667180751</swisstopo:routepoint_id>
				</extensions>
			</trkpt>
			<trkpt lat="46.2510452095" lon="8.6289013054">
				<ele>1967.9</ele>
				<time>1970-01-01T01:00:00+01:00</time>
				<extensions>
					<swisstopo:routepoint_id>876577015</swisstopo:routepoint_id>
				</extensions>
			</trkpt>
			<trkpt lat="46.2510054211" lon="8.6290071285">
				<ele>1967.0</ele>
				<time>1970-01-01T01:00:00+01:00</time>
				<extensions>
					<swisstopo:routepoint_id>63177781</swisstopo:routepoint_id>
				</extensions>
			</trkpt>
			<trkpt lat="46.2509725292" lon="8.6290545348">
				<ele>1966.2</ele>
				<time>1970-01-01T01:00:00+01:00</time>
				<extensions>
					<swisstopo:routepoint_id>940238153</swisstopo:routepoint_id>
				</extensions>
			</trkpt>
			<trkpt lat="46.2509565272" lon="8.6291232925">
				<ele>1964.9</ele>
				<time>1970-01-01T01:00:00+01:00</time>
				<extensions>
					<swisstopo:routepoint_id>1880212080</swisstopo:routepoint_id>
				</extensions>
			</trkpt>
			<trkpt lat="46.2509418144" lon="8.6291530333">
				<ele>1964.4</ele>
				<time>1970-01-01T01:00:00+01:00</time>
				<extensions>
					<swisstopo:routepoint_id>1528657551</swisstopo:routepoint_id>
				</extensions>
			</trkpt>
			<trkpt lat="46.2509165718" lon="8.6292441286">
				<ele>1963.0</ele>
				<time>1970-01-01T01:00:00+01:00</time>
				<extensions>
					<swisstopo:routepoint_id>1721191999</swisstopo:routepoint_id>
				</extensions>
			</trkpt>
			<trkpt lat="46.2508956170" lon="8.6292692465">
				<ele>1962.5</ele>
				<time>1970-01-01T01:00:00+01:00</time>
				<extensions>
					<swisstopo:routepoint_id>309745935</swisstopo:routepoint_id>
				</extensions>
			</trkpt>
			<trkpt lat="46.2508814700" lon="8.6293320289">
				<ele>1962.8</ele>
				<time>1970-01-01T01:00:00+01:00</time>
				<extensions>
					<swisstopo:routepoint_id>1688772666</swisstopo:routepoint_id>
				</extensions>
			</trkpt>
			<trkpt lat="46.2508710499" lon="8.6294280391">
				<ele>1962.3</ele>
				<time>1970-01-01T01:00:00+01:00</time>
				<extensions>
					<swisstopo:routepoint_id>131210460</swisstopo:routepoint_id>
				</extensions>
			</trkpt>
			<trkpt lat="46.2508784322" lon="8.6294920840">
				<ele>1961.6</ele>
				<time>1970-01-01T01:00:00+01:00</time>
				<extensions>
					<swisstopo:routepoint_id>1891072481</swisstopo:routepoint_id>
				</extensions>
			</trkpt>
			<trkpt lat="46.2508655883" lon="8.6295445858">
				<ele>1961.1</ele>
				<time>1970-01-01T01:00:00+01:00</time>
				<extensions>
					<swisstopo:routepoint_id>1571993121</swisstopo:routepoint_id>
				</extensions>
			</trkpt>
			<trkpt lat="46.2508807528" lon="8.6297548395">
				<ele>1958.0</ele>
				<time>1970-01-01T01:00:00+01:00</time>
				<extensions>
					<swisstopo:routepoint_id>996260529</swisstopo:routepoint_id>
				</extensions>
			</trkpt>
			<trkpt lat="46.2509069468" lon="8.6299105159">
				<ele>1955.2</ele>
				<time>1970-01-01T01:00:00+01:00</time>
				<extensions>
					<swisstopo:routepoint_id>1565104028</swisstopo:routepoint_id>
				</extensions>
			</trkpt>
			<trkpt lat="46.2508934236" lon="8.6299690977">
				<ele>1954.2</ele>
				<time>1970-01-01T01:00:00+01:00</time>
				<extensions>
					<swisstopo:routepoint_id>1939453852</swisstopo:routepoint_id>
				</extensions>
			</trkpt>
			<trkpt lat="46.2508927093" lon="8.6300410961">
				<ele>1952.9</ele>
				<time>1970-01-01T01:00:00+01:00</time>
				<extensions>
					<swisstopo:routepoint_id>883070428</swisstopo:routepoint_id>
				</extensions>
			</trkpt>
			<trkpt lat="46.2509025935" lon="8.6301011368">
				<ele>1952.1</ele>
				<time>1970-01-01T01:00:00+01:00</time>
				<extensions>
					<swisstopo:routepoint_id>627471633</swisstopo:routepoint_id>
				</extensions>
			</trkpt>
			<trkpt lat="46.2508995283" lon="8.6301619294">
				<ele>1951.1</ele>
				<time>1970-01-01T01:00:00+01:00</time>
				<extensions>
					<swisstopo:routepoint_id>2097185407</swisstopo:routepoint_id>
				</extensions>
			</trkpt>
			<trkpt lat="46.2509138432" lon="8.6302717504">
				<ele>1950.3</ele>
				<time>1970-01-01T01:00:00+01:00</time>
				<extensions>
					<swisstopo:routepoint_id>1171845766</swisstopo:routepoint_id>
				</extensions>
			</trkpt>
			<trkpt lat="46.2509390278" lon="8.6303422008">
				<ele>1950.3</ele>
				<time>1970-01-01T01:00:00+01:00</time>
				<extensions>
					<swisstopo:routepoint_id>838199643</swisstopo:routepoint_id>
				</extensions>
			</trkpt>
			<trkpt lat="46.2509484805" lon="8.6303839730">
				<ele>1950.2</ele>
				<time>1970-01-01T01:00:00+01:00</time>
				<extensions>
					<swisstopo:routepoint_id>1347192110</swisstopo:routepoint_id>
				</extensions>
			</trkpt>
			<trkpt lat="46.2509366433" lon="8.6303959162">
				<ele>1949.8</ele>
				<time>1970-01-01T01:00:00+01:00</time>
				<extensions>
					<swisstopo:routepoint_id>99150265</swisstopo:routepoint_id>
				</extensions>
			</trkpt>
			<trkpt lat="46.2508772671" lon="8.6303552453">
				<ele>1948.0</ele>
				<time>1970-01-01T01:00:00+01:00</time>
				<extensions>
					<swisstopo:routepoint_id>865252339</swisstopo:routepoint_id>
				</extensions>
			</trkpt>
			<trkpt lat="46.2507670785" lon="8.6302791316">
				<ele>1945.2</ele>
				<time>1970-01-01T01:00:00+01:00</time>
				<extensions>
					<swisstopo:routepoint_id>984500895</swisstopo:routepoint_id>
				</extensions>
			</trkpt>
			<trkpt lat="46.2506649327" lon="8.6302001359">
				<ele>1942.5</ele>
				<time>1970-01-01T01:00:00+01:00</time>
				<extensions>
					<swisstopo:routepoint_id>1052002570</swisstopo:routepoint_id>
				</extensions>
			</trkpt>
			<trkpt lat="46.2505483617" lon="8.6300843446">
				<ele>1939.7</ele>
				<time>1970-01-01T01:00:00+01:00</time>
				<extensions>
					<swisstopo:routepoint_id>1674910200</swisstopo:routepoint_id>
				</extensions>
			</trkpt>
			<trkpt lat="46.2504627462" lon="8.6300157859">
				<ele>1937.8</ele>
				<time>1970-01-01T01:00:00+01:00</time>
				<extensions>
					<swisstopo:routepoint_id>666275695</swisstopo:routepoint_id>
				</extensions>
			</trkpt>
			<trkpt lat="46.2503873265" lon="8.6299768384">
				<ele>1936.1</ele>
				<time>1970-01-01T01:00:00+01:00</time>
				<extensions>
					<swisstopo:routepoint_id>1117829993</swisstopo:routepoint_id>
				</extensions>
			</trkpt>
			<trkpt lat="46.2503460968" lon="8.6299699838">
				<ele>1934.8</ele>
				<time>1970-01-01T01:00:00+01:00</time>
				<extensions>
					<swisstopo:routepoint_id>647203797</swisstopo:routepoint_id>
				</extensions>
			</trkpt>
			<trkpt lat="46.2502712032" lon="8.6300020513">
				<ele>1932.6</ele>
				<time>1970-01-01T01:00:00+01:00</time>
				<extensions>
					<swisstopo:routepoint_id>1593536388</swisstopo:routepoint_id>
				</extensions>
			</trkpt>
			<trkpt lat="46.2502562576" lon="8.6300179980">
				<ele>1932.0</ele>
				<time>1970-01-01T01:00:00+01:00</time>
				<extensions>
					<swisstopo:routepoint_id>1413994476</swisstopo:routepoint_id>
				</extensions>
			</trkpt>
			<trkpt lat="46.2502309645" lon="8.6300195594">
				<ele>1931.5</ele>
				<time>1970-01-01T01:00:00+01:00</time>
				<extensions>
					<swisstopo:routepoint_id>1874426245</swisstopo:routepoint_id>
				</extensions>
			</trkpt>
			<trkpt lat="46.2501696033" lon="8.6300539049">
				<ele>1930.6</ele>
				<time>1970-01-01T01:00:00+01:00</time>
				<extensions>
					<swisstopo:routepoint_id>1143848583</swisstopo:routepoint_id>
				</extensions>
			</trkpt>
			<trkpt lat="46.2501338699" lon="8.6300532400">
				<ele>1929.7</ele>
				<time>1970-01-01T01:00:00+01:00</time>
				<extensions>
					<swisstopo:routepoint_id>682003878</swisstopo:routepoint_id>
				</extensions>
			</trkpt>
			<trkpt lat="46.2500934600" lon="8.6300261054">
				<ele>1928.7</ele>
				<time>1970-01-01T01:00:00+01:00</time>
				<extensions>
					<swisstopo:routepoint_id>1366529802</swisstopo:routepoint_id>
				</extensions>
			</trkpt>
			<trkpt lat="46.2500569103" lon="8.6299828228">
				<ele>1927.6</ele>
				<time>1970-01-01T01:00:00+01:00</time>
				<extensions>
					<swisstopo:routepoint_id>1570466145</swisstopo:routepoint_id>
				</extensions>
			</trkpt>
			<trkpt lat="46.2500351975" lon="8.6299347390">
				<ele>1926.8</ele>
				<time>1970-01-01T01:00:00+01:00</time>
				<extensions>
					<swisstopo:routepoint_id>1987368533</swisstopo:routepoint_id>
				</extensions>
			</trkpt>
			<trkpt lat="46.2500220359" lon="8.6298939123">
				<ele>1926.2</ele>
				<time>1970-01-01T01:00:00+01:00</time>
				<extensions>
					<swisstopo:routepoint_id>1589981539</swisstopo:routepoint_id>
				</extensions>
			</trkpt>
			<trkpt lat="46.2500064986" lon="8.6299068129">
				<ele>1926.0</ele>
				<time>1970-01-01T01:00:00+01:00</time>
				<extensions>
					<swisstopo:routepoint_id>566157101</swisstopo:routepoint_id>
				</extensions>
			</trkpt>
			<trkpt lat="46.2499688657" lon="8.6299730505">
				<ele>1924.6</ele>
				<time>1970-01-01T01:00:00+01:00</time>
				<extensions>
					<swisstopo:routepoint_id>116779544</swisstopo:routepoint_id>
				</extensions>
			</trkpt>
			<trkpt lat="46.2499584563" lon="8.6300905095">
				<ele>1922.3</ele>
				<time>1970-01-01T01:00:00+01:00</time>
				<extensions>
					<swisstopo:routepoint_id>1282433579</swisstopo:routepoint_id>
				</extensions>
			</trkpt>
			<trkpt lat="46.2499479556" lon="8.6300923408">
				<ele>1922.2</ele>
				<time>1970-01-01T01:00:00+01:00</time>
				<extensions>
					<swisstopo:routepoint_id>325968453</swisstopo:routepoint_id>
				</extensions>
			</trkpt>
			<trkpt lat="46.2499218444" lon="8.6300522945">
				<ele>1921.7</ele>
				<time>1970-01-01T01:00:00+01:00</time>
				<extensions>
					<swisstopo:routepoint_id>1780022917</swisstopo:routepoint_id>
				</extensions>
			</trkpt>
			<trkpt lat="46.2498809371" lon="8.6300139982">
				<ele>1920.9</ele>
				<time>1970-01-01T01:00:00+01:00</time>
				<extensions>
					<swisstopo:routepoint_id>113190101</swisstopo:routepoint_id>
				</extensions>
			</trkpt>
			<trkpt lat="46.2498295770" lon="8.6299095838">
				<ele>1919.4</ele>
				<time>1970-01-01T01:00:00+01:00</time>
				<extensions>
					<swisstopo:routepoint_id>937632395</swisstopo:routepoint_id>
				</extensions>
			</trkpt>
			<trkpt lat="46.2498108707" lon="8.6298696712">
				<ele>1918.8</ele>
				<time>1970-01-01T01:00:00+01:00</time>
				<extensions>
					<swisstopo:routepoint_id>1989752093</swisstopo:routepoint_id>
				</extensions>
			</trkpt>
			<trkpt lat="46.2497973829" lon="8.6298623221">
				<ele>1918.6</ele>
				<time>1970-01-01T01:00:00+01:00</time>
				<extensions>
					<swisstopo:routepoint_id>1858708310</swisstopo:routepoint_id>
				</extensions>
			</trkpt>
			<trkpt lat="46.2497800010" lon="8.6298751823">
				<ele>1918.4</ele>
				<time>1970-01-01T01:00:00+01:00</time>
				<extensions>
					<swisstopo:routepoint_id>1936755637</swisstopo:routepoint_id>
				</extensions>
			</trkpt>
			<trkpt lat="46.2497616036" lon="8.6299285841">
				<ele>1918.1</ele>
				<time>1970-01-01T01:00:00+01:00</time>
				<extensions>
					<swisstopo:routepoint_id>749993297</swisstopo:routepoint_id>
				</extensions>
			</trkpt>
			<trkpt lat="46.2497535911" lon="8.6299903057">
				<ele>1917.4</ele>
				<time>1970-01-01T01:00:00+01:00</time>
				<extensions>
					<swisstopo:routepoint_id>1072695501</swisstopo:routepoint_id>
				</extensions>
			</trkpt>
			<trkpt lat="46.2497611051" lon="8.6300401523">
				<ele>1916.7</ele>
				<time>1970-01-01T01:00:00+01:00</time>
				<extensions>
					<swisstopo:routepoint_id>2120430952</swisstopo:routepoint_id>
				</extensions>
			</trkpt>
			<trkpt lat="46.2497733936" lon="8.6301063137">
				<ele>1915.7</ele>
				<time>1970-01-01T01:00:00+01:00</time>
				<extensions>
					<swisstopo:routepoint_id>362691215</swisstopo:routepoint_id>
				</extensions>
			</trkpt>
			<trkpt lat="46.2498046786" lon="8.6301839913">
				<ele>1914.3</ele>
				<time>1970-01-01T01:00:00+01:00</time>
				<extensions>
					<swisstopo:routepoint_id>1194631342</swisstopo:routepoint_id>
				</extensions>
			</trkpt>
			<trkpt lat="46.2498540478" lon="8.6302396806">
				<ele>1913.7</ele>
				<time>1970-01-01T01:00:00+01:00</time>
				<extensions>
					<swisstopo:routepoint_id>1337825787</swisstopo:routepoint_id>
				</extensions>
			</trkpt>
			<trkpt lat="46.2499161809" lon="8.6303138829">
				<ele>1911.8</ele>
				<time>1970-01-01T01:00:00+01:00</time>
				<extensions>
					<swisstopo:routepoint_id>318225199</swisstopo:routepoint_id>
				</extensions>
			</trkpt>
			<trkpt lat="46.2500121280" lon="8.6303958163">
				<ele>1910.4</ele>
				<time>1970-01-01T01:00:00+01:00</time>
				<extensions>
					<swisstopo:routepoint_id>2081656225</swisstopo:routepoint_id>
				</extensions>
			</trkpt>
			<trkpt lat="46.2500711120" lon="8.6304770453">
				<ele>1909.3</ele>
				<time>1970-01-01T01:00:00+01:00</time>
				<extensions>
					<swisstopo:routepoint_id>1027706402</swisstopo:routepoint_id>
				</extensions>
			</trkpt>
			<trkpt lat="46.2501188180" lon="8.6305763371">
				<ele>1908.0</ele>
				<time>1970-01-01T01:00:00+01:00</time>
				<extensions>
					<swisstopo:routepoint_id>1220222955</swisstopo:routepoint_id>
				</extensions>
			</trkpt>
			<trkpt lat="46.2501407658" lon="8.6306629547">
				<ele>1907.1</ele>
				<time>1970-01-01T01:00:00+01:00</time>
				<extensions>
					<swisstopo:routepoint_id>1851319165</swisstopo:routepoint_id>
				</extensions>
			</trkpt>
			<trkpt lat="46.2501467769" lon="8.6308020309">
				<ele>1904.5</ele>
				<time>1970-01-01T01:00:00+01:00</time>
				<extensions>
					<swisstopo:routepoint_id>920261200</swisstopo:routepoint_id>
				</extensions>
			</trkpt>
			<trkpt lat="46.2501791055" lon="8.6309598633">
				<ele>1902.8</ele>
				<time>1970-01-01T01:00:00+01:00</time>
				<extensions>
					<swisstopo:routepoint_id>449687805</swisstopo:routepoint_id>
				</extensions>
			</trkpt>
			<trkpt lat="46.2501890447" lon="8.6310138067">
				<ele>1902.3</ele>
				<time>1970-01-01T01:00:00+01:00</time>
				<extensions>
					<swisstopo:routepoint_id>731990598</swisstopo:routepoint_id>
				</extensions>
			</trkpt>
			<trkpt lat="46.2501918101" lon="8.6311081888">
				<ele>1902.0</ele>
				<time>1970-01-01T01:00:00+01:00</time>
				<extensions>
					<swisstopo:routepoint_id>507896443</swisstopo:routepoint_id>
				</extensions>
			</trkpt>
			<trkpt lat="46.2501902750" lon="8.6312004630">
				<ele>1901.5</ele>
				<time>1970-01-01T01:00:00+01:00</time>
				<extensions>
					<swisstopo:routepoint_id>1720866085</swisstopo:routepoint_id>
				</extensions>
			</trkpt>
			<trkpt lat="46.2502122503" lon="8.6313469306">
				<ele>1900.5</ele>
				<time>1970-01-01T01:00:00+01:00</time>
				<extensions>
					<swisstopo:routepoint_id>842118992</swisstopo:routepoint_id>
				</extensions>
			</trkpt>
			<trkpt lat="46.2502306956" lon="8.6314132119">
				<ele>1900.2</ele>
				<time>1970-01-01T01:00:00+01:00</time>
				<extensions>
					<swisstopo:routepoint_id>1924031910</swisstopo:routepoint_id>
				</extensions>
			</trkpt>
			<trkpt lat="46.2502511330" lon="8.6315271997">
				<ele>1899.6</ele>
				<time>1970-01-01T01:00:00+01:00</time>
				<extensions>
					<swisstopo:routepoint_id>1004309044</swisstopo:routepoint_id>
				</extensions>
			</trkpt>
			<trkpt lat="46.2502573375" lon="8.6316469957">
				<ele>1898.2</ele>
				<time>1970-01-01T01:00:00+01:00</time>
				<extensions>
					<swisstopo:routepoint_id>1870588989</swisstopo:routepoint_id>
				</extensions>
			</trkpt>
			<trkpt lat="46.2502729430" lon="8.6317517719">
				<ele>1897.2</ele>
				<time>1970-01-01T01:00:00+01:00</time>
				<extensions>
					<swisstopo:routepoint_id>307547960</swisstopo:routepoint_id>
				</extensions>
			</trkpt>
			<trkpt lat="46.2502973897" lon="8.6318962551">
				<ele>1895.2</ele>
				<time>1970-01-01T01:00:00+01:00</time>
				<extensions>
					<swisstopo:routepoint_id>240188648</swisstopo:routepoint_id>
				</extensions>
			</trkpt>
			<trkpt lat="46.2503052144" lon="8.6319765325">
				<ele>1893.9</ele>
				<time>1970-01-01T01:00:00+01:00</time>
				<extensions>
					<swisstopo:routepoint_id>484240275</swisstopo:routepoint_id>
				</extensions>
			</trkpt>
			<trkpt lat="46.2503443788" lon="8.6320675494">
				<ele>1892.6</ele>
				<time>1970-01-01T01:00:00+01:00</time>
				<extensions>
					<swisstopo:routepoint_id>1169243478</swisstopo:routepoint_id>
				</extensions>
			</trkpt>
			<trkpt lat="46.2502860385" lon="8.6320461688">
				<ele>1891.9</ele>
				<time>1970-01-01T01:00:00+01:00</time>
				<extensions>
					<swisstopo:routepoint_id>1535819705</swisstopo:routepoint_id>
				</extensions>
			</trkpt>
			<trkpt lat="46.2501890460" lon="8.6320068090">
				<ele>1890.2</ele>
				<time>1970-01-01T01:00:00+01:00</time>
				<extensions>
					<swisstopo:routepoint_id>1937754472</swisstopo:routepoint_id>
				</extensions>
			</trkpt>
			<trkpt lat="46.2500962253" lon="8.6319817440">
				<ele>1888.3</ele>
				<time>1970-01-01T01:00:00+01:00</time>
				<extensions>
					<swisstopo:routepoint_id>401965439</swisstopo:routepoint_id>
				</extensions>
			</trkpt>
			<trkpt lat="46.2500558588" lon="8.6319505501">
				<ele>1887.3</ele>
				<time>1970-01-01T01:00:00+01:00</time>
				<extensions>
					<swisstopo:routepoint_id>1148360406</swisstopo:routepoint_id>
				</extensions>
			</trkpt>
			<trkpt lat="46.2500367643" lon="8.6319491722">
				<ele>1886.9</ele>
				<time>1970-01-01T01:00:00+01:00</time>
				<extensions>
					<swisstopo:routepoint_id>1239758796</swisstopo:routepoint_id>
				</extensions>
			</trkpt>
			<trkpt lat="46.2500412137" lon="8.6319979422">
				<ele>1886.2</ele>
				<time>1970-01-01T01:00:00+01:00</time>
				<extensions>
					<swisstopo:routepoint_id>786012809</swisstopo:routepoint_id>
				</extensions>
			</trkpt>
			<trkpt lat="46.2500718177" lon="8.6321425472">
				<ele>1883.6</ele>
				<time>1970-01-01T01:00:00+01:00</time>
				<extensions>
					<swisstopo:routepoint_id>1963808333</swisstopo:routepoint_id>
				</extensions>
			</trkpt>
			<trkpt lat="46.2500866481" lon="8.6322016574">
				<ele>1882.6</ele>
				<time>1970-01-01T01:00:00+01:00</time>
				<extensions>
					<swisstopo:routepoint_id>387302081</swisstopo:routepoint_id>
				</extensions>
			</trkpt>
			<trkpt lat="46.2501415543" lon="8.6323203554">
				<ele>1881.2</ele>
				<time>1970-01-01T01:00:00+01:00</time>
				<extensions>
					<swisstopo:routepoint_id>2025547806</swisstopo:routepoint_id>
				</extensions>
			</trkpt>
			<trkpt lat="46.2501810853" lon="8.6324357087">
				<ele>1879.8</ele>
				<time>1970-01-01T01:00:00+01:00</time>
				<extensions>
					<swisstopo:routepoint_id>782605165</swisstopo:routepoint_id>
				</extensions>
			</trkpt>
			<trkpt lat="46.2502201317" lon="8.6325378742">
				<ele>1878.3</ele>
				<time>1970-01-01T01:00:00+01:00</time>
				<extensions>
					<swisstopo:routepoint_id>44466016</swisstopo:routepoint_id>
				</extensions>
			</trkpt>
			<trkpt lat="46.2502437862" lon="8.6325758575">
				<ele>1877.6</ele>
				<time>1970-01-01T01:00:00+01:00</time>
				<extensions>
					<swisstopo:routepoint_id>1260458765</swisstopo:routepoint_id>
				</extensions>
			</trkpt>
			<trkpt lat="46.2502903191" lon="8.6326071588">
				<ele>1876.4</ele>
				<time>1970-01-01T01:00:00+01:00</time>
				<extensions>
					<swisstopo:routepoint_id>310119384</swisstopo:routepoint_id>
				</extensions>
			</trkpt>
			<trkpt lat="46.2503692375" lon="8.6326674692">
				<ele>1874.9</ele>
				<time>1970-01-01T01:00:00+01:00</time>
				<extensions>
					<swisstopo:routepoint_id>1245485892</swisstopo:routepoint_id>
				</extensions>
			</trkpt>
			<trkpt lat="46.2503813133" lon="8.6326920499">
				<ele>1874.8</ele>
				<time>1970-01-01T01:00:00+01:00</time>
				<extensions>
					<swisstopo:routepoint_id>230337059</swisstopo:routepoint_id>
				</extensions>
			</trkpt>
			<trkpt lat="46.2503853977" lon="8.6327154422">
				<ele>1874.5</ele>
				<time>1970-01-01T01:00:00+01:00</time>
				<extensions>
					<swisstopo:routepoint_id>107445202</swisstopo:routepoint_id>
				</extensions>
			</trkpt>
			<trkpt lat="46.2503795086" lon="8.6327498237">
				<ele>1874.7</ele>
				<time>1970-01-01T01:00:00+01:00</time>
				<extensions>
					<swisstopo:routepoint_id>770535150</swisstopo:routepoint_id>
				</extensions>
			</trkpt>
			<trkpt lat="46.2503503103" lon="8.6327726030">
				<ele>1874.4</ele>
				<time>1970-01-01T01:00:00+01:00</time>
				<extensions>
					<swisstopo:routepoint_id>1119328567</swisstopo:routepoint_id>
				</extensions>
			</trkpt>
			<trkpt lat="46.2503197712" lon="8.6328075329">
				<ele>1874.1</ele>
				<time>1970-01-01T01:00:00+01:00</time>
				<extensions>
					<swisstopo:routepoint_id>412364756</swisstopo:routepoint_id>
				</extensions>
			</trkpt>
			<trkpt lat="46.2503020874" lon="8.6328497957">
				<ele>1874.4</ele>
				<time>1970-01-01T01:00:00+01:00</time>
				<extensions>
					<swisstopo:routepoint_id>876305367</swisstopo:routepoint_id>
				</extensions>
			</trkpt>
			<trkpt lat="46.2502809826" lon="8.6329264941">
				<ele>1874.3</ele>
				<time>1970-01-01T01:00:00+01:00</time>
				<extensions>
					<swisstopo:routepoint_id>2037355253</swisstopo:routepoint_id>
				</extensions>
			</trkpt>
			<trkpt lat="46.2502245829" lon="8.6330816310">
				<ele>1873.5</ele>
				<time>1970-01-01T01:00:00+01:00</time>
				<extensions>
					<swisstopo:routepoint_id>731348181</swisstopo:routepoint_id>
				</extensions>
			</trkpt>
			<trkpt lat="46.2501947753" lon="8.6331662688">
				<ele>1873.0</ele>
				<time>1970-01-01T01:00:00+01:00</time>
				<extensions>
					<swisstopo:routepoint_id>716557041</swisstopo:routepoint_id>
				</extensions>
			</trkpt>
			<trkpt lat="46.2501741314" lon="8.6332592034">
				<ele>1872.8</ele>
				<time>1970-01-01T01:00:00+01:00</time>
				<extensions>
					<swisstopo:routepoint_id>1119013651</swisstopo:routepoint_id>
				</extensions>
			</trkpt>
			<trkpt lat="46.2501463488" lon="8.6333874986">
				<ele>1872.4</ele>
				<time>1970-01-01T01:00:00+01:00</time>
				<extensions>
					<swisstopo:routepoint_id>1616483950</swisstopo:routepoint_id>
				</extensions>
			</trkpt>
			<trkpt lat="46.2500980793" lon="8.6335306204">
				<ele>1872.1</ele>
				<time>1970-01-01T01:00:00+01:00</time>
				<extensions>
					<swisstopo:routepoint_id>764120395</swisstopo:routepoint_id>
				</extensions>
			</trkpt>
			<trkpt lat="46.2500861273" lon="8.6336166123">
				<ele>1871.3</ele>
				<time>1970-01-01T01:00:00+01:00</time>
				<extensions>
					<swisstopo:routepoint_id>1386348713</swisstopo:routepoint_id>
				</extensions>
			</trkpt>
			<trkpt lat="46.2500809295" lon="8.6337676448">
				<ele>1870.0</ele>
				<time>1970-01-01T01:00:00+01:00</time>
				<extensions>
					<swisstopo:routepoint_id>1285788130</swisstopo:routepoint_id>
				</extensions>
			</trkpt>
			<trkpt lat="46.2500631522" lon="8.6338819180">
				<ele>1868.8</ele>
				<time>1970-01-01T01:00:00+01:00</time>
				<extensions>
					<swisstopo:routepoint_id>851852591</swisstopo:routepoint_id>
				</extensions>
			</trkpt>
			<trkpt lat="46.2500461629" lon="8.6339789786">
				<ele>1868.2</ele>
				<time>1970-01-01T01:00:00+01:00</time>
				<extensions>
					<swisstopo:routepoint_id>693969451</swisstopo:routepoint_id>
				</extensions>
			</trkpt>
			<trkpt lat="46.2500321603" lon="8.6340852168">
				<ele>1867.7</ele>
				<time>1970-01-01T01:00:00+01:00</time>
				<extensions>
					<swisstopo:routepoint_id>767278039</swisstopo:routepoint_id>
				</extensions>
			</trkpt>
			<trkpt lat="46.2500301278" lon="8.6341653061">
				<ele>1866.9</ele>
				<time>1970-01-01T01:00:00+01:00</time>
				<extensions>
					<swisstopo:routepoint_id>387459299</swisstopo:routepoint_id>
				</extensions>
			</trkpt>
			<trkpt lat="46.2500397936" lon="8.6342466339">
				<ele>1865.7</ele>
				<time>1970-01-01T01:00:00+01:00</time>
				<extensions>
					<swisstopo:routepoint_id>697995676</swisstopo:routepoint_id>
				</extensions>
			</trkpt>
			<trkpt lat="46.2500773796" lon="8.6343720994">
				<ele>1863.9</ele>
				<time>1970-01-01T01:00:00+01:00</time>
				<extensions>
					<swisstopo:routepoint_id>1763436278</swisstopo:routepoint_id>
				</extensions>
			</trkpt>
			<trkpt lat="46.2500903789" lon="8.6344281337">
				<ele>1863.0</ele>
				<time>1970-01-01T01:00:00+01:00</time>
				<extensions>
					<swisstopo:routepoint_id>1332035721</swisstopo:routepoint_id>
				</extensions>
			</trkpt>
			<trkpt lat="46.2500951342" lon="8.6345692058">
				<ele>1862.2</ele>
				<time>1970-01-01T01:00:00+01:00</time>
				<extensions>
					<swisstopo:routepoint_id>852456714</swisstopo:routepoint_id>
				</extensions>
			</trkpt>
			<trkpt lat="46.2500754685" lon="8.6346875121">
				<ele>1860.7</ele>
				<time>1970-01-01T01:00:00+01:00</time>
				<extensions>
					<swisstopo:routepoint_id>907948650</swisstopo:routepoint_id>
				</extensions>
			</trkpt>
			<trkpt lat="46.2500400806" lon="8.6348369598">
				<ele>1858.5</ele>
				<time>1970-01-01T01:00:00+01:00</time>
				<extensions>
					<swisstopo:routepoint_id>1181203167</swisstopo:routepoint_id>
				</extensions>
			</trkpt>
			<trkpt lat="46.2500032417" lon="8.6349458114">
				<ele>1856.9</ele>
				<time>1970-01-01T01:00:00+01:00</time>
				<extensions>
					<swisstopo:routepoint_id>342836065</swisstopo:routepoint_id>
				</extensions>
			</trkpt>
			<trkpt lat="46.2499750140" lon="8.6350578725">
				<ele>1855.6</ele>
				<time>1970-01-01T01:00:00+01:00</time>
				<extensions>
					<swisstopo:routepoint_id>765089041</swisstopo:routepoint_id>
				</extensions>
			</trkpt>
			<trkpt lat="46.2499519451" lon="8.6351456806">
				<ele>1854.3</ele>
				<time>1970-01-01T01:00:00+01:00</time>
				<extensions>
					<swisstopo:routepoint_id>472485781</swisstopo:routepoint_id>
				</extensions>
			</trkpt>
			<trkpt lat="46.2499452542" lon="8.6351993128">
				<ele>1853.4</ele>
				<time>1970-01-01T01:00:00+01:00</time>
				<extensions>
					<swisstopo:routepoint_id>946463772</swisstopo:routepoint_id>
				</extensions>
			</trkpt>
			<trkpt lat="46.2499224339" lon="8.6352627822">
				<ele>1852.9</ele>
				<time>1970-01-01T01:00:00+01:00</time>
				<extensions>
					<swisstopo:routepoint_id>1030121706</swisstopo:routepoint_id>
				</extensions>
			</trkpt>
			<trkpt lat="46.2499001577" lon="8.6352714869">
				<ele>1852.3</ele>
				<time>1970-01-01T01:00:00+01:00</time>
				<extensions>
					<swisstopo:routepoint_id>202674182</swisstopo:routepoint_id>
				</extensions>
			</trkpt>
			<trkpt lat="46.2498507867" lon="8.6352776646">
				<ele>1850.9</ele>
				<time>1970-01-01T01:00:00+01:00</time>
				<extensions>
					<swisstopo:routepoint_id>474950741</swisstopo:routepoint_id>
				</extensions>
			</trkpt>
			<trkpt lat="46.2498233428" lon="8.6353106124">
				<ele>1849.8</ele>
				<time>1970-01-01T01:00:00+01:00</time>
				<extensions>
					<swisstopo:routepoint_id>1258492140</swisstopo:routepoint_id>
				</extensions>
			</trkpt>
			<trkpt lat="46.2498038026" lon="8.6353538591">
				<ele>1848.8</ele>
				<time>1970-01-01T01:00:00+01:00</time>
				<extensions>
					<swisstopo:routepoint_id>1842564094</swisstopo:routepoint_id>
				</extensions>
			</trkpt>
			<trkpt lat="46.2497905980" lon="8.6354418551">
				<ele>1847.0</ele>
				<time>1970-01-01T01:00:00+01:00</time>
				<extensions>
					<swisstopo:routepoint_id>2041713431</swisstopo:routepoint_id>
				</extensions>
			</trkpt>
			<trkpt lat="46.2497627917" lon="8.6354484308">
				<ele>1846.2</ele>
				<time>1970-01-01T01:00:00+01:00</time>
				<extensions>
					<swisstopo:routepoint_id>1229456962</swisstopo:routepoint_id>
				</extensions>
			</trkpt>
			<trkpt lat="46.2497127951" lon="8.6354556047">
				<ele>1845.2</ele>
				<time>1970-01-01T01:00:00+01:00</time>
				<extensions>
					<swisstopo:routepoint_id>1828500223</swisstopo:routepoint_id>
				</extensions>
			</trkpt>
			<trkpt lat="46.2496303775" lon="8.6354388393">
				<ele>1844.5</ele>
				<time>1970-01-01T01:00:00+01:00</time>
				<extensions>
					<swisstopo:routepoint_id>159748326</swisstopo:routepoint_id>
				</extensions>
			</trkpt>
			<trkpt lat="46.2495840810" lon="8.6354450592">
				<ele>1844.0</ele>
				<time>1970-01-01T01:00:00+01:00</time>
				<extensions>
					<swisstopo:routepoint_id>918341602</swisstopo:routepoint_id>
				</extensions>
			</trkpt>
			<trkpt lat="46.2495210559" lon="8.6354621255">
				<ele>1843.1</ele>
				<time>1970-01-01T01:00:00+01:00</time>
				<extensions>
					<swisstopo:routepoint_id>1262347879</swisstopo:routepoint_id>
				</extensions>
			</trkpt>
			<trkpt lat="46.2494524291" lon="8.6354705392">
				<ele>1842.5</ele>
				<time>1970-01-01T01:00:00+01:00</time>
				<extensions>
					<swisstopo:routepoint_id>2099920294</swisstopo:routepoint_id>
				</extensions>
			</trkpt>
			<trkpt lat="46.2494132050" lon="8.6354369176">
				<ele>1842.6</ele>
				<time>1970-01-01T01:00:00+01:00</time>
				<extensions>
					<swisstopo:routepoint_id>1880148586</swisstopo:routepoint_id>
				</extensions>
			</trkpt>
			<trkpt lat="46.2493733508" lon="8.6354894181">
				<ele>1841.6</ele>
				<time>1970-01-01T01:00:00+01:00</time>
				<extensions>
					<swisstopo:routepoint_id>330695819</swisstopo:routepoint_id>
				</extensions>
			</trkpt>
			<trkpt lat="46.2492774600" lon="8.6355643409">
				<ele>1839.1</ele>
				<time>1970-01-01T01:00:00+01:00</time>
				<extensions>
					<swisstopo:routepoint_id>1970614018</swisstopo:routepoint_id>
				</extensions>
			</trkpt>
			<trkpt lat="46.2492774600" lon="8.6355643409">
				<ele>1839.1</ele>
				<extensions>
					<swisstopo:waypoint_id>2115592808</swisstopo:waypoint_id>
					<swisstopo:waypoint_is_controlpoint>1</swisstopo:waypoint_is_controlpoint>
					<swisstopo:waypoint_routepoint_id>1970614018</swisstopo:waypoint_routepoint_id>
					<swisstopo:waypoint_meters_into_tour>15165.246673</swisstopo:waypoint_meters_into_tour>
					<swisstopo:waypoint_trackpoint_id>swisstopo-04</swisstopo:waypoint_trackpoint_id>
					<swisstopo:waypoint_original_name>Wegpunkt</swisstopo:waypoint_original_name>
				</extensions>
				<name>swisstopo-04</name>
			</trkpt>
			<trkpt lat="46.2492774609" lon="8.6355643433">
				<ele>1839.1</ele>
				<time>1970-01-01T01:00:00+01:00</time>
				<extensions>
					<swisstopo:routepoint_id>195682750</swisstopo:routepoint_id>
				</extensions>
			</trkpt>
			<trkpt lat="46.2492798605" lon="8.6355800205">
				<ele>1838.9</ele>
				<time>1970-01-01T01:00:00+01:00</time>
				<extensions>
					<swisstopo:routepoint_id>527730900</swisstopo:routepoint_id>
				</extensions>
			</trkpt>
			<trkpt lat="46.2493563176" lon="8.6356361578">
				<ele>1837.2</ele>
				<time>1970-01-01T01:00:00+01:00</time>
				<extensions>
					<swisstopo:routepoint_id>202302280</swisstopo:routepoint_id>
				</extensions>
			</trkpt>
			<trkpt lat="46.2494262838" lon="8.6356996055">
				<ele>1835.2</ele>
				<time>1970-01-01T01:00:00+01:00</time>
				<extensions>
					<swisstopo:routepoint_id>341143016</swisstopo:routepoint_id>
				</extensions>
			</trkpt>
			<trkpt lat="46.2495180300" lon="8.6358070278">
				<ele>1832.3</ele>
				<time>1970-01-01T01:00:00+01:00</time>
				<extensions>
					<swisstopo:routepoint_id>766949501</swisstopo:routepoint_id>
				</extensions>
			</trkpt>
			<trkpt lat="46.2495123104" lon="8.6358211557">
				<ele>1832.0</ele>
				<time>1970-01-01T01:00:00+01:00</time>
				<extensions>
					<swisstopo:routepoint_id>1392403792</swisstopo:routepoint_id>
				</extensions>
			</trkpt>
			<trkpt lat="46.2494196319" lon="8.6358400072">
				<ele>1829.9</ele>
				<time>1970-01-01T01:00:00+01:00</time>
				<extensions>
					<swisstopo:routepoint_id>827740566</swisstopo:routepoint_id>
				</extensions>
			</trkpt>
			<trkpt lat="46.2493269575" lon="8.6358568136">
				<ele>1827.9</ele>
				<time>1970-01-01T01:00:00+01:00</time>
				<extensions>
					<swisstopo:routepoint_id>405590364</swisstopo:routepoint_id>
				</extensions>
			</trkpt>
			<trkpt lat="46.2492640176" lon="8.6358566863">
				<ele>1826.7</ele>
				<time>1970-01-01T01:00:00+01:00</time>
				<extensions>
					<swisstopo:routepoint_id>2100437804</swisstopo:routepoint_id>
				</extensions>
			</trkpt>
			<trkpt lat="46.2492387505" lon="8.6358574414">
				<ele>1826.4</ele>
				<time>1970-01-01T01:00:00+01:00</time>
				<extensions>
					<swisstopo:routepoint_id>1584898882</swisstopo:routepoint_id>
				</extensions>
			</trkpt>
			<trkpt lat="46.2492560254" lon="8.6358829788">
				<ele>1826.0</ele>
				<time>1970-01-01T01:00:00+01:00</time>
				<extensions>
					<swisstopo:routepoint_id>868857737</swisstopo:routepoint_id>
				</extensions>
			</trkpt>
			<trkpt lat="46.2493174274" lon="8.6359462256">
				<ele>1824.3</ele>
				<time>1970-01-01T01:00:00+01:00</time>
				<extensions>
					<swisstopo:routepoint_id>1620220259</swisstopo:routepoint_id>
				</extensions>
			</trkpt>
			<trkpt lat="46.2493974387" lon="8.6360309553">
				<ele>1822.5</ele>
				<time>1970-01-01T01:00:00+01:00</time>
				<extensions>
					<swisstopo:routepoint_id>1164146660</swisstopo:routepoint_id>
				</extensions>
			</trkpt>
			<trkpt lat="46.2493695045" lon="8.6360404818">
				<ele>1821.5</ele>
				<time>1970-01-01T01:00:00+01:00</time>
				<extensions>
					<swisstopo:routepoint_id>1435206195</swisstopo:routepoint_id>
				</extensions>
			</trkpt>
			<trkpt lat="46.2492932839" lon="8.6360400400">
				<ele>1819.9</ele>
				<time>1970-01-01T01:00:00+01:00</time>
				<extensions>
					<swisstopo:routepoint_id>242022556</swisstopo:routepoint_id>
				</extensions>
			</trkpt>
			<trkpt lat="46.2492217674" lon="8.6360417344">
				<ele>1818.4</ele>
				<time>1970-01-01T01:00:00+01:00</time>
				<extensions>
					<swisstopo:routepoint_id>101067609</swisstopo:routepoint_id>
				</extensions>
			</trkpt>
			<trkpt lat="46.2491621151" lon="8.6360538970">
				<ele>1816.5</ele>
				<time>1970-01-01T01:00:00+01:00</time>
				<extensions>
					<swisstopo:routepoint_id>625599913</swisstopo:routepoint_id>
				</extensions>
			</trkpt>
			<trkpt lat="46.2491394199" lon="8.6360540437">
				<ele>1815.5</ele>
				<time>1970-01-01T01:00:00+01:00</time>
				<extensions>
					<swisstopo:routepoint_id>775615958</swisstopo:routepoint_id>
				</extensions>
			</trkpt>
			<trkpt lat="46.2491345683" lon="8.6360675035">
				<ele>1815.0</ele>
				<time>1970-01-01T01:00:00+01:00</time>
				<extensions>
					<swisstopo:routepoint_id>1094311862</swisstopo:routepoint_id>
				</extensions>
			</trkpt>
			<trkpt lat="46.2491612447" lon="8.6360946218">
				<ele>1814.7</ele>
				<time>1970-01-01T01:00:00+01:00</time>
				<extensions>
					<swisstopo:routepoint_id>177210707</swisstopo:routepoint_id>
				</extensions>
			</trkpt>
			<trkpt lat="46.2492327869" lon="8.6361710093">
				<ele>1813.4</ele>
				<time>1970-01-01T01:00:00+01:00</time>
				<extensions>
					<swisstopo:routepoint_id>397449899</swisstopo:routepoint_id>
				</extensions>
			</trkpt>
			<trkpt lat="46.2492729190" lon="8.6362117940">
				<ele>1812.2</ele>
				<time>1970-01-01T01:00:00+01:00</time>
				<extensions>
					<swisstopo:routepoint_id>947439431</swisstopo:routepoint_id>
				</extensions>
			</trkpt>
			<trkpt lat="46.2492988861" lon="8.6362378615">
				<ele>1811.4</ele>
				<time>1970-01-01T01:00:00+01:00</time>
				<extensions>
					<swisstopo:routepoint_id>2109093566</swisstopo:routepoint_id>
				</extensions>
			</trkpt>
			<trkpt lat="46.2493250342" lon="8.6362717278">
				<ele>1810.9</ele>
				<time>1970-01-01T01:00:00+01:00</time>
				<extensions>
					<swisstopo:routepoint_id>1320009466</swisstopo:routepoint_id>
				</extensions>
			</trkpt>
			<trkpt lat="46.2493284971" lon="8.6363031322">
				<ele>1810.3</ele>
				<time>1970-01-01T01:00:00+01:00</time>
				<extensions>
					<swisstopo:routepoint_id>494746605</swisstopo:routepoint_id>
				</extensions>
			</trkpt>
			<trkpt lat="46.2493360297" lon="8.6364306211">
				<ele>1809.9</ele>
				<time>1970-01-01T01:00:00+01:00</time>
				<extensions>
					<swisstopo:routepoint_id>1985758652</swisstopo:routepoint_id>
				</extensions>
			</trkpt>
			<trkpt lat="46.2493315960" lon="8.6364942088">
				<ele>1809.2</ele>
				<time>1970-01-01T01:00:00+01:00</time>
				<extensions>
					<swisstopo:routepoint_id>970566452</swisstopo:routepoint_id>
				</extensions>
			</trkpt>
			<trkpt lat="46.2493134511" lon="8.6365383972">
				<ele>1808.5</ele>
				<time>1970-01-01T01:00:00+01:00</time>
				<extensions>
					<swisstopo:routepoint_id>219620120</swisstopo:routepoint_id>
				</extensions>
			</trkpt>
			<trkpt lat="46.2492767218" lon="8.6365911207">
				<ele>1806.9</ele>
				<time>1970-01-01T01:00:00+01:00</time>
				<extensions>
					<swisstopo:routepoint_id>1819297533</swisstopo:routepoint_id>
				</extensions>
			</trkpt>
			<trkpt lat="46.2492410051" lon="8.6366369929">
				<ele>1805.3</ele>
				<time>1970-01-01T01:00:00+01:00</time>
				<extensions>
					<swisstopo:routepoint_id>2135180684</swisstopo:routepoint_id>
				</extensions>
			</trkpt>
			<trkpt lat="46.2492116645" lon="8.6367104614">
				<ele>1803.2</ele>
				<time>1970-01-01T01:00:00+01:00</time>
				<extensions>
					<swisstopo:routepoint_id>1768311738</swisstopo:routepoint_id>
				</extensions>
			</trkpt>
			<trkpt lat="46.2491918947" lon="8.6367786537">
				<ele>1801.2</ele>
				<time>1970-01-01T01:00:00+01:00</time>
				<extensions>
					<swisstopo:routepoint_id>2002023382</swisstopo:routepoint_id>
				</extensions>
			</trkpt>
			<trkpt lat="46.2491651034" lon="8.6368810051">
				<ele>1798.2</ele>
				<time>1970-01-01T01:00:00+01:00</time>
				<extensions>
					<swisstopo:routepoint_id>1908265046</swisstopo:routepoint_id>
				</extensions>
			</trkpt>
			<trkpt lat="46.2491386173" lon="8.6369545362">
				<ele>1796.4</ele>
				<time>1970-01-01T01:00:00+01:00</time>
				<extensions>
					<swisstopo:routepoint_id>957382136</swisstopo:routepoint_id>
				</extensions>
			</trkpt>
			<trkpt lat="46.2491140867" lon="8.6370226108">
				<ele>1795.1</ele>
				<time>1970-01-01T01:00:00+01:00</time>
				<extensions>
					<swisstopo:routepoint_id>1660886098</swisstopo:routepoint_id>
				</extensions>
			</trkpt>
			<trkpt lat="46.2490780732" lon="8.6370973029">
				<ele>1793.7</ele>
				<time>1970-01-01T01:00:00+01:00</time>
				<extensions>
					<swisstopo:routepoint_id>361359137</swisstopo:routepoint_id>
				</extensions>
			</trkpt>
			<trkpt lat="46.2490584050" lon="8.6371558882">
				<ele>1792.4</ele>
				<time>1970-01-01T01:00:00+01:00</time>
				<extensions>
					<swisstopo:routepoint_id>1439449636</swisstopo:routepoint_id>
				</extensions>
			</trkpt>
			<trkpt lat="46.2490501498" lon="8.6372160987">
				<ele>1790.9</ele>
				<time>1970-01-01T01:00:00+01:00</time>
				<extensions>
					<swisstopo:routepoint_id>1390325332</swisstopo:routepoint_id>
				</extensions>
			</trkpt>
			<trkpt lat="46.2490619736" lon="8.6372685038">
				<ele>1790.0</ele>
				<time>1970-01-01T01:00:00+01:00</time>
				<extensions>
					<swisstopo:routepoint_id>1684216275</swisstopo:routepoint_id>
				</extensions>
			</trkpt>
			<trkpt lat="46.2490566312" lon="8.6373232950">
				<ele>1789.0</ele>
				<time>1970-01-01T01:00:00+01:00</time>
				<extensions>
					<swisstopo:routepoint_id>480217544</swisstopo:routepoint_id>
				</extensions>
			</trkpt>
			<trkpt lat="46.2490694705" lon="8.6373702357">
				<ele>1788.5</ele>
				<time>1970-01-01T01:00:00+01:00</time>
				<extensions>
					<swisstopo:routepoint_id>420752222</swisstopo:routepoint_id>
				</extensions>
			</trkpt>
			<trkpt lat="46.2490756342" lon="8.6374170326">
				<ele>1788.1</ele>
				<time>1970-01-01T01:00:00+01:00</time>
				<extensions>
					<swisstopo:routepoint_id>1581135190</swisstopo:routepoint_id>
				</extensions>
			</trkpt>
			<trkpt lat="46.2490642915" lon="8.6374991285">
				<ele>1786.8</ele>
				<time>1970-01-01T01:00:00+01:00</time>
				<extensions>
					<swisstopo:routepoint_id>1378197703</swisstopo:routepoint_id>
				</extensions>
			</trkpt>
			<trkpt lat="46.2490665354" lon="8.6375568222">
				<ele>1785.7</ele>
				<time>1970-01-01T01:00:00+01:00</time>
				<extensions>
					<swisstopo:routepoint_id>1063079050</swisstopo:routepoint_id>
				</extensions>
			</trkpt>
			<trkpt lat="46.2490634479" lon="8.6375787234">
				<ele>1785.3</ele>
				<time>1970-01-01T01:00:00+01:00</time>
				<extensions>
					<swisstopo:routepoint_id>809606282</swisstopo:routepoint_id>
				</extensions>
			</trkpt>
			<trkpt lat="46.2490475593" lon="8.6375509175">
				<ele>1784.7</ele>
				<time>1970-01-01T01:00:00+01:00</time>
				<extensions>
					<swisstopo:routepoint_id>1613890246</swisstopo:routepoint_id>
				</extensions>
			</trkpt>
			<trkpt lat="46.2490035130" lon="8.6374840716">
				<ele>1782.9</ele>
				<time>1970-01-01T01:00:00+01:00</time>
				<extensions>
					<swisstopo:routepoint_id>1154239395</swisstopo:routepoint_id>
				</extensions>
			</trkpt>
			<trkpt lat="46.2489518804" lon="8.6374143075">
				<ele>1781.5</ele>
				<time>1970-01-01T01:00:00+01:00</time>
				<extensions>
					<swisstopo:routepoint_id>448389206</swisstopo:routepoint_id>
				</extensions>
			</trkpt>
			<trkpt lat="46.2489217238" lon="8.6373848262">
				<ele>1780.5</ele>
				<time>1970-01-01T01:00:00+01:00</time>
				<extensions>
					<swisstopo:routepoint_id>378166058</swisstopo:routepoint_id>
				</extensions>
			</trkpt>
			<trkpt lat="46.2489020026" lon="8.6373596873">
				<ele>1779.8</ele>
				<time>1970-01-01T01:00:00+01:00</time>
				<extensions>
					<swisstopo:routepoint_id>146872431</swisstopo:routepoint_id>
				</extensions>
			</trkpt>
			<trkpt lat="46.2489011592" lon="8.6374392692">
				<ele>1778.5</ele>
				<time>1970-01-01T01:00:00+01:00</time>
				<extensions>
					<swisstopo:routepoint_id>215600789</swisstopo:routepoint_id>
				</extensions>
			</trkpt>
			<trkpt lat="46.2488784035" lon="8.6375197395">
				<ele>1776.7</ele>
				<time>1970-01-01T01:00:00+01:00</time>
				<extensions>
					<swisstopo:routepoint_id>1224924081</swisstopo:routepoint_id>
				</extensions>
			</trkpt>
			<trkpt lat="46.2488680093" lon="8.6376018592">
				<ele>1775.5</ele>
				<time>1970-01-01T01:00:00+01:00</time>
				<extensions>
					<swisstopo:routepoint_id>452692826</swisstopo:routepoint_id>
				</extensions>
			</trkpt>
			<trkpt lat="46.2488602571" lon="8.6376154195">
				<ele>1775.5</ele>
				<time>1970-01-01T01:00:00+01:00</time>
				<extensions>
					<swisstopo:routepoint_id>123334914</swisstopo:routepoint_id>
				</extensions>
			</trkpt>
			<trkpt lat="46.2488480264" lon="8.6376014191">
				<ele>1775.2</ele>
				<time>1970-01-01T01:00:00+01:00</time>
				<extensions>
					<swisstopo:routepoint_id>349443013</swisstopo:routepoint_id>
				</extensions>
			</trkpt>
			<trkpt lat="46.2488334208" lon="8.6375420794">
				<ele>1774.6</ele>
				<time>1970-01-01T01:00:00+01:00</time>
				<extensions>
					<swisstopo:routepoint_id>275126484</swisstopo:routepoint_id>
				</extensions>
			</trkpt>
			<trkpt lat="46.2488064010" lon="8.6374852144">
				<ele>1773.9</ele>
				<time>1970-01-01T01:00:00+01:00</time>
				<extensions>
					<swisstopo:routepoint_id>166461118</swisstopo:routepoint_id>
				</extensions>
			</trkpt>
			<trkpt lat="46.2487784268" lon="8.6374297058">
				<ele>1773.3</ele>
				<time>1970-01-01T01:00:00+01:00</time>
				<extensions>
					<swisstopo:routepoint_id>982869416</swisstopo:routepoint_id>
				</extensions>
			</trkpt>
			<trkpt lat="46.2487670952" lon="8.6374212214">
				<ele>1772.9</ele>
				<time>1970-01-01T01:00:00+01:00</time>
				<extensions>
					<swisstopo:routepoint_id>598792030</swisstopo:routepoint_id>
				</extensions>
			</trkpt>
			<trkpt lat="46.2487602975" lon="8.6374334161">
				<ele>1772.7</ele>
				<time>1970-01-01T01:00:00+01:00</time>
				<extensions>
					<swisstopo:routepoint_id>1964757799</swisstopo:routepoint_id>
				</extensions>
			</trkpt>
			<trkpt lat="46.2487606063" lon="8.6374938149">
				<ele>1771.8</ele>
				<time>1970-01-01T01:00:00+01:00</time>
				<extensions>
					<swisstopo:routepoint_id>226915637</swisstopo:routepoint_id>
				</extensions>
			</trkpt>
			<trkpt lat="46.2487487512" lon="8.6375347280">
				<ele>1771.2</ele>
				<time>1970-01-01T01:00:00+01:00</time>
				<extensions>
					<swisstopo:routepoint_id>810929602</swisstopo:routepoint_id>
				</extensions>
			</trkpt>
			<trkpt lat="46.2487295278" lon="8.6375521484">
				<ele>1770.5</ele>
				<time>1970-01-01T01:00:00+01:00</time>
				<extensions>
					<swisstopo:routepoint_id>341137284</swisstopo:routepoint_id>
				</extensions>
			</trkpt>
			<trkpt lat="46.2486857879" lon="8.6376362815">
				<ele>1768.7</ele>
				<time>1970-01-01T01:00:00+01:00</time>
				<extensions>
					<swisstopo:routepoint_id>1546905909</swisstopo:routepoint_id>
				</extensions>
			</trkpt>
			<trkpt lat="46.2486717852" lon="8.6376991036">
				<ele>1767.7</ele>
				<time>1970-01-01T01:00:00+01:00</time>
				<extensions>
					<swisstopo:routepoint_id>1665416148</swisstopo:routepoint_id>
				</extensions>
			</trkpt>
			<trkpt lat="46.2486719572" lon="8.6377732177">
				<ele>1766.6</ele>
				<time>1970-01-01T01:00:00+01:00</time>
				<extensions>
					<swisstopo:routepoint_id>270560765</swisstopo:routepoint_id>
				</extensions>
			</trkpt>
			<trkpt lat="46.2486710263" lon="8.6378610290">
				<ele>1764.5</ele>
				<time>1970-01-01T01:00:00+01:00</time>
				<extensions>
					<swisstopo:routepoint_id>824626509</swisstopo:routepoint_id>
				</extensions>
			</trkpt>
			<trkpt lat="46.2486567121" lon="8.6379540449">
				<ele>1761.7</ele>
				<time>1970-01-01T01:00:00+01:00</time>
				<extensions>
					<swisstopo:routepoint_id>959232091</swisstopo:routepoint_id>
				</extensions>
			</trkpt>
			<trkpt lat="46.2486559701" lon="8.6380240324">
				<ele>1759.6</ele>
				<time>1970-01-01T01:00:00+01:00</time>
				<extensions>
					<swisstopo:routepoint_id>969573110</swisstopo:routepoint_id>
				</extensions>
			</trkpt>
			<trkpt lat="46.2486611064" lon="8.6380790381">
				<ele>1758.8</ele>
				<time>1970-01-01T01:00:00+01:00</time>
				<extensions>
					<swisstopo:routepoint_id>103081085</swisstopo:routepoint_id>
				</extensions>
			</trkpt>
			<trkpt lat="46.2486487795" lon="8.6380732798">
				<ele>1758.5</ele>
				<time>1970-01-01T01:00:00+01:00</time>
				<extensions>
					<swisstopo:routepoint_id>1249503489</swisstopo:routepoint_id>
				</extensions>
			</trkpt>
			<trkpt lat="46.2486207184" lon="8.6380259912">
				<ele>1757.7</ele>
				<time>1970-01-01T01:00:00+01:00</time>
				<extensions>
					<swisstopo:routepoint_id>1505156819</swisstopo:routepoint_id>
				</extensions>
			</trkpt>
			<trkpt lat="46.2485944817" lon="8.6379856132">
				<ele>1757.0</ele>
				<time>1970-01-01T01:00:00+01:00</time>
				<extensions>
					<swisstopo:routepoint_id>771528908</swisstopo:routepoint_id>
				</extensions>
			</trkpt>
			<trkpt lat="46.2485768704" lon="8.6379413030">
				<ele>1756.3</ele>
				<time>1970-01-01T01:00:00+01:00</time>
				<extensions>
					<swisstopo:routepoint_id>1911791105</swisstopo:routepoint_id>
				</extensions>
			</trkpt>
			<trkpt lat="46.2485637402" lon="8.6379218087">
				<ele>1755.5</ele>
				<time>1970-01-01T01:00:00+01:00</time>
				<extensions>
					<swisstopo:routepoint_id>2056323303</swisstopo:routepoint_id>
				</extensions>
			</trkpt>
			<trkpt lat="46.2485263699" lon="8.6378551070">
				<ele>1753.9</ele>
				<time>1970-01-01T01:00:00+01:00</time>
				<extensions>
					<swisstopo:routepoint_id>361217076</swisstopo:routepoint_id>
				</extensions>
			</trkpt>
			<trkpt lat="46.2485193103" lon="8.6378920002">
				<ele>1753.2</ele>
				<time>1970-01-01T01:00:00+01:00</time>
				<extensions>
					<swisstopo:routepoint_id>1235724187</swisstopo:routepoint_id>
				</extensions>
			</trkpt>
			<trkpt lat="46.2485057438" lon="8.6379136703">
				<ele>1752.1</ele>
				<time>1970-01-01T01:00:00+01:00</time>
				<extensions>
					<swisstopo:routepoint_id>1007366963</swisstopo:routepoint_id>
				</extensions>
			</trkpt>
			<trkpt lat="46.2484908126" lon="8.6378858889">
				<ele>1751.3</ele>
				<time>1970-01-01T01:00:00+01:00</time>
				<extensions>
					<swisstopo:routepoint_id>232788417</swisstopo:routepoint_id>
				</extensions>
			</trkpt>
			<trkpt lat="46.2484496359" lon="8.6378177294">
				<ele>1749.0</ele>
				<time>1970-01-01T01:00:00+01:00</time>
				<extensions>
					<swisstopo:routepoint_id>1300725625</swisstopo:routepoint_id>
				</extensions>
			</trkpt>
			<trkpt lat="46.2484245892" lon="8.6377554247">
				<ele>1747.9</ele>
				<time>1970-01-01T01:00:00+01:00</time>
				<extensions>
					<swisstopo:routepoint_id>1841663253</swisstopo:routepoint_id>
				</extensions>
			</trkpt>
			<trkpt lat="46.2484081010" lon="8.6376946699">
				<ele>1746.9</ele>
				<time>1970-01-01T01:00:00+01:00</time>
				<extensions>
					<swisstopo:routepoint_id>92265875</swisstopo:routepoint_id>
				</extensions>
			</trkpt>
			<trkpt lat="46.2483926980" lon="8.6376202176">
				<ele>1745.0</ele>
				<time>1970-01-01T01:00:00+01:00</time>
				<extensions>
					<swisstopo:routepoint_id>875481068</swisstopo:routepoint_id>
				</extensions>
			</trkpt>
			<trkpt lat="46.2483837000" lon="8.6375706107">
				<ele>1743.7</ele>
				<time>1970-01-01T01:00:00+01:00</time>
				<extensions>
					<swisstopo:routepoint_id>177566341</swisstopo:routepoint_id>
				</extensions>
			</trkpt>
			<trkpt lat="46.2483708585" lon="8.6376142372">
				<ele>1743.1</ele>
				<time>1970-01-01T01:00:00+01:00</time>
				<extensions>
					<swisstopo:routepoint_id>2104357443</swisstopo:routepoint_id>
				</extensions>
			</trkpt>
			<trkpt lat="46.2483626553" lon="8.6376703386">
				<ele>1742.9</ele>
				<time>1970-01-01T01:00:00+01:00</time>
				<extensions>
					<swisstopo:routepoint_id>1514057245</swisstopo:routepoint_id>
				</extensions>
			</trkpt>
			<trkpt lat="46.2483464993" lon="8.6377564401">
				<ele>1741.7</ele>
				<time>1970-01-01T01:00:00+01:00</time>
				<extensions>
					<swisstopo:routepoint_id>1823818102</swisstopo:routepoint_id>
				</extensions>
			</trkpt>
			<trkpt lat="46.2483394080" lon="8.6378866631">
				<ele>1739.4</ele>
				<time>1970-01-01T01:00:00+01:00</time>
				<extensions>
					<swisstopo:routepoint_id>349186967</swisstopo:routepoint_id>
				</extensions>
			</trkpt>
			<trkpt lat="46.2483240142" lon="8.6379920147">
				<ele>1736.9</ele>
				<time>1970-01-01T01:00:00+01:00</time>
				<extensions>
					<swisstopo:routepoint_id>755953779</swisstopo:routepoint_id>
				</extensions>
			</trkpt>
			<trkpt lat="46.2483117428" lon="8.6380713408">
				<ele>1735.0</ele>
				<time>1970-01-01T01:00:00+01:00</time>
				<extensions>
					<swisstopo:routepoint_id>1935346075</swisstopo:routepoint_id>
				</extensions>
			</trkpt>
			<trkpt lat="46.2482907181" lon="8.6381683176">
				<ele>1733.0</ele>
				<time>1970-01-01T01:00:00+01:00</time>
				<extensions>
					<swisstopo:routepoint_id>1623620515</swisstopo:routepoint_id>
				</extensions>
			</trkpt>
			<trkpt lat="46.2482813973" lon="8.6382394771">
				<ele>1731.6</ele>
				<time>1970-01-01T01:00:00+01:00</time>
				<extensions>
					<swisstopo:routepoint_id>827493376</swisstopo:routepoint_id>
				</extensions>
			</trkpt>
			<trkpt lat="46.2482745413" lon="8.6382571696">
				<ele>1731.4</ele>
				<time>1970-01-01T01:00:00+01:00</time>
				<extensions>
					<swisstopo:routepoint_id>1292997102</swisstopo:routepoint_id>
				</extensions>
			</trkpt>
			<trkpt lat="46.2482575294" lon="8.6382458213">
				<ele>1730.6</ele>
				<time>1970-01-01T01:00:00+01:00</time>
				<extensions>
					<swisstopo:routepoint_id>70576518</swisstopo:routepoint_id>
				</extensions>
			</trkpt>
			<trkpt lat="46.2482171996" lon="8.6381872925">
				<ele>1728.9</ele>
				<time>1970-01-01T01:00:00+01:00</time>
				<extensions>
					<swisstopo:routepoint_id>722279400</swisstopo:routepoint_id>
				</extensions>
			</trkpt>
			<trkpt lat="46.2481928836" lon="8.6381455829">
				<ele>1727.3</ele>
				<time>1970-01-01T01:00:00+01:00</time>
				<extensions>
					<swisstopo:routepoint_id>706184056</swisstopo:routepoint_id>
				</extensions>
			</trkpt>
			<trkpt lat="46.2481586883" lon="8.6380487511">
				<ele>1724.7</ele>
				<time>1970-01-01T01:00:00+01:00</time>
				<extensions>
					<swisstopo:routepoint_id>1448471303</swisstopo:routepoint_id>
				</extensions>
			</trkpt>
			<trkpt lat="46.2481270476" lon="8.6379794406">
				<ele>1722.7</ele>
				<time>1970-01-01T01:00:00+01:00</time>
				<extensions>
					<swisstopo:routepoint_id>721545424</swisstopo:routepoint_id>
				</extensions>
			</trkpt>
			<trkpt lat="46.2481018120" lon="8.6379349629">
				<ele>1721.8</ele>
				<time>1970-01-01T01:00:00+01:00</time>
				<extensions>
					<swisstopo:routepoint_id>1857212250</swisstopo:routepoint_id>
				</extensions>
			</trkpt>
			<trkpt lat="46.2480842355" lon="8.6378865413">
				<ele>1721.0</ele>
				<time>1970-01-01T01:00:00+01:00</time>
				<extensions>
					<swisstopo:routepoint_id>1611899939</swisstopo:routepoint_id>
				</extensions>
			</trkpt>
			<trkpt lat="46.2480750341" lon="8.6378561350">
				<ele>1720.9</ele>
				<time>1970-01-01T01:00:00+01:00</time>
				<extensions>
					<swisstopo:routepoint_id>1479035825</swisstopo:routepoint_id>
				</extensions>
			</trkpt>
			<trkpt lat="46.2480639555" lon="8.6378229552">
				<ele>1720.4</ele>
				<time>1970-01-01T01:00:00+01:00</time>
				<extensions>
					<swisstopo:routepoint_id>1485196031</swisstopo:routepoint_id>
				</extensions>
			</trkpt>
			<trkpt lat="46.2480587235" lon="8.6378681358">
				<ele>1719.5</ele>
				<time>1970-01-01T01:00:00+01:00</time>
				<extensions>
					<swisstopo:routepoint_id>1596317164</swisstopo:routepoint_id>
				</extensions>
			</trkpt>
			<trkpt lat="46.2480463066" lon="8.6379611924">
				<ele>1717.7</ele>
				<time>1970-01-01T01:00:00+01:00</time>
				<extensions>
					<swisstopo:routepoint_id>410311832</swisstopo:routepoint_id>
				</extensions>
			</trkpt>
			<trkpt lat="46.2480205591" lon="8.6380553166">
				<ele>1716.0</ele>
				<time>1970-01-01T01:00:00+01:00</time>
				<extensions>
					<swisstopo:routepoint_id>676066918</swisstopo:routepoint_id>
				</extensions>
			</trkpt>
			<trkpt lat="46.2480133247" lon="8.6381086877">
				<ele>1715.3</ele>
				<time>1970-01-01T01:00:00+01:00</time>
				<extensions>
					<swisstopo:routepoint_id>1048956340</swisstopo:routepoint_id>
				</extensions>
			</trkpt>
			<trkpt lat="46.2480128882" lon="8.6381498518">
				<ele>1714.9</ele>
				<time>1970-01-01T01:00:00+01:00</time>
				<extensions>
					<swisstopo:routepoint_id>128428659</swisstopo:routepoint_id>
				</extensions>
			</trkpt>
			<trkpt lat="46.2479920381" lon="8.6382303624">
				<ele>1713.0</ele>
				<time>1970-01-01T01:00:00+01:00</time>
				<extensions>
					<swisstopo:routepoint_id>2082482210</swisstopo:routepoint_id>
				</extensions>
			</trkpt>
			<trkpt lat="46.2479818996" lon="8.6382891561">
				<ele>1711.8</ele>
				<time>1970-01-01T01:00:00+01:00</time>
				<extensions>
					<swisstopo:routepoint_id>1313187358</swisstopo:routepoint_id>
				</extensions>
			</trkpt>
			<trkpt lat="46.2479784832" lon="8.6383412246">
				<ele>1710.3</ele>
				<time>1970-01-01T01:00:00+01:00</time>
				<extensions>
					<swisstopo:routepoint_id>140522542</swisstopo:routepoint_id>
				</extensions>
			</trkpt>
			<trkpt lat="46.2479823795" lon="8.6384236577">
				<ele>1708.2</ele>
				<time>1970-01-01T01:00:00+01:00</time>
				<extensions>
					<swisstopo:routepoint_id>425244557</swisstopo:routepoint_id>
				</extensions>
			</trkpt>
			<trkpt lat="46.2479929105" lon="8.6385076111">
				<ele>1706.8</ele>
				<time>1970-01-01T01:00:00+01:00</time>
				<extensions>
					<swisstopo:routepoint_id>1664096912</swisstopo:routepoint_id>
				</extensions>
			</trkpt>
			<trkpt lat="46.2479759482" lon="8.6384907678">
				<ele>1706.3</ele>
				<time>1970-01-01T01:00:00+01:00</time>
				<extensions>
					<swisstopo:routepoint_id>135392079</swisstopo:routepoint_id>
				</extensions>
			</trkpt>
			<trkpt lat="46.2479316842" lon="8.6384445060">
				<ele>1705.2</ele>
				<time>1970-01-01T01:00:00+01:00</time>
				<extensions>
					<swisstopo:routepoint_id>1508907471</swisstopo:routepoint_id>
				</extensions>
			</trkpt>
			<trkpt lat="46.2478902983" lon="8.6383969242">
				<ele>1704.1</ele>
				<time>1970-01-01T01:00:00+01:00</time>
				<extensions>
					<swisstopo:routepoint_id>501231887</swisstopo:routepoint_id>
				</extensions>
			</trkpt>
			<trkpt lat="46.2478631655" lon="8.6383524173">
				<ele>1703.5</ele>
				<time>1970-01-01T01:00:00+01:00</time>
				<extensions>
					<swisstopo:routepoint_id>1755170476</swisstopo:routepoint_id>
				</extensions>
			</trkpt>
			<trkpt lat="46.2478351247" lon="8.6383023912">
				<ele>1702.7</ele>
				<time>1970-01-01T01:00:00+01:00</time>
				<extensions>
					<swisstopo:routepoint_id>758103466</swisstopo:routepoint_id>
				</extensions>
			</trkpt>
			<trkpt lat="46.2478089173" lon="8.6382592661">
				<ele>1701.9</ele>
				<time>1970-01-01T01:00:00+01:00</time>
				<extensions>
					<swisstopo:routepoint_id>2035955675</swisstopo:routepoint_id>
				</extensions>
			</trkpt>
			<trkpt lat="46.2477906687" lon="8.6381847518">
				<ele>1700.9</ele>
				<time>1970-01-01T01:00:00+01:00</time>
				<extensions>
					<swisstopo:routepoint_id>873050099</swisstopo:routepoint_id>
				</extensions>
			</trkpt>
			<trkpt lat="46.2477815836" lon="8.6381433813">
				<ele>1700.2</ele>
				<time>1970-01-01T01:00:00+01:00</time>
				<extensions>
					<swisstopo:routepoint_id>2075944051</swisstopo:routepoint_id>
				</extensions>
			</trkpt>
			<trkpt lat="46.2477721146" lon="8.6381390474">
				<ele>1699.9</ele>
				<time>1970-01-01T01:00:00+01:00</time>
				<extensions>
					<swisstopo:routepoint_id>642348973</swisstopo:routepoint_id>
				</extensions>
			</trkpt>
			<trkpt lat="46.2477621274" lon="8.6381827489">
				<ele>1698.9</ele>
				<time>1970-01-01T01:00:00+01:00</time>
				<extensions>
					<swisstopo:routepoint_id>1553043997</swisstopo:routepoint_id>
				</extensions>
			</trkpt>
			<trkpt lat="46.2477403779" lon="8.6382577558">
				<ele>1697.5</ele>
				<time>1970-01-01T01:00:00+01:00</time>
				<extensions>
					<swisstopo:routepoint_id>105213976</swisstopo:routepoint_id>
				</extensions>
			</trkpt>
			<trkpt lat="46.2477211718" lon="8.6383630063">
				<ele>1695.3</ele>
				<time>1970-01-01T01:00:00+01:00</time>
				<extensions>
					<swisstopo:routepoint_id>586813046</swisstopo:routepoint_id>
				</extensions>
			</trkpt>
			<trkpt lat="46.2477155669" lon="8.6384424816">
				<ele>1693.6</ele>
				<time>1970-01-01T01:00:00+01:00</time>
				<extensions>
					<swisstopo:routepoint_id>769588863</swisstopo:routepoint_id>
				</extensions>
			</trkpt>
			<trkpt lat="46.2477146354" lon="8.6385303040">
				<ele>1691.9</ele>
				<time>1970-01-01T01:00:00+01:00</time>
				<extensions>
					<swisstopo:routepoint_id>733976</swisstopo:routepoint_id>
				</extensions>
			</trkpt>
			<trkpt lat="46.2477236209" lon="8.6386704885">
				<ele>1689.1</ele>
				<time>1970-01-01T01:00:00+01:00</time>
				<extensions>
					<swisstopo:routepoint_id>996455454</swisstopo:routepoint_id>
				</extensions>
			</trkpt>
			<trkpt lat="46.2477376233" lon="8.6387874568">
				<ele>1686.4</ele>
				<time>1970-01-01T01:00:00+01:00</time>
				<extensions>
					<swisstopo:routepoint_id>1984055012</swisstopo:routepoint_id>
				</extensions>
			</trkpt>
			<trkpt lat="46.2477596691" lon="8.6388634164">
				<ele>1685.0</ele>
				<time>1970-01-01T01:00:00+01:00</time>
				<extensions>
					<swisstopo:routepoint_id>1389993246</swisstopo:routepoint_id>
				</extensions>
			</trkpt>
			<trkpt lat="46.2477850062" lon="8.6388982878">
				<ele>1685.2</ele>
				<time>1970-01-01T01:00:00+01:00</time>
				<extensions>
					<swisstopo:routepoint_id>372016219</swisstopo:routepoint_id>
				</extensions>
			</trkpt>
			<trkpt lat="46.2478189221" lon="8.6389319712">
				<ele>1684.9</ele>
				<time>1970-01-01T01:00:00+01:00</time>
				<extensions>
					<swisstopo:routepoint_id>15582775</swisstopo:routepoint_id>
				</extensions>
			</trkpt>
			<trkpt lat="46.2478449692" lon="8.6389901884">
				<ele>1683.6</ele>
				<time>1970-01-01T01:00:00+01:00</time>
				<extensions>
					<swisstopo:routepoint_id>1068723993</swisstopo:routepoint_id>
				</extensions>
			</trkpt>
			<trkpt lat="46.2478512923" lon="8.6390218927">
				<ele>1682.8</ele>
				<time>1970-01-01T01:00:00+01:00</time>
				<extensions>
					<swisstopo:routepoint_id>809129113</swisstopo:routepoint_id>
				</extensions>
			</trkpt>
			<trkpt lat="46.2478511320" lon="8.6390369972">
				<ele>1682.8</ele>
				<time>1970-01-01T01:00:00+01:00</time>
				<extensions>
					<swisstopo:routepoint_id>547360824</swisstopo:routepoint_id>
				</extensions>
			</trkpt>
			<trkpt lat="46.2478256202" lon="8.6390185912">
				<ele>1682.1</ele>
				<time>1970-01-01T01:00:00+01:00</time>
				<extensions>
					<swisstopo:routepoint_id>281883173</swisstopo:routepoint_id>
				</extensions>
			</trkpt>
			<trkpt lat="46.2478009260" lon="8.6390125474">
				<ele>1681.2</ele>
				<time>1970-01-01T01:00:00+01:00</time>
				<extensions>
					<swisstopo:routepoint_id>741068355</swisstopo:routepoint_id>
				</extensions>
			</trkpt>
			<trkpt lat="46.2477619436" lon="8.6390075753">
				<ele>1680.1</ele>
				<time>1970-01-01T01:00:00+01:00</time>
				<extensions>
					<swisstopo:routepoint_id>1883252630</swisstopo:routepoint_id>
				</extensions>
			</trkpt>
			<trkpt lat="46.2477372493" lon="8.6390015473">
				<ele>1679.5</ele>
				<time>1970-01-01T01:00:00+01:00</time>
				<extensions>
					<swisstopo:routepoint_id>2135389765</swisstopo:routepoint_id>
				</extensions>
			</trkpt>
			<trkpt lat="46.2477020792" lon="8.6389966466">
				<ele>1678.2</ele>
				<time>1970-01-01T01:00:00+01:00</time>
				<extensions>
					<swisstopo:routepoint_id>1657237653</swisstopo:routepoint_id>
				</extensions>
			</trkpt>
			<trkpt lat="46.2476678139" lon="8.6389958911">
				<ele>1677.1</ele>
				<time>1970-01-01T01:00:00+01:00</time>
				<extensions>
					<swisstopo:routepoint_id>1796574094</swisstopo:routepoint_id>
				</extensions>
			</trkpt>
			<trkpt lat="46.2476422059" lon="8.6389857177">
				<ele>1676.4</ele>
				<time>1970-01-01T01:00:00+01:00</time>
				<extensions>
					<swisstopo:routepoint_id>5130462</swisstopo:routepoint_id>
				</extensions>
			</trkpt>
			<trkpt lat="46.2476234249" lon="8.6389605996">
				<ele>1676.0</ele>
				<time>1970-01-01T01:00:00+01:00</time>
				<extensions>
					<swisstopo:routepoint_id>1063820734</swisstopo:routepoint_id>
				</extensions>
			</trkpt>
			<trkpt lat="46.2475987975" lon="8.6389490866">
				<ele>1675.6</ele>
				<time>1970-01-01T01:00:00+01:00</time>
				<extensions>
					<swisstopo:routepoint_id>1162865025</swisstopo:routepoint_id>
				</extensions>
			</trkpt>
			<trkpt lat="46.2475609968" lon="8.6389221751">
				<ele>1674.9</ele>
				<time>1970-01-01T01:00:00+01:00</time>
				<extensions>
					<swisstopo:routepoint_id>527705251</swisstopo:routepoint_id>
				</extensions>
			</trkpt>
			<trkpt lat="46.2475291384" lon="8.6388734388">
				<ele>1674.2</ele>
				<time>1970-01-01T01:00:00+01:00</time>
				<extensions>
					<swisstopo:routepoint_id>750804005</swisstopo:routepoint_id>
				</extensions>
			</trkpt>
			<trkpt lat="46.2475039411" lon="8.6388262140">
				<ele>1673.4</ele>
				<time>1970-01-01T01:00:00+01:00</time>
				<extensions>
					<swisstopo:routepoint_id>612759860</swisstopo:routepoint_id>
				</extensions>
			</trkpt>
			<trkpt lat="46.2474964187" lon="8.6388164394">
				<ele>1673.4</ele>
				<time>1970-01-01T01:00:00+01:00</time>
				<extensions>
					<swisstopo:routepoint_id>882120377</swisstopo:routepoint_id>
				</extensions>
			</trkpt>
			<trkpt lat="46.2474893093" lon="8.6388588300">
				<ele>1672.4</ele>
				<time>1970-01-01T01:00:00+01:00</time>
				<extensions>
					<swisstopo:routepoint_id>829643063</swisstopo:routepoint_id>
				</extensions>
			</trkpt>
			<trkpt lat="46.2474771101" lon="8.6389312957">
				<ele>1670.7</ele>
				<time>1970-01-01T01:00:00+01:00</time>
				<extensions>
					<swisstopo:routepoint_id>1393606702</swisstopo:routepoint_id>
				</extensions>
			</trkpt>
			<trkpt lat="46.2474756518" lon="8.6389793101">
				<ele>1669.8</ele>
				<time>1970-01-01T01:00:00+01:00</time>
				<extensions>
					<swisstopo:routepoint_id>1467489750</swisstopo:routepoint_id>
				</extensions>
			</trkpt>
			<trkpt lat="46.2474892644" lon="8.6390427362">
				<ele>1668.7</ele>
				<time>1970-01-01T01:00:00+01:00</time>
				<extensions>
					<swisstopo:routepoint_id>1970730075</swisstopo:routepoint_id>
				</extensions>
			</trkpt>
			<trkpt lat="46.2475144179" lon="8.6390940728">
				<ele>1667.2</ele>
				<time>1970-01-01T01:00:00+01:00</time>
				<extensions>
					<swisstopo:routepoint_id>55535927</swisstopo:routepoint_id>
				</extensions>
			</trkpt>
			<trkpt lat="46.2475010728" lon="8.6390965139">
				<ele>1667.0</ele>
				<time>1970-01-01T01:00:00+01:00</time>
				<extensions>
					<swisstopo:routepoint_id>783455133</swisstopo:routepoint_id>
				</extensions>
			</trkpt>
			<trkpt lat="46.2474802400" lon="8.6390850845">
				<ele>1666.6</ele>
				<time>1970-01-01T01:00:00+01:00</time>
				<extensions>
					<swisstopo:routepoint_id>104480000</swisstopo:routepoint_id>
				</extensions>
			</trkpt>
			<trkpt lat="46.2474450028" lon="8.6390856815">
				<ele>1665.9</ele>
				<time>1970-01-01T01:00:00+01:00</time>
				<extensions>
					<swisstopo:routepoint_id>1737841240</swisstopo:routepoint_id>
				</extensions>
			</trkpt>
			<trkpt lat="46.2473985943" lon="8.6390626928">
				<ele>1664.7</ele>
				<time>1970-01-01T01:00:00+01:00</time>
				<extensions>
					<swisstopo:routepoint_id>933017499</swisstopo:routepoint_id>
				</extensions>
			</trkpt>
			<trkpt lat="46.2473465637" lon="8.6390313551">
				<ele>1663.4</ele>
				<time>1970-01-01T01:00:00+01:00</time>
				<extensions>
					<swisstopo:routepoint_id>758224377</swisstopo:routepoint_id>
				</extensions>
			</trkpt>
			<trkpt lat="46.2473044010" lon="8.6389659256">
				<ele>1661.7</ele>
				<time>1970-01-01T01:00:00+01:00</time>
				<extensions>
					<swisstopo:routepoint_id>624439235</swisstopo:routepoint_id>
				</extensions>
			</trkpt>
			<trkpt lat="46.2472914278" lon="8.6390219047">
				<ele>1660.6</ele>
				<time>1970-01-01T01:00:00+01:00</time>
				<extensions>
					<swisstopo:routepoint_id>1968472237</swisstopo:routepoint_id>
				</extensions>
			</trkpt>
			<trkpt lat="46.2472702363" lon="8.6391353481">
				<ele>1657.9</ele>
				<time>1970-01-01T01:00:00+01:00</time>
				<extensions>
					<swisstopo:routepoint_id>321269253</swisstopo:routepoint_id>
				</extensions>
			</trkpt>
			<trkpt lat="46.2472647619" lon="8.6392024752">
				<ele>1656.7</ele>
				<time>1970-01-01T01:00:00+01:00</time>
				<extensions>
					<swisstopo:routepoint_id>1710370753</swisstopo:routepoint_id>
				</extensions>
			</trkpt>
			<trkpt lat="46.2472477648" lon="8.6391897437">
				<ele>1656.2</ele>
				<time>1970-01-01T01:00:00+01:00</time>
				<extensions>
					<swisstopo:routepoint_id>1615705599</swisstopo:routepoint_id>
				</extensions>
			</trkpt>
			<trkpt lat="46.2472271506" lon="8.6391577246">
				<ele>1655.4</ele>
				<time>1970-01-01T01:00:00+01:00</time>
				<extensions>
					<swisstopo:routepoint_id>786840820</swisstopo:routepoint_id>
				</extensions>
			</trkpt>
			<trkpt lat="46.2472073918" lon="8.6391353363">
				<ele>1654.7</ele>
				<time>1970-01-01T01:00:00+01:00</time>
				<extensions>
					<swisstopo:routepoint_id>68060758</swisstopo:routepoint_id>
				</extensions>
			</trkpt>
			<trkpt lat="46.2471981287" lon="8.6392010057">
				<ele>1653.2</ele>
				<time>1970-01-01T01:00:00+01:00</time>
				<extensions>
					<swisstopo:routepoint_id>811591842</swisstopo:routepoint_id>
				</extensions>
			</trkpt>
			<trkpt lat="46.2471957565" lon="8.6392448776">
				<ele>1652.0</ele>
				<time>1970-01-01T01:00:00+01:00</time>
				<extensions>
					<swisstopo:routepoint_id>293977056</swisstopo:routepoint_id>
				</extensions>
			</trkpt>
			<trkpt lat="46.2472001242" lon="8.6392820218">
				<ele>1651.4</ele>
				<time>1970-01-01T01:00:00+01:00</time>
				<extensions>
					<swisstopo:routepoint_id>1231314350</swisstopo:routepoint_id>
				</extensions>
			</trkpt>
			<trkpt lat="46.2472205256" lon="8.6393332534">
				<ele>1650.2</ele>
				<time>1970-01-01T01:00:00+01:00</time>
				<extensions>
					<swisstopo:routepoint_id>86678536</swisstopo:routepoint_id>
				</extensions>
			</trkpt>
			<trkpt lat="46.2472552678" lon="8.6393793021">
				<ele>1648.7</ele>
				<time>1970-01-01T01:00:00+01:00</time>
				<extensions>
					<swisstopo:routepoint_id>2130259302</swisstopo:routepoint_id>
				</extensions>
			</trkpt>
			<trkpt lat="46.2472741505" lon="8.6393948265">
				<ele>1648.1</ele>
				<time>1970-01-01T01:00:00+01:00</time>
				<extensions>
					<swisstopo:routepoint_id>593416919</swisstopo:routepoint_id>
				</extensions>
			</trkpt>
			<trkpt lat="46.2473023568" lon="8.6394283871">
				<ele>1646.7</ele>
				<time>1970-01-01T01:00:00+01:00</time>
				<extensions>
					<swisstopo:routepoint_id>633709069</swisstopo:routepoint_id>
				</extensions>
			</trkpt>
			<trkpt lat="46.2473221213" lon="8.6394494017">
				<ele>1646.0</ele>
				<time>1970-01-01T01:00:00+01:00</time>
				<extensions>
					<swisstopo:routepoint_id>1624908859</swisstopo:routepoint_id>
				</extensions>
			</trkpt>
			<trkpt lat="46.2473830248" lon="8.6394534931">
				<ele>1646.2</ele>
				<time>1970-01-01T01:00:00+01:00</time>
				<extensions>
					<swisstopo:routepoint_id>313016729</swisstopo:routepoint_id>
				</extensions>
			</trkpt>
			<trkpt lat="46.2474115370" lon="8.6394582345">
				<ele>1646.5</ele>
				<time>1970-01-01T01:00:00+01:00</time>
				<extensions>
					<swisstopo:routepoint_id>550105165</swisstopo:routepoint_id>
				</extensions>
			</trkpt>
			<trkpt lat="46.2474511854" lon="8.6394906736">
				<ele>1645.4</ele>
				<time>1970-01-01T01:00:00+01:00</time>
				<extensions>
					<swisstopo:routepoint_id>1793068522</swisstopo:routepoint_id>
				</extensions>
			</trkpt>
			<trkpt lat="46.2474727249" lon="8.6395240842">
				<ele>1644.3</ele>
				<time>1970-01-01T01:00:00+01:00</time>
				<extensions>
					<swisstopo:routepoint_id>2068644590</swisstopo:routepoint_id>
				</extensions>
			</trkpt>
			<trkpt lat="46.2474884675" lon="8.6395656047">
				<ele>1643.5</ele>
				<time>1970-01-01T01:00:00+01:00</time>
				<extensions>
					<swisstopo:routepoint_id>1366636806</swisstopo:routepoint_id>
				</extensions>
			</trkpt>
			<trkpt lat="46.2475324250" lon="8.6396406863">
				<ele>1642.5</ele>
				<time>1970-01-01T01:00:00+01:00</time>
				<extensions>
					<swisstopo:routepoint_id>1562114274</swisstopo:routepoint_id>
				</extensions>
			</trkpt>
			<trkpt lat="46.2475481092" lon="8.6396877017">
				<ele>1642.9</ele>
				<time>1970-01-01T01:00:00+01:00</time>
				<extensions>
					<swisstopo:routepoint_id>1006396636</swisstopo:routepoint_id>
				</extensions>
			</trkpt>
			<trkpt lat="46.2475444532" lon="8.6397631070">
				<ele>1641.1</ele>
				<time>1970-01-01T01:00:00+01:00</time>
				<extensions>
					<swisstopo:routepoint_id>1338070775</swisstopo:routepoint_id>
				</extensions>
			</trkpt>
			<trkpt lat="46.2475433459" lon="8.6398673819">
				<ele>1639.0</ele>
				<time>1970-01-01T01:00:00+01:00</time>
				<extensions>
					<swisstopo:routepoint_id>684034617</swisstopo:routepoint_id>
				</extensions>
			</trkpt>
			<trkpt lat="46.2475415084" lon="8.6399510620">
				<ele>1638.5</ele>
				<time>1970-01-01T01:00:00+01:00</time>
				<extensions>
					<swisstopo:routepoint_id>1866250075</swisstopo:routepoint_id>
				</extensions>
			</trkpt>
			<trkpt lat="46.2475390777" lon="8.6400004163">
				<ele>1638.0</ele>
				<time>1970-01-01T01:00:00+01:00</time>
				<extensions>
					<swisstopo:routepoint_id>465178335</swisstopo:routepoint_id>
				</extensions>
			</trkpt>
			<trkpt lat="46.2475375620" lon="8.6401431170">
				<ele>1636.8</ele>
				<time>1970-01-01T01:00:00+01:00</time>
				<extensions>
					<swisstopo:routepoint_id>1997921282</swisstopo:routepoint_id>
				</extensions>
			</trkpt>
			<trkpt lat="46.2475470266" lon="8.6402380165">
				<ele>1635.1</ele>
				<time>1970-01-01T01:00:00+01:00</time>
				<extensions>
					<swisstopo:routepoint_id>1493739270</swisstopo:routepoint_id>
				</extensions>
			</trkpt>
			<trkpt lat="46.2475625299" lon="8.6403028620">
				<ele>1633.5</ele>
				<time>1970-01-01T01:00:00+01:00</time>
				<extensions>
					<swisstopo:routepoint_id>1113402005</swisstopo:routepoint_id>
				</extensions>
			</trkpt>
			<trkpt lat="46.2475837339" lon="8.6403678302">
				<ele>1631.8</ele>
				<time>1970-01-01T01:00:00+01:00</time>
				<extensions>
					<swisstopo:routepoint_id>1112028910</swisstopo:routepoint_id>
				</extensions>
			</trkpt>
			<trkpt lat="46.2475899488" lon="8.6404105147">
				<ele>1630.5</ele>
				<time>1970-01-01T01:00:00+01:00</time>
				<extensions>
					<swisstopo:routepoint_id>436955124</swisstopo:routepoint_id>
				</extensions>
			</trkpt>
			<trkpt lat="46.2476037850" lon="8.6404519935">
				<ele>1629.2</ele>
				<time>1970-01-01T01:00:00+01:00</time>
				<extensions>
					<swisstopo:routepoint_id>1061552129</swisstopo:routepoint_id>
				</extensions>
			</trkpt>
			<trkpt lat="46.2476120516" lon="8.6404810053">
				<ele>1628.3</ele>
				<time>1970-01-01T01:00:00+01:00</time>
				<extensions>
					<swisstopo:routepoint_id>352766638</swisstopo:routepoint_id>
				</extensions>
			</trkpt>
			<trkpt lat="46.2476523919" lon="8.6405367874">
				<ele>1626.7</ele>
				<time>1970-01-01T01:00:00+01:00</time>
				<extensions>
					<swisstopo:routepoint_id>1681912080</swisstopo:routepoint_id>
				</extensions>
			</trkpt>
			<trkpt lat="46.2476768091" lon="8.6405688911">
				<ele>1625.7</ele>
				<time>1970-01-01T01:00:00+01:00</time>
				<extensions>
					<swisstopo:routepoint_id>1642309995</swisstopo:routepoint_id>
				</extensions>
			</trkpt>
			<trkpt lat="46.2477028611" lon="8.6406257319">
				<ele>1624.6</ele>
				<time>1970-01-01T01:00:00+01:00</time>
				<extensions>
					<swisstopo:routepoint_id>804113757</swisstopo:routepoint_id>
				</extensions>
			</trkpt>
			<trkpt lat="46.2477268262" lon="8.6407003732">
				<ele>1623.1</ele>
				<time>1970-01-01T01:00:00+01:00</time>
				<extensions>
					<swisstopo:routepoint_id>492863764</swisstopo:routepoint_id>
				</extensions>
			</trkpt>
			<trkpt lat="46.2477472125" lon="8.6407529796">
				<ele>1621.9</ele>
				<time>1970-01-01T01:00:00+01:00</time>
				<extensions>
					<swisstopo:routepoint_id>984230056</swisstopo:routepoint_id>
				</extensions>
			</trkpt>
			<trkpt lat="46.2477808012" lon="8.6408182216">
				<ele>1620.7</ele>
				<time>1970-01-01T01:00:00+01:00</time>
				<extensions>
					<swisstopo:routepoint_id>724913306</swisstopo:routepoint_id>
				</extensions>
			</trkpt>
			<trkpt lat="46.2477963478" lon="8.6408789591">
				<ele>1619.3</ele>
				<time>1970-01-01T01:00:00+01:00</time>
				<extensions>
					<swisstopo:routepoint_id>311201401</swisstopo:routepoint_id>
				</extensions>
			</trkpt>
			<trkpt lat="46.2478159516" lon="8.6409150789">
				<ele>1618.7</ele>
				<time>1970-01-01T01:00:00+01:00</time>
				<extensions>
					<swisstopo:routepoint_id>637897430</swisstopo:routepoint_id>
				</extensions>
			</trkpt>
			<trkpt lat="46.2478355292" lon="8.6409553076">
				<ele>1617.5</ele>
				<time>1970-01-01T01:00:00+01:00</time>
				<extensions>
					<swisstopo:routepoint_id>1600453115</swisstopo:routepoint_id>
				</extensions>
			</trkpt>
			<trkpt lat="46.2478702619" lon="8.6410013608">
				<ele>1616.6</ele>
				<time>1970-01-01T01:00:00+01:00</time>
				<extensions>
					<swisstopo:routepoint_id>505350443</swisstopo:routepoint_id>
				</extensions>
			</trkpt>
			<trkpt lat="46.2479400801" lon="8.6410619167">
				<ele>1616.4</ele>
				<time>1970-01-01T01:00:00+01:00</time>
				<extensions>
					<swisstopo:routepoint_id>280400190</swisstopo:routepoint_id>
				</extensions>
			</trkpt>
			<trkpt lat="46.2479861965" lon="8.6411123437">
				<ele>1616.3</ele>
				<time>1970-01-01T01:00:00+01:00</time>
				<extensions>
					<swisstopo:routepoint_id>83603904</swisstopo:routepoint_id>
				</extensions>
			</trkpt>
			<trkpt lat="46.2480247411" lon="8.6411584940">
				<ele>1617.0</ele>
				<time>1970-01-01T01:00:00+01:00</time>
				<extensions>
					<swisstopo:routepoint_id>1979323985</swisstopo:routepoint_id>
				</extensions>
			</trkpt>
			<trkpt lat="46.2480607170" lon="8.6411784936">
				<ele>1617.0</ele>
				<time>1970-01-01T01:00:00+01:00</time>
				<extensions>
					<swisstopo:routepoint_id>391855787</swisstopo:routepoint_id>
				</extensions>
			</trkpt>
			<trkpt lat="46.2481054816" lon="8.6411767470">
				<ele>1617.0</ele>
				<time>1970-01-01T01:00:00+01:00</time>
				<extensions>
					<swisstopo:routepoint_id>1330952007</swisstopo:routepoint_id>
				</extensions>
			</trkpt>
			<trkpt lat="46.2481370469" lon="8.6411637101">
				<ele>1617.7</ele>
				<time>1970-01-01T01:00:00+01:00</time>
				<extensions>
					<swisstopo:routepoint_id>230954247</swisstopo:routepoint_id>
				</extensions>
			</trkpt>
			<trkpt lat="46.2481637696" lon="8.6411574397">
				<ele>1617.6</ele>
				<time>1970-01-01T01:00:00+01:00</time>
				<extensions>
					<swisstopo:routepoint_id>1062247954</swisstopo:routepoint_id>
				</extensions>
			</trkpt>
			<trkpt lat="46.2481797741" lon="8.6411742627">
				<ele>1617.1</ele>
				<time>1970-01-01T01:00:00+01:00</time>
				<extensions>
					<swisstopo:routepoint_id>28566031</swisstopo:routepoint_id>
				</extensions>
			</trkpt>
			<trkpt lat="46.2482192761" lon="8.6412204312">
				<ele>1616.0</ele>
				<time>1970-01-01T01:00:00+01:00</time>
				<extensions>
					<swisstopo:routepoint_id>878079657</swisstopo:routepoint_id>
				</extensions>
			</trkpt>
			<trkpt lat="46.2482543822" lon="8.6412321801">
				<ele>1615.7</ele>
				<time>1970-01-01T01:00:00+01:00</time>
				<extensions>
					<swisstopo:routepoint_id>1287630209</swisstopo:routepoint_id>
				</extensions>
			</trkpt>
			<trkpt lat="46.2483158024" lon="8.6412760817">
				<ele>1614.6</ele>
				<time>1970-01-01T01:00:00+01:00</time>
				<extensions>
					<swisstopo:routepoint_id>872892440</swisstopo:routepoint_id>
				</extensions>
			</trkpt>
			<trkpt lat="46.2483734193" lon="8.6413199025">
				<ele>1614.0</ele>
				<time>1970-01-01T01:00:00+01:00</time>
				<extensions>
					<swisstopo:routepoint_id>833596983</swisstopo:routepoint_id>
				</extensions>
			</trkpt>
			<trkpt lat="46.2484026992" lon="8.6413425056">
				<ele>1613.5</ele>
				<time>1970-01-01T01:00:00+01:00</time>
				<extensions>
					<swisstopo:routepoint_id>372510804</swisstopo:routepoint_id>
				</extensions>
			</trkpt>
			<trkpt lat="46.2484405635" lon="8.6413625598">
				<ele>1613.3</ele>
				<time>1970-01-01T01:00:00+01:00</time>
				<extensions>
					<swisstopo:routepoint_id>1499259978</swisstopo:routepoint_id>
				</extensions>
			</trkpt>
			<trkpt lat="46.2485051536" lon="8.6413777083">
				<ele>1613.2</ele>
				<time>1970-01-01T01:00:00+01:00</time>
				<extensions>
					<swisstopo:routepoint_id>885892371</swisstopo:routepoint_id>
				</extensions>
			</trkpt>
			<trkpt lat="46.2485657914" lon="8.6414051265">
				<ele>1612.4</ele>
				<time>1970-01-01T01:00:00+01:00</time>
				<extensions>
					<swisstopo:routepoint_id>1056784146</swisstopo:routepoint_id>
				</extensions>
			</trkpt>
			<trkpt lat="46.2486197070" lon="8.6414392570">
				<ele>1611.3</ele>
				<time>1970-01-01T01:00:00+01:00</time>
				<extensions>
					<swisstopo:routepoint_id>51849875</swisstopo:routepoint_id>
				</extensions>
			</trkpt>
			<trkpt lat="46.2486754470" lon="8.6414802855">
				<ele>1609.9</ele>
				<time>1970-01-01T01:00:00+01:00</time>
				<extensions>
					<swisstopo:routepoint_id>759262272</swisstopo:routepoint_id>
				</extensions>
			</trkpt>
			<trkpt lat="46.2486941165" lon="8.6415150114">
				<ele>1609.5</ele>
				<time>1970-01-01T01:00:00+01:00</time>
				<extensions>
					<swisstopo:routepoint_id>902526692</swisstopo:routepoint_id>
				</extensions>
			</trkpt>
			<trkpt lat="46.2487154597" lon="8.6415676401">
				<ele>1608.7</ele>
				<time>1970-01-01T01:00:00+01:00</time>
				<extensions>
					<swisstopo:routepoint_id>1566725782</swisstopo:routepoint_id>
				</extensions>
			</trkpt>
			<trkpt lat="46.2487338374" lon="8.6416298028">
				<ele>1607.2</ele>
				<time>1970-01-01T01:00:00+01:00</time>
				<extensions>
					<swisstopo:routepoint_id>1696136529</swisstopo:routepoint_id>
				</extensions>
			</trkpt>
			<trkpt lat="46.2487729453" lon="8.6417130123">
				<ele>1605.2</ele>
				<time>1970-01-01T01:00:00+01:00</time>
				<extensions>
					<swisstopo:routepoint_id>1189048316</swisstopo:routepoint_id>
				</extensions>
			</trkpt>
			<trkpt lat="46.2488055264" lon="8.6417837333">
				<ele>1604.3</ele>
				<time>1970-01-01T01:00:00+01:00</time>
				<extensions>
					<swisstopo:routepoint_id>658079939</swisstopo:routepoint_id>
				</extensions>
			</trkpt>
			<trkpt lat="46.2488341756" lon="8.6418639670">
				<ele>1603.3</ele>
				<time>1970-01-01T01:00:00+01:00</time>
				<extensions>
					<swisstopo:routepoint_id>79200451</swisstopo:routepoint_id>
				</extensions>
			</trkpt>
			<trkpt lat="46.2488678658" lon="8.6419196170">
				<ele>1602.5</ele>
				<time>1970-01-01T01:00:00+01:00</time>
				<extensions>
					<swisstopo:routepoint_id>181662363</swisstopo:routepoint_id>
				</extensions>
			</trkpt>
			<trkpt lat="46.2489064627" lon="8.6419616445">
				<ele>1601.0</ele>
				<time>1970-01-01T01:00:00+01:00</time>
				<extensions>
					<swisstopo:routepoint_id>346332625</swisstopo:routepoint_id>
				</extensions>
			</trkpt>
			<trkpt lat="46.2489498554" lon="8.6419996526">
				<ele>1600.1</ele>
				<time>1970-01-01T01:00:00+01:00</time>
				<extensions>
					<swisstopo:routepoint_id>1271943839</swisstopo:routepoint_id>
				</extensions>
			</trkpt>
			<trkpt lat="46.2489696923" lon="8.6420138254">
				<ele>1599.7</ele>
				<time>1970-01-01T01:00:00+01:00</time>
				<extensions>
					<swisstopo:routepoint_id>1953334606</swisstopo:routepoint_id>
				</extensions>
			</trkpt>
			<trkpt lat="46.2489846693" lon="8.6420388611">
				<ele>1599.2</ele>
				<time>1970-01-01T01:00:00+01:00</time>
				<extensions>
					<swisstopo:routepoint_id>357497240</swisstopo:routepoint_id>
				</extensions>
			</trkpt>
			<trkpt lat="46.2490069319" lon="8.6420942462">
				<ele>1598.0</ele>
				<time>1970-01-01T01:00:00+01:00</time>
				<extensions>
					<swisstopo:routepoint_id>1516849211</swisstopo:routepoint_id>
				</extensions>
			</trkpt>
			<trkpt lat="46.2489897365" lon="8.6420993528">
				<ele>1597.7</ele>
				<time>1970-01-01T01:00:00+01:00</time>
				<extensions>
					<swisstopo:routepoint_id>673510105</swisstopo:routepoint_id>
				</extensions>
			</trkpt>
			<trkpt lat="46.2489414225" lon="8.6420763282">
				<ele>1597.1</ele>
				<time>1970-01-01T01:00:00+01:00</time>
				<extensions>
					<swisstopo:routepoint_id>2036028051</swisstopo:routepoint_id>
				</extensions>
			</trkpt>
			<trkpt lat="46.2488967366" lon="8.6420698568">
				<ele>1596.8</ele>
				<time>1970-01-01T01:00:00+01:00</time>
				<extensions>
					<swisstopo:routepoint_id>900135545</swisstopo:routepoint_id>
				</extensions>
			</trkpt>
			<trkpt lat="46.2488691528" lon="8.6420678698">
				<ele>1596.4</ele>
				<time>1970-01-01T01:00:00+01:00</time>
				<extensions>
					<swisstopo:routepoint_id>1748369738</swisstopo:routepoint_id>
				</extensions>
			</trkpt>
			<trkpt lat="46.2488633033" lon="8.6420800881">
				<ele>1596.1</ele>
				<time>1970-01-01T01:00:00+01:00</time>
				<extensions>
					<swisstopo:routepoint_id>1477091481</swisstopo:routepoint_id>
				</extensions>
			</trkpt>
			<trkpt lat="46.2489255638" lon="8.6421349958">
				<ele>1595.0</ele>
				<time>1970-01-01T01:00:00+01:00</time>
				<extensions>
					<swisstopo:routepoint_id>1302385976</swisstopo:routepoint_id>
				</extensions>
			</trkpt>
			<trkpt lat="46.2489441835" lon="8.6421752078">
				<ele>1594.1</ele>
				<time>1970-01-01T01:00:00+01:00</time>
				<extensions>
					<swisstopo:routepoint_id>1500358238</swisstopo:routepoint_id>
				</extensions>
			</trkpt>
			<trkpt lat="46.2489701325" lon="8.6422416573">
				<ele>1592.7</ele>
				<time>1970-01-01T01:00:00+01:00</time>
				<extensions>
					<swisstopo:routepoint_id>1922101393</swisstopo:routepoint_id>
				</extensions>
			</trkpt>
			<trkpt lat="46.2490124801" lon="8.6422878807">
				<ele>1591.6</ele>
				<time>1970-01-01T01:00:00+01:00</time>
				<extensions>
					<swisstopo:routepoint_id>1303157239</swisstopo:routepoint_id>
				</extensions>
			</trkpt>
			<trkpt lat="46.2490523029" lon="8.6423038664">
				<ele>1591.1</ele>
				<time>1970-01-01T01:00:00+01:00</time>
				<extensions>
					<swisstopo:routepoint_id>44482674</swisstopo:routepoint_id>
				</extensions>
			</trkpt>
			<trkpt lat="46.2491044144" lon="8.6423283493">
				<ele>1590.0</ele>
				<time>1970-01-01T01:00:00+01:00</time>
				<extensions>
					<swisstopo:routepoint_id>915119404</swisstopo:routepoint_id>
				</extensions>
			</trkpt>
			<trkpt lat="46.2491223394" lon="8.6423438413">
				<ele>1589.7</ele>
				<time>1970-01-01T01:00:00+01:00</time>
				<extensions>
					<swisstopo:routepoint_id>1521116110</swisstopo:routepoint_id>
				</extensions>
			</trkpt>
			<trkpt lat="46.2491239243" lon="8.6423740647">
				<ele>1589.5</ele>
				<time>1970-01-01T01:00:00+01:00</time>
				<extensions>
					<swisstopo:routepoint_id>2095188259</swisstopo:routepoint_id>
				</extensions>
			</trkpt>
			<trkpt lat="46.2491328384" lon="8.6424305321">
				<ele>1589.2</ele>
				<time>1970-01-01T01:00:00+01:00</time>
				<extensions>
					<swisstopo:routepoint_id>1463210306</swisstopo:routepoint_id>
				</extensions>
			</trkpt>
			<trkpt lat="46.2491483755" lon="8.6424912681">
				<ele>1588.9</ele>
				<time>1970-01-01T01:00:00+01:00</time>
				<extensions>
					<swisstopo:routepoint_id>1447410102</swisstopo:routepoint_id>
				</extensions>
			</trkpt>
			<trkpt lat="46.2491544866" lon="8.6425229941">
				<ele>1588.5</ele>
				<time>1970-01-01T01:00:00+01:00</time>
				<extensions>
					<swisstopo:routepoint_id>126630099</swisstopo:routepoint_id>
				</extensions>
			</trkpt>
			<trkpt lat="46.2491717947" lon="8.6425551736">
				<ele>1588.2</ele>
				<time>1970-01-01T01:00:00+01:00</time>
				<extensions>
					<swisstopo:routepoint_id>154257454</swisstopo:routepoint_id>
				</extensions>
			</trkpt>
			<trkpt lat="46.2491862617" lon="8.6425777604">
				<ele>1588.1</ele>
				<time>1970-01-01T01:00:00+01:00</time>
				<extensions>
					<swisstopo:routepoint_id>632607741</swisstopo:routepoint_id>
				</extensions>
			</trkpt>
			<trkpt lat="46.2491879251" lon="8.6426286725">
				<ele>1587.2</ele>
				<time>1970-01-01T01:00:00+01:00</time>
				<extensions>
					<swisstopo:routepoint_id>1210609391</swisstopo:routepoint_id>
				</extensions>
			</trkpt>
			<trkpt lat="46.2491976556" lon="8.6426818875">
				<ele>1586.1</ele>
				<time>1970-01-01T01:00:00+01:00</time>
				<extensions>
					<swisstopo:routepoint_id>1860962024</swisstopo:routepoint_id>
				</extensions>
			</trkpt>
			<trkpt lat="46.2492127250" lon="8.6427172090">
				<ele>1585.3</ele>
				<time>1970-01-01T01:00:00+01:00</time>
				<extensions>
					<swisstopo:routepoint_id>908645842</swisstopo:routepoint_id>
				</extensions>
			</trkpt>
			<trkpt lat="46.2492220336" lon="8.6427407329">
				<ele>1585.0</ele>
				<time>1970-01-01T01:00:00+01:00</time>
				<extensions>
					<swisstopo:routepoint_id>1616936078</swisstopo:routepoint_id>
				</extensions>
			</trkpt>
			<trkpt lat="46.2492394206" lon="8.6427654961">
				<ele>1584.6</ele>
				<time>1970-01-01T01:00:00+01:00</time>
				<extensions>
					<swisstopo:routepoint_id>1007385953</swisstopo:routepoint_id>
				</extensions>
			</trkpt>
			<trkpt lat="46.2492436270" lon="8.6427846646">
				<ele>1584.4</ele>
				<time>1970-01-01T01:00:00+01:00</time>
				<extensions>
					<swisstopo:routepoint_id>311747314</swisstopo:routepoint_id>
				</extensions>
			</trkpt>
			<trkpt lat="46.2492078080" lon="8.6427647969">
				<ele>1583.8</ele>
				<time>1970-01-01T01:00:00+01:00</time>
				<extensions>
					<swisstopo:routepoint_id>954740260</swisstopo:routepoint_id>
				</extensions>
			</trkpt>
			<trkpt lat="46.2491609706" lon="8.6427425578">
				<ele>1582.8</ele>
				<time>1970-01-01T01:00:00+01:00</time>
				<extensions>
					<swisstopo:routepoint_id>375811404</swisstopo:routepoint_id>
				</extensions>
			</trkpt>
			<trkpt lat="46.2491250050" lon="8.6427364592">
				<ele>1581.8</ele>
				<time>1970-01-01T01:00:00+01:00</time>
				<extensions>
					<swisstopo:routepoint_id>2136319033</swisstopo:routepoint_id>
				</extensions>
			</trkpt>
			<trkpt lat="46.2491012929" lon="8.6427528984">
				<ele>1581.5</ele>
				<time>1970-01-01T01:00:00+01:00</time>
				<extensions>
					<swisstopo:routepoint_id>1902578276</swisstopo:routepoint_id>
				</extensions>
			</trkpt>
			<trkpt lat="46.2491267697" lon="8.6427778405">
				<ele>1581.0</ele>
				<time>1970-01-01T01:00:00+01:00</time>
				<extensions>
					<swisstopo:routepoint_id>1279824501</swisstopo:routepoint_id>
				</extensions>
			</trkpt>
			<trkpt lat="46.2491565317" lon="8.6428145507">
				<ele>1580.4</ele>
				<time>1970-01-01T01:00:00+01:00</time>
				<extensions>
					<swisstopo:routepoint_id>468952836</swisstopo:routepoint_id>
				</extensions>
			</trkpt>
			<trkpt lat="46.2491934905" lon="8.6428651798">
				<ele>1579.6</ele>
				<time>1970-01-01T01:00:00+01:00</time>
				<extensions>
					<swisstopo:routepoint_id>616713666</swisstopo:routepoint_id>
				</extensions>
			</trkpt>
			<trkpt lat="46.2492245928" lon="8.6429146283">
				<ele>1579.3</ele>
				<time>1970-01-01T01:00:00+01:00</time>
				<extensions>
					<swisstopo:routepoint_id>1072624015</swisstopo:routepoint_id>
				</extensions>
			</trkpt>
			<trkpt lat="46.2492091486" lon="8.6429153472">
				<ele>1579.2</ele>
				<time>1970-01-01T01:00:00+01:00</time>
				<extensions>
					<swisstopo:routepoint_id>558936570</swisstopo:routepoint_id>
				</extensions>
			</trkpt>
			<trkpt lat="46.2491807969" lon="8.6428839871">
				<ele>1578.5</ele>
				<time>1970-01-01T01:00:00+01:00</time>
				<extensions>
					<swisstopo:routepoint_id>1745233217</swisstopo:routepoint_id>
				</extensions>
			</trkpt>
			<trkpt lat="46.2491456280" lon="8.6428715518">
				<ele>1577.9</ele>
				<time>1970-01-01T01:00:00+01:00</time>
				<extensions>
					<swisstopo:routepoint_id>248011500</swisstopo:routepoint_id>
				</extensions>
			</trkpt>
			<trkpt lat="46.2491619274" lon="8.6429291514">
				<ele>1576.6</ele>
				<time>1970-01-01T01:00:00+01:00</time>
				<extensions>
					<swisstopo:routepoint_id>1702473736</swisstopo:routepoint_id>
				</extensions>
			</trkpt>
			<trkpt lat="46.2491885752" lon="8.6429827439">
				<ele>1575.4</ele>
				<time>1970-01-01T01:00:00+01:00</time>
				<extensions>
					<swisstopo:routepoint_id>2146712385</swisstopo:routepoint_id>
				</extensions>
			</trkpt>
			<trkpt lat="46.2492215914" lon="8.6430587283">
				<ele>1573.3</ele>
				<time>1970-01-01T01:00:00+01:00</time>
				<extensions>
					<swisstopo:routepoint_id>1455875563</swisstopo:routepoint_id>
				</extensions>
			</trkpt>
			<trkpt lat="46.2492443556" lon="8.6431313200">
				<ele>1571.4</ele>
				<time>1970-01-01T01:00:00+01:00</time>
				<extensions>
					<swisstopo:routepoint_id>1006981988</swisstopo:routepoint_id>
				</extensions>
			</trkpt>
			<trkpt lat="46.2492616209" lon="8.6431666775">
				<ele>1570.4</ele>
				<time>1970-01-01T01:00:00+01:00</time>
				<extensions>
					<swisstopo:routepoint_id>1929524777</swisstopo:routepoint_id>
				</extensions>
			</trkpt>
			<trkpt lat="46.2492861116" lon="8.6432149161">
				<ele>1569.3</ele>
				<time>1970-01-01T01:00:00+01:00</time>
				<extensions>
					<swisstopo:routepoint_id>96778063</swisstopo:routepoint_id>
				</extensions>
			</trkpt>
			<trkpt lat="46.2493394908" lon="8.6433125673">
				<ele>1566.6</ele>
				<time>1970-01-01T01:00:00+01:00</time>
				<extensions>
					<swisstopo:routepoint_id>1599392746</swisstopo:routepoint_id>
				</extensions>
			</trkpt>
			<trkpt lat="46.2493524344" lon="8.6433404111">
				<ele>1566.2</ele>
				<time>1970-01-01T01:00:00+01:00</time>
				<extensions>
					<swisstopo:routepoint_id>73706007</swisstopo:routepoint_id>
				</extensions>
			</trkpt>
			<trkpt lat="46.2493208219" lon="8.6433397116">
				<ele>1565.5</ele>
				<time>1970-01-01T01:00:00+01:00</time>
				<extensions>
					<swisstopo:routepoint_id>1968558160</swisstopo:routepoint_id>
				</extensions>
			</trkpt>
			<trkpt lat="46.2492531899" lon="8.6433371511">
				<ele>1564.0</ele>
				<time>1970-01-01T01:00:00+01:00</time>
				<extensions>
					<swisstopo:routepoint_id>1308952852</swisstopo:routepoint_id>
				</extensions>
			</trkpt>
			<trkpt lat="46.2492343273" lon="8.6433123550">
				<ele>1563.4</ele>
				<time>1970-01-01T01:00:00+01:00</time>
				<extensions>
					<swisstopo:routepoint_id>814802361</swisstopo:routepoint_id>
				</extensions>
			</trkpt>
			<trkpt lat="46.2492111318" lon="8.6432811056">
				<ele>1562.3</ele>
				<time>1970-01-01T01:00:00+01:00</time>
				<extensions>
					<swisstopo:routepoint_id>1063504355</swisstopo:routepoint_id>
				</extensions>
			</trkpt>
			<trkpt lat="46.2491943923" lon="8.6432648416">
				<ele>1561.7</ele>
				<time>1970-01-01T01:00:00+01:00</time>
				<extensions>
					<swisstopo:routepoint_id>440779078</swisstopo:routepoint_id>
				</extensions>
			</trkpt>
			<trkpt lat="46.2491694416" lon="8.6432589832">
				<ele>1560.8</ele>
				<time>1970-01-01T01:00:00+01:00</time>
				<extensions>
					<swisstopo:routepoint_id>1871445547</swisstopo:routepoint_id>
				</extensions>
			</trkpt>
			<trkpt lat="46.2491352565" lon="8.6432243025">
				<ele>1559.8</ele>
				<time>1970-01-01T01:00:00+01:00</time>
				<extensions>
					<swisstopo:routepoint_id>1741156961</swisstopo:routepoint_id>
				</extensions>
			</trkpt>
			<trkpt lat="46.2491176890" lon="8.6432164957">
				<ele>1559.3</ele>
				<time>1970-01-01T01:00:00+01:00</time>
				<extensions>
					<swisstopo:routepoint_id>853576071</swisstopo:routepoint_id>
				</extensions>
			</trkpt>
			<trkpt lat="46.2490986321" lon="8.6432107677">
				<ele>1558.8</ele>
				<time>1970-01-01T01:00:00+01:00</time>
				<extensions>
					<swisstopo:routepoint_id>596898528</swisstopo:routepoint_id>
				</extensions>
			</trkpt>
			<trkpt lat="46.2490518260" lon="8.6431864173">
				<ele>1557.2</ele>
				<time>1970-01-01T01:00:00+01:00</time>
				<extensions>
					<swisstopo:routepoint_id>662195818</swisstopo:routepoint_id>
				</extensions>
			</trkpt>
			<trkpt lat="46.2490181579" lon="8.6431708362">
				<ele>1556.3</ele>
				<time>1970-01-01T01:00:00+01:00</time>
				<extensions>
					<swisstopo:routepoint_id>631574548</swisstopo:routepoint_id>
				</extensions>
			</trkpt>
			<trkpt lat="46.2490273961" lon="8.6432017766">
				<ele>1555.6</ele>
				<time>1970-01-01T01:00:00+01:00</time>
				<extensions>
					<swisstopo:routepoint_id>322911928</swisstopo:routepoint_id>
				</extensions>
			</trkpt>
			<trkpt lat="46.2490418317" lon="8.6432264746">
				<ele>1555.0</ele>
				<time>1970-01-01T01:00:00+01:00</time>
				<extensions>
					<swisstopo:routepoint_id>1199645632</swisstopo:routepoint_id>
				</extensions>
			</trkpt>
			<trkpt lat="46.2490764250" lon="8.6432929609">
				<ele>1553.3</ele>
				<time>1970-01-01T01:00:00+01:00</time>
				<extensions>
					<swisstopo:routepoint_id>1243470551</swisstopo:routepoint_id>
				</extensions>
			</trkpt>
			<trkpt lat="46.2490812448" lon="8.6433238163">
				<ele>1552.4</ele>
				<time>1970-01-01T01:00:00+01:00</time>
				<extensions>
					<swisstopo:routepoint_id>1667366197</swisstopo:routepoint_id>
				</extensions>
			</trkpt>
			<trkpt lat="46.2491050402" lon="8.6433688639">
				<ele>1551.2</ele>
				<time>1970-01-01T01:00:00+01:00</time>
				<extensions>
					<swisstopo:routepoint_id>1285864610</swisstopo:routepoint_id>
				</extensions>
			</trkpt>
			<trkpt lat="46.2490807708" lon="8.6433683268">
				<ele>1550.9</ele>
				<time>1970-01-01T01:00:00+01:00</time>
				<extensions>
					<swisstopo:routepoint_id>207200485</swisstopo:routepoint_id>
				</extensions>
			</trkpt>
			<trkpt lat="46.2490517216" lon="8.6433348203">
				<ele>1550.7</ele>
				<time>1970-01-01T01:00:00+01:00</time>
				<extensions>
					<swisstopo:routepoint_id>2057499914</swisstopo:routepoint_id>
				</extensions>
			</trkpt>
			<trkpt lat="46.2489917012" lon="8.6433080498">
				<ele>1549.1</ele>
				<time>1970-01-01T01:00:00+01:00</time>
				<extensions>
					<swisstopo:routepoint_id>1018964097</swisstopo:routepoint_id>
				</extensions>
			</trkpt>
			<trkpt lat="46.2489530527" lon="8.6432775097">
				<ele>1547.9</ele>
				<time>1970-01-01T01:00:00+01:00</time>
				<extensions>
					<swisstopo:routepoint_id>824612515</swisstopo:routepoint_id>
				</extensions>
			</trkpt>
			<trkpt lat="46.2489145645" lon="8.6432310892">
				<ele>1547.1</ele>
				<time>1970-01-01T01:00:00+01:00</time>
				<extensions>
					<swisstopo:routepoint_id>1003946482</swisstopo:routepoint_id>
				</extensions>
			</trkpt>
			<trkpt lat="46.2488883024" lon="8.6432114201">
				<ele>1546.7</ele>
				<time>1970-01-01T01:00:00+01:00</time>
				<extensions>
					<swisstopo:routepoint_id>1746004480</swisstopo:routepoint_id>
				</extensions>
			</trkpt>
			<trkpt lat="46.2489068629" lon="8.6432637665">
				<ele>1545.8</ele>
				<time>1970-01-01T01:00:00+01:00</time>
				<extensions>
					<swisstopo:routepoint_id>939619584</swisstopo:routepoint_id>
				</extensions>
			</trkpt>
			<trkpt lat="46.2489282415" lon="8.6433278516">
				<ele>1545.2</ele>
				<time>1970-01-01T01:00:00+01:00</time>
				<extensions>
					<swisstopo:routepoint_id>695491747</swisstopo:routepoint_id>
				</extensions>
			</trkpt>
			<trkpt lat="46.2489353652" lon="8.6433502729">
				<ele>1545.0</ele>
				<time>1970-01-01T01:00:00+01:00</time>
				<extensions>
					<swisstopo:routepoint_id>217187608</swisstopo:routepoint_id>
				</extensions>
			</trkpt>
			<trkpt lat="46.2489557110" lon="8.6433719103">
				<ele>1545.0</ele>
				<time>1970-01-01T01:00:00+01:00</time>
				<extensions>
					<swisstopo:routepoint_id>1359097500</swisstopo:routepoint_id>
				</extensions>
			</trkpt>
			<trkpt lat="46.2489713688" lon="8.6434220840">
				<ele>1544.5</ele>
				<time>1970-01-01T01:00:00+01:00</time>
				<extensions>
					<swisstopo:routepoint_id>1555072890</swisstopo:routepoint_id>
				</extensions>
			</trkpt>
			<trkpt lat="46.2490081692" lon="8.6434875554">
				<ele>1544.0</ele>
				<time>1970-01-01T01:00:00+01:00</time>
				<extensions>
					<swisstopo:routepoint_id>1855818769</swisstopo:routepoint_id>
				</extensions>
			</trkpt>
			<trkpt lat="46.2490189443" lon="8.6435111214">
				<ele>1543.6</ele>
				<time>1970-01-01T01:00:00+01:00</time>
				<extensions>
					<swisstopo:routepoint_id>275703550</swisstopo:routepoint_id>
				</extensions>
			</trkpt>
			<trkpt lat="46.2490253528" lon="8.6435314056">
				<ele>1543.0</ele>
				<time>1970-01-01T01:00:00+01:00</time>
				<extensions>
					<swisstopo:routepoint_id>290439893</swisstopo:routepoint_id>
				</extensions>
			</trkpt>
			<trkpt lat="46.2490119916" lon="8.6435427672">
				<ele>1542.6</ele>
				<time>1970-01-01T01:00:00+01:00</time>
				<extensions>
					<swisstopo:routepoint_id>1406387294</swisstopo:routepoint_id>
				</extensions>
			</trkpt>
			<trkpt lat="46.2489774703" lon="8.6435388245">
				<ele>1541.5</ele>
				<time>1970-01-01T01:00:00+01:00</time>
				<extensions>
					<swisstopo:routepoint_id>905053805</swisstopo:routepoint_id>
				</extensions>
			</trkpt>
			<trkpt lat="46.2489453457" lon="8.6435169136">
				<ele>1540.4</ele>
				<time>1970-01-01T01:00:00+01:00</time>
				<extensions>
					<swisstopo:routepoint_id>868173774</swisstopo:routepoint_id>
				</extensions>
			</trkpt>
			<trkpt lat="46.2489125710" lon="8.6434875672">
				<ele>1539.1</ele>
				<time>1970-01-01T01:00:00+01:00</time>
				<extensions>
					<swisstopo:routepoint_id>1090840462</swisstopo:routepoint_id>
				</extensions>
			</trkpt>
			<trkpt lat="46.2488641992" lon="8.6434716479">
				<ele>1537.8</ele>
				<time>1970-01-01T01:00:00+01:00</time>
				<extensions>
					<swisstopo:routepoint_id>1469831042</swisstopo:routepoint_id>
				</extensions>
			</trkpt>
			<trkpt lat="46.2488761088" lon="8.6435281024">
				<ele>1536.5</ele>
				<time>1970-01-01T01:00:00+01:00</time>
				<extensions>
					<swisstopo:routepoint_id>1734686655</swisstopo:routepoint_id>
				</extensions>
			</trkpt>
			<trkpt lat="46.2489093052" lon="8.6435871429">
				<ele>1535.7</ele>
				<time>1970-01-01T01:00:00+01:00</time>
				<extensions>
					<swisstopo:routepoint_id>1274547018</swisstopo:routepoint_id>
				</extensions>
			</trkpt>
			<trkpt lat="46.2489133421" lon="8.6436222044">
				<ele>1534.9</ele>
				<time>1970-01-01T01:00:00+01:00</time>
				<extensions>
					<swisstopo:routepoint_id>1078961143</swisstopo:routepoint_id>
				</extensions>
			</trkpt>
			<trkpt lat="46.2489129921" lon="8.6436550601">
				<ele>1534.1</ele>
				<time>1970-01-01T01:00:00+01:00</time>
				<extensions>
					<swisstopo:routepoint_id>222001522</swisstopo:routepoint_id>
				</extensions>
			</trkpt>
			<trkpt lat="46.2489293363" lon="8.6437084215">
				<ele>1533.2</ele>
				<time>1970-01-01T01:00:00+01:00</time>
				<extensions>
					<swisstopo:routepoint_id>273986600</swisstopo:routepoint_id>
				</extensions>
			</trkpt>
			<trkpt lat="46.2489638050" lon="8.6437865689">
				<ele>1531.5</ele>
				<time>1970-01-01T01:00:00+01:00</time>
				<extensions>
					<swisstopo:routepoint_id>1610033834</swisstopo:routepoint_id>
				</extensions>
			</trkpt>
			<trkpt lat="46.2489913646" lon="8.6438221638">
				<ele>1530.5</ele>
				<time>1970-01-01T01:00:00+01:00</time>
				<extensions>
					<swisstopo:routepoint_id>1535587645</swisstopo:routepoint_id>
				</extensions>
			</trkpt>
			<trkpt lat="46.2490348554" lon="8.6438814199">
				<ele>1528.9</ele>
				<time>1970-01-01T01:00:00+01:00</time>
				<extensions>
					<swisstopo:routepoint_id>803029379</swisstopo:routepoint_id>
				</extensions>
			</trkpt>
			<trkpt lat="46.2490695950" lon="8.6439341376">
				<ele>1527.6</ele>
				<time>1970-01-01T01:00:00+01:00</time>
				<extensions>
					<swisstopo:routepoint_id>2061264670</swisstopo:routepoint_id>
				</extensions>
			</trkpt>
			<trkpt lat="46.2490730270" lon="8.6439575284">
				<ele>1527.0</ele>
				<time>1970-01-01T01:00:00+01:00</time>
				<extensions>
					<swisstopo:routepoint_id>1036270066</swisstopo:routepoint_id>
				</extensions>
			</trkpt>
			<trkpt lat="46.2490789409" lon="8.6440233865">
				<ele>1525.9</ele>
				<time>1970-01-01T01:00:00+01:00</time>
				<extensions>
					<swisstopo:routepoint_id>1757349931</swisstopo:routepoint_id>
				</extensions>
			</trkpt>
			<trkpt lat="46.2490983516" lon="8.6440651586">
				<ele>1525.2</ele>
				<time>1970-01-01T01:00:00+01:00</time>
				<extensions>
					<swisstopo:routepoint_id>266900513</swisstopo:routepoint_id>
				</extensions>
			</trkpt>
			<trkpt lat="46.2491344791" lon="8.6441253094">
				<ele>1523.4</ele>
				<time>1970-01-01T01:00:00+01:00</time>
				<extensions>
					<swisstopo:routepoint_id>1530071618</swisstopo:routepoint_id>
				</extensions>
			</trkpt>
			<trkpt lat="46.2491517980" lon="8.6441564417">
				<ele>1522.5</ele>
				<time>1970-01-01T01:00:00+01:00</time>
				<extensions>
					<swisstopo:routepoint_id>1053553431</swisstopo:routepoint_id>
				</extensions>
			</trkpt>
			<trkpt lat="46.2491642896" lon="8.6442266818">
				<ele>1520.9</ele>
				<time>1970-01-01T01:00:00+01:00</time>
				<extensions>
					<swisstopo:routepoint_id>1420443265</swisstopo:routepoint_id>
				</extensions>
			</trkpt>
			<trkpt lat="46.2491660651" lon="8.6442669997">
				<ele>1520.1</ele>
				<time>1970-01-01T01:00:00+01:00</time>
				<extensions>
					<swisstopo:routepoint_id>2032476579</swisstopo:routepoint_id>
				</extensions>
			</trkpt>
			<trkpt lat="46.2491736691" lon="8.6443127530">
				<ele>1519.0</ele>
				<time>1970-01-01T01:00:00+01:00</time>
				<extensions>
					<swisstopo:routepoint_id>308454735</swisstopo:routepoint_id>
				</extensions>
			</trkpt>
			<trkpt lat="46.2491940548" lon="8.6443322831">
				<ele>1519.3</ele>
				<time>1970-01-01T01:00:00+01:00</time>
				<extensions>
					<swisstopo:routepoint_id>1528816872</swisstopo:routepoint_id>
				</extensions>
			</trkpt>
			<trkpt lat="46.2492676006" lon="8.6444006969">
				<ele>1518.8</ele>
				<time>1970-01-01T01:00:00+01:00</time>
				<extensions>
					<swisstopo:routepoint_id>1728005732</swisstopo:routepoint_id>
				</extensions>
			</trkpt>
			<trkpt lat="46.2493089655" lon="8.6444524854">
				<ele>1517.2</ele>
				<time>1970-01-01T01:00:00+01:00</time>
				<extensions>
					<swisstopo:routepoint_id>1287902505</swisstopo:routepoint_id>
				</extensions>
			</trkpt>
			<trkpt lat="46.2493492839" lon="8.6444639848">
				<ele>1516.5</ele>
				<time>1970-01-01T01:00:00+01:00</time>
				<extensions>
					<swisstopo:routepoint_id>508852486</swisstopo:routepoint_id>
				</extensions>
			</trkpt>
			<trkpt lat="46.2493907843" lon="8.6445030615">
				<ele>1515.1</ele>
				<time>1970-01-01T01:00:00+01:00</time>
				<extensions>
					<swisstopo:routepoint_id>1083393950</swisstopo:routepoint_id>
				</extensions>
			</trkpt>
			<trkpt lat="46.2494248084" lon="8.6445536365">
				<ele>1513.6</ele>
				<time>1970-01-01T01:00:00+01:00</time>
				<extensions>
					<swisstopo:routepoint_id>1264632997</swisstopo:routepoint_id>
				</extensions>
			</trkpt>
			<trkpt lat="46.2494836614" lon="8.6446206616">
				<ele>1511.7</ele>
				<time>1970-01-01T01:00:00+01:00</time>
				<extensions>
					<swisstopo:routepoint_id>449431475</swisstopo:routepoint_id>
				</extensions>
			</trkpt>
			<trkpt lat="46.2495464120" lon="8.6446665731">
				<ele>1510.6</ele>
				<time>1970-01-01T01:00:00+01:00</time>
				<extensions>
					<swisstopo:routepoint_id>1518133393</swisstopo:routepoint_id>
				</extensions>
			</trkpt>
			<trkpt lat="46.2496129760" lon="8.6447009117">
				<ele>1508.3</ele>
				<time>1970-01-01T01:00:00+01:00</time>
				<extensions>
					<swisstopo:routepoint_id>1569749767</swisstopo:routepoint_id>
				</extensions>
			</trkpt>
			<trkpt lat="46.2496766363" lon="8.6447298923">
				<ele>1506.1</ele>
				<time>1970-01-01T01:00:00+01:00</time>
				<extensions>
					<swisstopo:routepoint_id>315546832</swisstopo:routepoint_id>
				</extensions>
			</trkpt>
			<trkpt lat="46.2497097107" lon="8.6447327400">
				<ele>1505.0</ele>
				<time>1970-01-01T01:00:00+01:00</time>
				<extensions>
					<swisstopo:routepoint_id>1582706411</swisstopo:routepoint_id>
				</extensions>
			</trkpt>
			<trkpt lat="46.2497287902" lon="8.6447363352">
				<ele>1504.2</ele>
				<time>1970-01-01T01:00:00+01:00</time>
				<extensions>
					<swisstopo:routepoint_id>1280970767</swisstopo:routepoint_id>
				</extensions>
			</trkpt>
			<trkpt lat="46.2497315432" lon="8.6447533601">
				<ele>1503.7</ele>
				<time>1970-01-01T01:00:00+01:00</time>
				<extensions>
					<swisstopo:routepoint_id>1963777091</swisstopo:routepoint_id>
				</extensions>
			</trkpt>
			<trkpt lat="46.2497217380" lon="8.6447764579">
				<ele>1503.2</ele>
				<time>1970-01-01T01:00:00+01:00</time>
				<extensions>
					<swisstopo:routepoint_id>390869898</swisstopo:routepoint_id>
				</extensions>
			</trkpt>
			<trkpt lat="46.2497035464" lon="8.6448280104">
				<ele>1501.8</ele>
				<time>1970-01-01T01:00:00+01:00</time>
				<extensions>
					<swisstopo:routepoint_id>1512685132</swisstopo:routepoint_id>
				</extensions>
			</trkpt>
			<trkpt lat="46.2496831981" lon="8.6448741896">
				<ele>1500.7</ele>
				<time>1970-01-01T01:00:00+01:00</time>
				<extensions>
					<swisstopo:routepoint_id>1000560418</swisstopo:routepoint_id>
				</extensions>
			</trkpt>
			<trkpt lat="46.2496533859" lon="8.6449106356">
				<ele>1499.6</ele>
				<time>1970-01-01T01:00:00+01:00</time>
				<extensions>
					<swisstopo:routepoint_id>1616410957</swisstopo:routepoint_id>
				</extensions>
			</trkpt>
			<trkpt lat="46.2496235260" lon="8.6449523804">
				<ele>1498.2</ele>
				<time>1970-01-01T01:00:00+01:00</time>
				<extensions>
					<swisstopo:routepoint_id>833897525</swisstopo:routepoint_id>
				</extensions>
			</trkpt>
			<trkpt lat="46.2496004723" lon="8.6449762484">
				<ele>1497.5</ele>
				<time>1970-01-01T01:00:00+01:00</time>
				<extensions>
					<swisstopo:routepoint_id>1618440868</swisstopo:routepoint_id>
				</extensions>
			</trkpt>
			<trkpt lat="46.2495658268" lon="8.6449839594">
				<ele>1497.0</ele>
				<time>1970-01-01T01:00:00+01:00</time>
				<extensions>
					<swisstopo:routepoint_id>1696252812</swisstopo:routepoint_id>
				</extensions>
			</trkpt>
			<trkpt lat="46.2495247028" lon="8.6449788056">
				<ele>1496.6</ele>
				<time>1970-01-01T01:00:00+01:00</time>
				<extensions>
					<swisstopo:routepoint_id>499317579</swisstopo:routepoint_id>
				</extensions>
			</trkpt>
			<trkpt lat="46.2495026808" lon="8.6449751452">
				<ele>1496.4</ele>
				<time>1970-01-01T01:00:00+01:00</time>
				<extensions>
					<swisstopo:routepoint_id>1193163096</swisstopo:routepoint_id>
				</extensions>
			</trkpt>
			<trkpt lat="46.2494657290" lon="8.6449923350">
				<ele>1495.7</ele>
				<time>1970-01-01T01:00:00+01:00</time>
				<extensions>
					<swisstopo:routepoint_id>1794364157</swisstopo:routepoint_id>
				</extensions>
			</trkpt>
			<trkpt lat="46.2494226206" lon="8.6450348499">
				<ele>1494.5</ele>
				<time>1970-01-01T01:00:00+01:00</time>
				<extensions>
					<swisstopo:routepoint_id>1653682096</swisstopo:routepoint_id>
				</extensions>
			</trkpt>
			<trkpt lat="46.2494275531" lon="8.6450551017">
				<ele>1494.0</ele>
				<time>1970-01-01T01:00:00+01:00</time>
				<extensions>
					<swisstopo:routepoint_id>703796499</swisstopo:routepoint_id>
				</extensions>
			</trkpt>
			<trkpt lat="46.2494643242" lon="8.6450548528">
				<ele>1493.4</ele>
				<time>1970-01-01T01:00:00+01:00</time>
				<extensions>
					<swisstopo:routepoint_id>993940896</swisstopo:routepoint_id>
				</extensions>
			</trkpt>
			<trkpt lat="46.2494797459" lon="8.6450562584">
				<ele>1493.0</ele>
				<time>1970-01-01T01:00:00+01:00</time>
				<extensions>
					<swisstopo:routepoint_id>1645078687</swisstopo:routepoint_id>
				</extensions>
			</trkpt>
			<trkpt lat="46.2495008014" lon="8.6450821676">
				<ele>1492.2</ele>
				<time>1970-01-01T01:00:00+01:00</time>
				<extensions>
					<swisstopo:routepoint_id>745098696</swisstopo:routepoint_id>
				</extensions>
			</trkpt>
			<trkpt lat="46.2495357553" lon="8.6451147423">
				<ele>1491.6</ele>
				<time>1970-01-01T01:00:00+01:00</time>
				<extensions>
					<swisstopo:routepoint_id>2039110041</swisstopo:routepoint_id>
				</extensions>
			</trkpt>
			<trkpt lat="46.2495576191" lon="8.6451332355">
				<ele>1490.9</ele>
				<time>1970-01-01T01:00:00+01:00</time>
				<extensions>
					<swisstopo:routepoint_id>304470847</swisstopo:routepoint_id>
				</extensions>
			</trkpt>
			<trkpt lat="46.2496119575" lon="8.6451408099">
				<ele>1490.4</ele>
				<time>1970-01-01T01:00:00+01:00</time>
				<extensions>
					<swisstopo:routepoint_id>1168035878</swisstopo:routepoint_id>
				</extensions>
			</trkpt>
			<trkpt lat="46.2496418884" lon="8.6451616096">
				<ele>1489.7</ele>
				<time>1970-01-01T01:00:00+01:00</time>
				<extensions>
					<swisstopo:routepoint_id>1019964385</swisstopo:routepoint_id>
				</extensions>
			</trkpt>
			<trkpt lat="46.2496785691" lon="8.6451698439">
				<ele>1488.9</ele>
				<time>1970-01-01T01:00:00+01:00</time>
				<extensions>
					<swisstopo:routepoint_id>644611782</swisstopo:routepoint_id>
				</extensions>
			</trkpt>
			<trkpt lat="46.2496865571" lon="8.6451795635">
				<ele>1488.5</ele>
				<time>1970-01-01T01:00:00+01:00</time>
				<extensions>
					<swisstopo:routepoint_id>23269508</swisstopo:routepoint_id>
				</extensions>
			</trkpt>
			<trkpt lat="46.2496404383" lon="8.6452283692">
				<ele>1487.0</ele>
				<time>1970-01-01T01:00:00+01:00</time>
				<extensions>
					<swisstopo:routepoint_id>59421011</swisstopo:routepoint_id>
				</extensions>
			</trkpt>
			<trkpt lat="46.2496152140" lon="8.6452489975">
				<ele>1486.4</ele>
				<time>1970-01-01T01:00:00+01:00</time>
				<extensions>
					<swisstopo:routepoint_id>1712744204</swisstopo:routepoint_id>
				</extensions>
			</trkpt>
			<trkpt lat="46.2495885225" lon="8.6452696123">
				<ele>1485.2</ele>
				<time>1970-01-01T01:00:00+01:00</time>
				<extensions>
					<swisstopo:routepoint_id>1842366878</swisstopo:routepoint_id>
				</extensions>
			</trkpt>
			<trkpt lat="46.2495500245" lon="8.6452942016">
				<ele>1483.6</ele>
				<time>1970-01-01T01:00:00+01:00</time>
				<extensions>
					<swisstopo:routepoint_id>133884642</swisstopo:routepoint_id>
				</extensions>
			</trkpt>
			<trkpt lat="46.2495379039" lon="8.6453267905">
				<ele>1482.3</ele>
				<time>1970-01-01T01:00:00+01:00</time>
				<extensions>
					<swisstopo:routepoint_id>2082910630</swisstopo:routepoint_id>
				</extensions>
			</trkpt>
			<trkpt lat="46.2495508947" lon="8.6453493487">
				<ele>1481.5</ele>
				<time>1970-01-01T01:00:00+01:00</time>
				<extensions>
					<swisstopo:routepoint_id>288778999</swisstopo:routepoint_id>
				</extensions>
			</trkpt>
			<trkpt lat="46.2495662775" lon="8.6453560408">
				<ele>1481.3</ele>
				<time>1970-01-01T01:00:00+01:00</time>
				<extensions>
					<swisstopo:routepoint_id>499253389</swisstopo:routepoint_id>
				</extensions>
			</trkpt>
			<trkpt lat="46.2496360715" lon="8.6453618305">
				<ele>1480.4</ele>
				<time>1970-01-01T01:00:00+01:00</time>
				<extensions>
					<swisstopo:routepoint_id>1191836512</swisstopo:routepoint_id>
				</extensions>
			</trkpt>
			<trkpt lat="46.2496756947" lon="8.6453701238">
				<ele>1479.3</ele>
				<time>1970-01-01T01:00:00+01:00</time>
				<extensions>
					<swisstopo:routepoint_id>1915769283</swisstopo:routepoint_id>
				</extensions>
			</trkpt>
			<trkpt lat="46.2497660438" lon="8.6453795479">
				<ele>1477.0</ele>
				<time>1970-01-01T01:00:00+01:00</time>
				<extensions>
					<swisstopo:routepoint_id>963216673</swisstopo:routepoint_id>
				</extensions>
			</trkpt>
			<trkpt lat="46.2497873480" lon="8.6453821477">
				<ele>1476.4</ele>
				<time>1970-01-01T01:00:00+01:00</time>
				<extensions>
					<swisstopo:routepoint_id>921942589</swisstopo:routepoint_id>
				</extensions>
			</trkpt>
			<trkpt lat="46.2498048021" lon="8.6454005624">
				<ele>1475.4</ele>
				<time>1970-01-01T01:00:00+01:00</time>
				<extensions>
					<swisstopo:routepoint_id>678787607</swisstopo:routepoint_id>
				</extensions>
			</trkpt>
			<trkpt lat="46.2497825089" lon="8.6454223195">
				<ele>1474.9</ele>
				<time>1970-01-01T01:00:00+01:00</time>
				<extensions>
					<swisstopo:routepoint_id>1529603198</swisstopo:routepoint_id>
				</extensions>
			</trkpt>
			<trkpt lat="46.2497460711" lon="8.6454596758">
				<ele>1474.3</ele>
				<time>1970-01-01T01:00:00+01:00</time>
				<extensions>
					<swisstopo:routepoint_id>2067641793</swisstopo:routepoint_id>
				</extensions>
			</trkpt>
			<trkpt lat="46.2497021546" lon="8.6455095749">
				<ele>1472.5</ele>
				<time>1970-01-01T01:00:00+01:00</time>
				<extensions>
					<swisstopo:routepoint_id>334579946</swisstopo:routepoint_id>
				</extensions>
			</trkpt>
			<trkpt lat="46.2496663641" lon="8.6455554306">
				<ele>1471.4</ele>
				<time>1970-01-01T01:00:00+01:00</time>
				<extensions>
					<swisstopo:routepoint_id>425277772</swisstopo:routepoint_id>
				</extensions>
			</trkpt>
			<trkpt lat="46.2496461850" lon="8.6455857196">
				<ele>1470.9</ele>
				<time>1970-01-01T01:00:00+01:00</time>
				<extensions>
					<swisstopo:routepoint_id>2049372303</swisstopo:routepoint_id>
				</extensions>
			</trkpt>
			<trkpt lat="46.2496981917" lon="8.6456059641">
				<ele>1469.3</ele>
				<time>1970-01-01T01:00:00+01:00</time>
				<extensions>
					<swisstopo:routepoint_id>993119131</swisstopo:routepoint_id>
				</extensions>
			</trkpt>
			<trkpt lat="46.2497420912" lon="8.6456260099">
				<ele>1468.2</ele>
				<time>1970-01-01T01:00:00+01:00</time>
				<extensions>
					<swisstopo:routepoint_id>489366597</swisstopo:routepoint_id>
				</extensions>
			</trkpt>
			<trkpt lat="46.2498018963" lon="8.6456729213">
				<ele>1465.6</ele>
				<time>1970-01-01T01:00:00+01:00</time>
				<extensions>
					<swisstopo:routepoint_id>800423261</swisstopo:routepoint_id>
				</extensions>
			</trkpt>
			<trkpt lat="46.2497581040" lon="8.6457111656">
				<ele>1464.6</ele>
				<time>1970-01-01T01:00:00+01:00</time>
				<extensions>
					<swisstopo:routepoint_id>8603409</swisstopo:routepoint_id>
				</extensions>
			</trkpt>
			<trkpt lat="46.2496980528" lon="8.6457564832">
				<ele>1463.4</ele>
				<time>1970-01-01T01:00:00+01:00</time>
				<extensions>
					<swisstopo:routepoint_id>2106181451</swisstopo:routepoint_id>
				</extensions>
			</trkpt>
			<trkpt lat="46.2496140404" lon="8.6458415419">
				<ele>1459.5</ele>
				<time>1970-01-01T01:00:00+01:00</time>
				<extensions>
					<swisstopo:routepoint_id>1102314503</swisstopo:routepoint_id>
				</extensions>
			</trkpt>
			<trkpt lat="46.2495568752" lon="8.6458922170">
				<ele>1457.2</ele>
				<time>1970-01-01T01:00:00+01:00</time>
				<extensions>
					<swisstopo:routepoint_id>1340607840</swisstopo:routepoint_id>
				</extensions>
			</trkpt>
			<trkpt lat="46.2495160165" lon="8.6459305386">
				<ele>1455.0</ele>
				<time>1970-01-01T01:00:00+01:00</time>
				<extensions>
					<swisstopo:routepoint_id>1724546466</swisstopo:routepoint_id>
				</extensions>
			</trkpt>
			<trkpt lat="46.2494693721" lon="8.6459602404">
				<ele>1453.2</ele>
				<time>1970-01-01T01:00:00+01:00</time>
				<extensions>
					<swisstopo:routepoint_id>1019145655</swisstopo:routepoint_id>
				</extensions>
			</trkpt>
			<trkpt lat="46.2494353286" lon="8.6459806854">
				<ele>1451.8</ele>
				<time>1970-01-01T01:00:00+01:00</time>
				<extensions>
					<swisstopo:routepoint_id>1807342713</swisstopo:routepoint_id>
				</extensions>
			</trkpt>
			<trkpt lat="46.2493879236" lon="8.6460124978">
				<ele>1449.9</ele>
				<time>1970-01-01T01:00:00+01:00</time>
				<extensions>
					<swisstopo:routepoint_id>1144766370</swisstopo:routepoint_id>
				</extensions>
			</trkpt>
			<trkpt lat="46.2493390544" lon="8.6460432076">
				<ele>1447.9</ele>
				<time>1970-01-01T01:00:00+01:00</time>
				<extensions>
					<swisstopo:routepoint_id>960543374</swisstopo:routepoint_id>
				</extensions>
			</trkpt>
			<trkpt lat="46.2493124194" lon="8.6460585169">
				<ele>1446.8</ele>
				<time>1970-01-01T01:00:00+01:00</time>
				<extensions>
					<swisstopo:routepoint_id>1079351225</swisstopo:routepoint_id>
				</extensions>
			</trkpt>
			<trkpt lat="46.2492498302" lon="8.6460666775">
				<ele>1445.7</ele>
				<time>1970-01-01T01:00:00+01:00</time>
				<extensions>
					<swisstopo:routepoint_id>328386278</swisstopo:routepoint_id>
				</extensions>
			</trkpt>
			<trkpt lat="46.2492767871" lon="8.6460895265">
				<ele>1444.9</ele>
				<time>1970-01-01T01:00:00+01:00</time>
				<extensions>
					<swisstopo:routepoint_id>2073020017</swisstopo:routepoint_id>
				</extensions>
			</trkpt>
			<trkpt lat="46.2493380137" lon="8.6461407058">
				<ele>1443.1</ele>
				<time>1970-01-01T01:00:00+01:00</time>
				<extensions>
					<swisstopo:routepoint_id>1777317222</swisstopo:routepoint_id>
				</extensions>
			</trkpt>
			<trkpt lat="46.2494043396" lon="8.6461973046">
				<ele>1441.4</ele>
				<time>1970-01-01T01:00:00+01:00</time>
				<extensions>
					<swisstopo:routepoint_id>1553587878</swisstopo:routepoint_id>
				</extensions>
			</trkpt>
			<trkpt lat="46.2494730224" lon="8.6462380494">
				<ele>1439.2</ele>
				<time>1970-01-01T01:00:00+01:00</time>
				<extensions>
					<swisstopo:routepoint_id>1782114901</swisstopo:routepoint_id>
				</extensions>
			</trkpt>
			<trkpt lat="46.2495176092" lon="8.6462644811">
				<ele>1437.9</ele>
				<time>1970-01-01T01:00:00+01:00</time>
				<extensions>
					<swisstopo:routepoint_id>891074118</swisstopo:routepoint_id>
				</extensions>
			</trkpt>
			<trkpt lat="46.2496024489" lon="8.6463077058">
				<ele>1434.9</ele>
				<time>1970-01-01T01:00:00+01:00</time>
				<extensions>
					<swisstopo:routepoint_id>520493364</swisstopo:routepoint_id>
				</extensions>
			</trkpt>
			<trkpt lat="46.2496462438" lon="8.6463383626">
				<ele>1433.5</ele>
				<time>1970-01-01T01:00:00+01:00</time>
				<extensions>
					<swisstopo:routepoint_id>1683520364</swisstopo:routepoint_id>
				</extensions>
			</trkpt>
			<trkpt lat="46.2496202134" lon="8.6463653427">
				<ele>1432.7</ele>
				<time>1970-01-01T01:00:00+01:00</time>
				<extensions>
					<swisstopo:routepoint_id>269893923</swisstopo:routepoint_id>
				</extensions>
			</trkpt>
			<trkpt lat="46.2495584576" lon="8.6464328729">
				<ele>1431.0</ele>
				<time>1970-01-01T01:00:00+01:00</time>
				<extensions>
					<swisstopo:routepoint_id>1236981676</swisstopo:routepoint_id>
				</extensions>
			</trkpt>
			<trkpt lat="46.2495169037" lon="8.6464679873">
				<ele>1429.8</ele>
				<time>1970-01-01T01:00:00+01:00</time>
				<extensions>
					<swisstopo:routepoint_id>1581097123</swisstopo:routepoint_id>
				</extensions>
			</trkpt>
			<trkpt lat="46.2494799062" lon="8.6464894302">
				<ele>1428.8</ele>
				<time>1970-01-01T01:00:00+01:00</time>
				<extensions>
					<swisstopo:routepoint_id>1001784443</swisstopo:routepoint_id>
				</extensions>
			</trkpt>
			<trkpt lat="46.2494443216" lon="8.6465151407">
				<ele>1427.5</ele>
				<time>1970-01-01T01:00:00+01:00</time>
				<extensions>
					<swisstopo:routepoint_id>344207660</swisstopo:routepoint_id>
				</extensions>
			</trkpt>
			<trkpt lat="46.2494166859" lon="8.6465558701">
				<ele>1426.2</ele>
				<time>1970-01-01T01:00:00+01:00</time>
				<extensions>
					<swisstopo:routepoint_id>1104325426</swisstopo:routepoint_id>
				</extensions>
			</trkpt>
			<trkpt lat="46.2493810648" lon="8.6465858223">
				<ele>1425.2</ele>
				<time>1970-01-01T01:00:00+01:00</time>
				<extensions>
					<swisstopo:routepoint_id>18269490</swisstopo:routepoint_id>
				</extensions>
			</trkpt>
			<trkpt lat="46.2493538052" lon="8.6465905111">
				<ele>1424.8</ele>
				<time>1970-01-01T01:00:00+01:00</time>
				<extensions>
					<swisstopo:routepoint_id>1488944463</swisstopo:routepoint_id>
				</extensions>
			</trkpt>
			<trkpt lat="46.2493265340" lon="8.6465962761">
				<ele>1424.1</ele>
				<time>1970-01-01T01:00:00+01:00</time>
				<extensions>
					<swisstopo:routepoint_id>2083394823</swisstopo:routepoint_id>
				</extensions>
			</trkpt>
			<trkpt lat="46.2492809781" lon="8.6465931376">
				<ele>1423.2</ele>
				<time>1970-01-01T01:00:00+01:00</time>
				<extensions>
					<swisstopo:routepoint_id>1248949042</swisstopo:routepoint_id>
				</extensions>
			</trkpt>
			<trkpt lat="46.2492960941" lon="8.6466231581">
				<ele>1422.7</ele>
				<time>1970-01-01T01:00:00+01:00</time>
				<extensions>
					<swisstopo:routepoint_id>984515722</swisstopo:routepoint_id>
				</extensions>
			</trkpt>
			<trkpt lat="46.2493315704" lon="8.6466758815">
				<ele>1421.2</ele>
				<time>1970-01-01T01:00:00+01:00</time>
				<extensions>
					<swisstopo:routepoint_id>530668794</swisstopo:routepoint_id>
				</extensions>
			</trkpt>
			<trkpt lat="46.2493687649" lon="8.6467042770">
				<ele>1420.1</ele>
				<time>1970-01-01T01:00:00+01:00</time>
				<extensions>
					<swisstopo:routepoint_id>1845592406</swisstopo:routepoint_id>
				</extensions>
			</trkpt>
			<trkpt lat="46.2494016155" lon="8.6467272571">
				<ele>1419.0</ele>
				<time>1970-01-01T01:00:00+01:00</time>
				<extensions>
					<swisstopo:routepoint_id>815479217</swisstopo:routepoint_id>
				</extensions>
			</trkpt>
			<trkpt lat="46.2494504217" lon="8.6467707466">
				<ele>1417.1</ele>
				<time>1970-01-01T01:00:00+01:00</time>
				<extensions>
					<swisstopo:routepoint_id>381634984</swisstopo:routepoint_id>
				</extensions>
			</trkpt>
			<trkpt lat="46.2495174651" lon="8.6468284134">
				<ele>1415.2</ele>
				<time>1970-01-01T01:00:00+01:00</time>
				<extensions>
					<swisstopo:routepoint_id>83168847</swisstopo:routepoint_id>
				</extensions>
			</trkpt>
			<trkpt lat="46.2495654882" lon="8.6468761282">
				<ele>1413.8</ele>
				<time>1970-01-01T01:00:00+01:00</time>
				<extensions>
					<swisstopo:routepoint_id>1680748775</swisstopo:routepoint_id>
				</extensions>
			</trkpt>
			<trkpt lat="46.2496099956" lon="8.6469099737">
				<ele>1412.5</ele>
				<time>1970-01-01T01:00:00+01:00</time>
				<extensions>
					<swisstopo:routepoint_id>579780096</swisstopo:routepoint_id>
				</extensions>
			</trkpt>
			<trkpt lat="46.2496517241" lon="8.6469267999">
				<ele>1411.3</ele>
				<time>1970-01-01T01:00:00+01:00</time>
				<extensions>
					<swisstopo:routepoint_id>58602281</swisstopo:routepoint_id>
				</extensions>
			</trkpt>
			<trkpt lat="46.2497227648" lon="8.6469548706">
				<ele>1409.3</ele>
				<time>1970-01-01T01:00:00+01:00</time>
				<extensions>
					<swisstopo:routepoint_id>727991487</swisstopo:routepoint_id>
				</extensions>
			</trkpt>
			<trkpt lat="46.2498113211" lon="8.6469939428">
				<ele>1406.9</ele>
				<time>1970-01-01T01:00:00+01:00</time>
				<extensions>
					<swisstopo:routepoint_id>816380092</swisstopo:routepoint_id>
				</extensions>
			</trkpt>
			<trkpt lat="46.2497609594" lon="8.6470278103">
				<ele>1405.5</ele>
				<time>1970-01-01T01:00:00+01:00</time>
				<extensions>
					<swisstopo:routepoint_id>1035007005</swisstopo:routepoint_id>
				</extensions>
			</trkpt>
			<trkpt lat="46.2497193600" lon="8.6470671659">
				<ele>1404.3</ele>
				<time>1970-01-01T01:00:00+01:00</time>
				<extensions>
					<swisstopo:routepoint_id>1449517651</swisstopo:routepoint_id>
				</extensions>
			</trkpt>
			<trkpt lat="46.2496826274" lon="8.6471320721">
				<ele>1402.2</ele>
				<time>1970-01-01T01:00:00+01:00</time>
				<extensions>
					<swisstopo:routepoint_id>922282047</swisstopo:routepoint_id>
				</extensions>
			</trkpt>
			<trkpt lat="46.2496403126" lon="8.6471693031">
				<ele>1400.4</ele>
				<time>1970-01-01T01:00:00+01:00</time>
				<extensions>
					<swisstopo:routepoint_id>290905115</swisstopo:routepoint_id>
				</extensions>
			</trkpt>
			<trkpt lat="46.2495995329" lon="8.6472001916">
				<ele>1398.8</ele>
				<time>1970-01-01T01:00:00+01:00</time>
				<extensions>
					<swisstopo:routepoint_id>886243104</swisstopo:routepoint_id>
				</extensions>
			</trkpt>
			<trkpt lat="46.2495521955" lon="8.6472256407">
				<ele>1397.0</ele>
				<time>1970-01-01T01:00:00+01:00</time>
				<extensions>
					<swisstopo:routepoint_id>1033094514</swisstopo:routepoint_id>
				</extensions>
			</trkpt>
			<trkpt lat="46.2494947448" lon="8.6472339078">
				<ele>1395.1</ele>
				<time>1970-01-01T01:00:00+01:00</time>
				<extensions>
					<swisstopo:routepoint_id>98594537</swisstopo:routepoint_id>
				</extensions>
			</trkpt>
			<trkpt lat="46.2494343855" lon="8.6472389316">
				<ele>1393.2</ele>
				<time>1970-01-01T01:00:00+01:00</time>
				<extensions>
					<swisstopo:routepoint_id>621180194</swisstopo:routepoint_id>
				</extensions>
			</trkpt>
			<trkpt lat="46.2493587763" lon="8.6472955467">
				<ele>1391.7</ele>
				<time>1970-01-01T01:00:00+01:00</time>
				<extensions>
					<swisstopo:routepoint_id>1430995336</swisstopo:routepoint_id>
				</extensions>
			</trkpt>
			<trkpt lat="46.2494056720" lon="8.6473114367">
				<ele>1390.0</ele>
				<time>1970-01-01T01:00:00+01:00</time>
				<extensions>
					<swisstopo:routepoint_id>102423241</swisstopo:routepoint_id>
				</extensions>
			</trkpt>
			<trkpt lat="46.2494401478" lon="8.6473196235">
				<ele>1389.2</ele>
				<time>1970-01-01T01:00:00+01:00</time>
				<extensions>
					<swisstopo:routepoint_id>1415593128</swisstopo:routepoint_id>
				</extensions>
			</trkpt>
			<trkpt lat="46.2494930236" lon="8.6473949976">
				<ele>1387.1</ele>
				<time>1970-01-01T01:00:00+01:00</time>
				<extensions>
					<swisstopo:routepoint_id>892774015</swisstopo:routepoint_id>
				</extensions>
			</trkpt>
			<trkpt lat="46.2495613724" lon="8.6474685942">
				<ele>1384.7</ele>
				<time>1970-01-01T01:00:00+01:00</time>
				<extensions>
					<swisstopo:routepoint_id>476771697</swisstopo:routepoint_id>
				</extensions>
			</trkpt>
			<trkpt lat="46.2496472029" lon="8.6475563644">
				<ele>1380.9</ele>
				<time>1970-01-01T01:00:00+01:00</time>
				<extensions>
					<swisstopo:routepoint_id>983514953</swisstopo:routepoint_id>
				</extensions>
			</trkpt>
			<trkpt lat="46.2497119846" lon="8.6476192822">
				<ele>1378.5</ele>
				<time>1970-01-01T01:00:00+01:00</time>
				<extensions>
					<swisstopo:routepoint_id>1002746845</swisstopo:routepoint_id>
				</extensions>
			</trkpt>
			<trkpt lat="46.2497514150" lon="8.6476456069">
				<ele>1377.2</ele>
				<time>1970-01-01T01:00:00+01:00</time>
				<extensions>
					<swisstopo:routepoint_id>1168414251</swisstopo:routepoint_id>
				</extensions>
			</trkpt>
			<trkpt lat="46.2497946504" lon="8.6476603523">
				<ele>1376.1</ele>
				<time>1970-01-01T01:00:00+01:00</time>
				<extensions>
					<swisstopo:routepoint_id>916804096</swisstopo:routepoint_id>
				</extensions>
			</trkpt>
			<trkpt lat="46.2498055041" lon="8.6476764871">
				<ele>1375.3</ele>
				<time>1970-01-01T01:00:00+01:00</time>
				<extensions>
					<swisstopo:routepoint_id>504428741</swisstopo:routepoint_id>
				</extensions>
			</trkpt>
			<trkpt lat="46.2497853245" lon="8.6477067754">
				<ele>1374.6</ele>
				<time>1970-01-01T01:00:00+01:00</time>
				<extensions>
					<swisstopo:routepoint_id>1552726029</swisstopo:routepoint_id>
				</extensions>
			</trkpt>
			<trkpt lat="46.2497336003" lon="8.6477300055">
				<ele>1373.6</ele>
				<time>1970-01-01T01:00:00+01:00</time>
				<extensions>
					<swisstopo:routepoint_id>1550840284</swisstopo:routepoint_id>
				</extensions>
			</trkpt>
			<trkpt lat="46.2496464585" lon="8.6477641128">
				<ele>1371.1</ele>
				<time>1970-01-01T01:00:00+01:00</time>
				<extensions>
					<swisstopo:routepoint_id>169036505</swisstopo:routepoint_id>
				</extensions>
			</trkpt>
			<trkpt lat="46.2495488296" lon="8.6478160084">
				<ele>1367.6</ele>
				<time>1970-01-01T01:00:00+01:00</time>
				<extensions>
					<swisstopo:routepoint_id>149033809</swisstopo:routepoint_id>
				</extensions>
			</trkpt>
			<trkpt lat="46.2494978318" lon="8.6478403182">
				<ele>1365.4</ele>
				<time>1970-01-01T01:00:00+01:00</time>
				<extensions>
					<swisstopo:routepoint_id>1762423558</swisstopo:routepoint_id>
				</extensions>
			</trkpt>
			<trkpt lat="46.2494434596" lon="8.6478359317">
				<ele>1363.9</ele>
				<time>1970-01-01T01:00:00+01:00</time>
				<extensions>
					<swisstopo:routepoint_id>1282214090</swisstopo:routepoint_id>
				</extensions>
			</trkpt>
			<trkpt lat="46.2494082687" lon="8.6478256075">
				<ele>1363.1</ele>
				<time>1970-01-01T01:00:00+01:00</time>
				<extensions>
					<swisstopo:routepoint_id>1949338536</swisstopo:routepoint_id>
				</extensions>
			</trkpt>
			<trkpt lat="46.2493643042" lon="8.6478108459">
				<ele>1362.3</ele>
				<time>1970-01-01T01:00:00+01:00</time>
				<extensions>
					<swisstopo:routepoint_id>24566566</swisstopo:routepoint_id>
				</extensions>
			</trkpt>
			<trkpt lat="46.2493685436" lon="8.6478268527">
				<ele>1361.9</ele>
				<time>1970-01-01T01:00:00+01:00</time>
				<extensions>
					<swisstopo:routepoint_id>952757287</swisstopo:routepoint_id>
				</extensions>
			</trkpt>
			<trkpt lat="46.2494171002" lon="8.6478936526">
				<ele>1360.2</ele>
				<time>1970-01-01T01:00:00+01:00</time>
				<extensions>
					<swisstopo:routepoint_id>1910883652</swisstopo:routepoint_id>
				</extensions>
			</trkpt>
			<trkpt lat="46.2494908744" lon="8.6480087129">
				<ele>1355.8</ele>
				<time>1970-01-01T01:00:00+01:00</time>
				<extensions>
					<swisstopo:routepoint_id>1171078924</swisstopo:routepoint_id>
				</extensions>
			</trkpt>
			<trkpt lat="46.2495352682" lon="8.6480531568">
				<ele>1353.9</ele>
				<time>1970-01-01T01:00:00+01:00</time>
				<extensions>
					<swisstopo:routepoint_id>1425957484</swisstopo:routepoint_id>
				</extensions>
			</trkpt>
			<trkpt lat="46.2495773919" lon="8.6481028503">
				<ele>1352.1</ele>
				<time>1970-01-01T01:00:00+01:00</time>
				<extensions>
					<swisstopo:routepoint_id>2041581692</swisstopo:routepoint_id>
				</extensions>
			</trkpt>
			<trkpt lat="46.2496227364" lon="8.6481939645">
				<ele>1349.3</ele>
				<time>1970-01-01T01:00:00+01:00</time>
				<extensions>
					<swisstopo:routepoint_id>744101889</swisstopo:routepoint_id>
				</extensions>
			</trkpt>
			<trkpt lat="46.2496423155" lon="8.6482198422">
				<ele>1348.5</ele>
				<time>1970-01-01T01:00:00+01:00</time>
				<extensions>
					<swisstopo:routepoint_id>563274547</swisstopo:routepoint_id>
				</extensions>
			</trkpt>
			<trkpt lat="46.2496905509" lon="8.6482484716">
				<ele>1346.9</ele>
				<time>1970-01-01T01:00:00+01:00</time>
				<extensions>
					<swisstopo:routepoint_id>2036671181</swisstopo:routepoint_id>
				</extensions>
			</trkpt>
			<trkpt lat="46.2497321066" lon="8.6482822590">
				<ele>1345.1</ele>
				<time>1970-01-01T01:00:00+01:00</time>
				<extensions>
					<swisstopo:routepoint_id>192310578</swisstopo:routepoint_id>
				</extensions>
			</trkpt>
			<trkpt lat="46.2497657627" lon="8.6482989006">
				<ele>1344.0</ele>
				<time>1970-01-01T01:00:00+01:00</time>
				<extensions>
					<swisstopo:routepoint_id>265062909</swisstopo:routepoint_id>
				</extensions>
			</trkpt>
			<trkpt lat="46.2498060013" lon="8.6483178225">
				<ele>1342.7</ele>
				<time>1970-01-01T01:00:00+01:00</time>
				<extensions>
					<swisstopo:routepoint_id>1749582825</swisstopo:routepoint_id>
				</extensions>
			</trkpt>
			<trkpt lat="46.2497784922" lon="8.6483458327">
				<ele>1341.5</ele>
				<time>1970-01-01T01:00:00+01:00</time>
				<extensions>
					<swisstopo:routepoint_id>2143654944</swisstopo:routepoint_id>
				</extensions>
			</trkpt>
			<trkpt lat="46.2497299407" lon="8.6484157819">
				<ele>1338.6</ele>
				<time>1970-01-01T01:00:00+01:00</time>
				<extensions>
					<swisstopo:routepoint_id>1353070714</swisstopo:routepoint_id>
				</extensions>
			</trkpt>
			<trkpt lat="46.2496854550" lon="8.6484497659">
				<ele>1336.8</ele>
				<time>1970-01-01T01:00:00+01:00</time>
				<extensions>
					<swisstopo:routepoint_id>538221321</swisstopo:routepoint_id>
				</extensions>
			</trkpt>
			<trkpt lat="46.2496203461" lon="8.6484864893">
				<ele>1334.5</ele>
				<time>1970-01-01T01:00:00+01:00</time>
				<extensions>
					<swisstopo:routepoint_id>1773135192</swisstopo:routepoint_id>
				</extensions>
			</trkpt>
			<trkpt lat="46.2496588799" lon="8.6485276246">
				<ele>1332.9</ele>
				<time>1970-01-01T01:00:00+01:00</time>
				<extensions>
					<swisstopo:routepoint_id>432078175</swisstopo:routepoint_id>
				</extensions>
			</trkpt>
			<trkpt lat="46.2497005236" lon="8.6485539929">
				<ele>1331.3</ele>
				<time>1970-01-01T01:00:00+01:00</time>
				<extensions>
					<swisstopo:routepoint_id>2037510818</swisstopo:routepoint_id>
				</extensions>
			</trkpt>
			<trkpt lat="46.2497544790" lon="8.6485965349">
				<ele>1328.9</ele>
				<time>1970-01-01T01:00:00+01:00</time>
				<extensions>
					<swisstopo:routepoint_id>1455841094</swisstopo:routepoint_id>
				</extensions>
			</trkpt>
			<trkpt lat="46.2498072143" lon="8.6486167859">
				<ele>1327.1</ele>
				<time>1970-01-01T01:00:00+01:00</time>
				<extensions>
					<swisstopo:routepoint_id>66710856</swisstopo:routepoint_id>
				</extensions>
			</trkpt>
			<trkpt lat="46.2498680873" lon="8.6486319241">
				<ele>1325.3</ele>
				<time>1970-01-01T01:00:00+01:00</time>
				<extensions>
					<swisstopo:routepoint_id>498318103</swisstopo:routepoint_id>
				</extensions>
			</trkpt>
			<trkpt lat="46.2498878931" lon="8.6486366006">
				<ele>1324.7</ele>
				<time>1970-01-01T01:00:00+01:00</time>
				<extensions>
					<swisstopo:routepoint_id>1763171870</swisstopo:routepoint_id>
				</extensions>
			</trkpt>
			<trkpt lat="46.2499199827" lon="8.6486616992">
				<ele>1323.6</ele>
				<time>1970-01-01T01:00:00+01:00</time>
				<extensions>
					<swisstopo:routepoint_id>1513447460</swisstopo:routepoint_id>
				</extensions>
			</trkpt>
			<trkpt lat="46.2499448792" lon="8.6486717825">
				<ele>1322.8</ele>
				<time>1970-01-01T01:00:00+01:00</time>
				<extensions>
					<swisstopo:routepoint_id>335392236</swisstopo:routepoint_id>
				</extensions>
			</trkpt>
			<trkpt lat="46.2499743184" lon="8.6486703219">
				<ele>1321.9</ele>
				<time>1970-01-01T01:00:00+01:00</time>
				<extensions>
					<swisstopo:routepoint_id>1403692219</swisstopo:routepoint_id>
				</extensions>
			</trkpt>
			<trkpt lat="46.2499927732" lon="8.6486633171">
				<ele>1321.3</ele>
				<time>1970-01-01T01:00:00+01:00</time>
				<extensions>
					<swisstopo:routepoint_id>1935900373</swisstopo:routepoint_id>
				</extensions>
			</trkpt>
			<trkpt lat="46.2500023187" lon="8.6486645741">
				<ele>1321.2</ele>
				<time>1970-01-01T01:00:00+01:00</time>
				<extensions>
					<swisstopo:routepoint_id>1034306063</swisstopo:routepoint_id>
				</extensions>
			</trkpt>
			<trkpt lat="46.2499983434" lon="8.6486920625">
				<ele>1320.6</ele>
				<time>1970-01-01T01:00:00+01:00</time>
				<extensions>
					<swisstopo:routepoint_id>347178921</swisstopo:routepoint_id>
				</extensions>
			</trkpt>
			<trkpt lat="46.2499772897" lon="8.6487350462">
				<ele>1319.5</ele>
				<time>1970-01-01T01:00:00+01:00</time>
				<extensions>
					<swisstopo:routepoint_id>1737856992</swisstopo:routepoint_id>
				</extensions>
			</trkpt>
			<trkpt lat="46.2499494832" lon="8.6487916713">
				<ele>1317.8</ele>
				<time>1970-01-01T01:00:00+01:00</time>
				<extensions>
					<swisstopo:routepoint_id>329456802</swisstopo:routepoint_id>
				</extensions>
			</trkpt>
			<trkpt lat="46.2499808689" lon="8.6488135755">
				<ele>1316.8</ele>
				<time>1970-01-01T01:00:00+01:00</time>
				<extensions>
					<swisstopo:routepoint_id>38454883</swisstopo:routepoint_id>
				</extensions>
			</trkpt>
			<trkpt lat="46.2500175607" lon="8.6488207424">
				<ele>1315.4</ele>
				<time>1970-01-01T01:00:00+01:00</time>
				<extensions>
					<swisstopo:routepoint_id>1000971289</swisstopo:routepoint_id>
				</extensions>
			</trkpt>
			<trkpt lat="46.2500446843" lon="8.6488287794">
				<ele>1314.6</ele>
				<time>1970-01-01T01:00:00+01:00</time>
				<extensions>
					<swisstopo:routepoint_id>1674283451</swisstopo:routepoint_id>
				</extensions>
			</trkpt>
			<trkpt lat="46.2500556260" lon="8.6488375015">
				<ele>1314.2</ele>
				<time>1970-01-01T01:00:00+01:00</time>
				<extensions>
					<swisstopo:routepoint_id>2016785608</swisstopo:routepoint_id>
				</extensions>
			</trkpt>
			<trkpt lat="46.2500778440" lon="8.6488909962">
				<ele>1312.9</ele>
				<time>1970-01-01T01:00:00+01:00</time>
				<extensions>
					<swisstopo:routepoint_id>426977035</swisstopo:routepoint_id>
				</extensions>
			</trkpt>
			<trkpt lat="46.2501012970" lon="8.6489678399">
				<ele>1311.3</ele>
				<time>1970-01-01T01:00:00+01:00</time>
				<extensions>
					<swisstopo:routepoint_id>862682936</swisstopo:routepoint_id>
				</extensions>
			</trkpt>
			<trkpt lat="46.2501218406" lon="8.6489725329">
				<ele>1310.6</ele>
				<time>1970-01-01T01:00:00+01:00</time>
				<extensions>
					<swisstopo:routepoint_id>4910511</swisstopo:routepoint_id>
				</extensions>
			</trkpt>
			<trkpt lat="46.2501482971" lon="8.6489731211">
				<ele>1309.9</ele>
				<time>1970-01-01T01:00:00+01:00</time>
				<extensions>
					<swisstopo:routepoint_id>551791311</swisstopo:routepoint_id>
				</extensions>
			</trkpt>
			<trkpt lat="46.2501738179" lon="8.6489938314">
				<ele>1309.5</ele>
				<time>1970-01-01T01:00:00+01:00</time>
				<extensions>
					<swisstopo:routepoint_id>298211638</swisstopo:routepoint_id>
				</extensions>
			</trkpt>
			<trkpt lat="46.2501824414" lon="8.6490131021">
				<ele>1308.8</ele>
				<time>1970-01-01T01:00:00+01:00</time>
				<extensions>
					<swisstopo:routepoint_id>287088356</swisstopo:routepoint_id>
				</extensions>
			</trkpt>
			<trkpt lat="46.2501932042" lon="8.6490377205">
				<ele>1308.3</ele>
				<time>1970-01-01T01:00:00+01:00</time>
				<extensions>
					<swisstopo:routepoint_id>196139281</swisstopo:routepoint_id>
				</extensions>
			</trkpt>
			<trkpt lat="46.2502069321" lon="8.6490602899">
				<ele>1307.7</ele>
				<time>1970-01-01T01:00:00+01:00</time>
				<extensions>
					<swisstopo:routepoint_id>1059475843</swisstopo:routepoint_id>
				</extensions>
			</trkpt>
			<trkpt lat="46.2502251349" lon="8.6490776587">
				<ele>1307.1</ele>
				<time>1970-01-01T01:00:00+01:00</time>
				<extensions>
					<swisstopo:routepoint_id>1211361504</swisstopo:routepoint_id>
				</extensions>
			</trkpt>
			<trkpt lat="46.2502329639" lon="8.6491022120">
				<ele>1306.5</ele>
				<time>1970-01-01T01:00:00+01:00</time>
				<extensions>
					<swisstopo:routepoint_id>370519752</swisstopo:routepoint_id>
				</extensions>
			</trkpt>
			<trkpt lat="46.2502017036" lon="8.6491375600">
				<ele>1305.0</ele>
				<time>1970-01-01T01:00:00+01:00</time>
				<extensions>
					<swisstopo:routepoint_id>920992539</swisstopo:routepoint_id>
				</extensions>
			</trkpt>
			<trkpt lat="46.2501585824" lon="8.6491811230">
				<ele>1303.5</ele>
				<time>1970-01-01T01:00:00+01:00</time>
				<extensions>
					<swisstopo:routepoint_id>648194150</swisstopo:routepoint_id>
				</extensions>
			</trkpt>
			<trkpt lat="46.2501126661" lon="8.6492108450">
				<ele>1301.6</ele>
				<time>1970-01-01T01:00:00+01:00</time>
				<extensions>
					<swisstopo:routepoint_id>317294098</swisstopo:routepoint_id>
				</extensions>
			</trkpt>
			<trkpt lat="46.2500904855" lon="8.6492220093">
				<ele>1301.0</ele>
				<time>1970-01-01T01:00:00+01:00</time>
				<extensions>
					<swisstopo:routepoint_id>365367318</swisstopo:routepoint_id>
				</extensions>
			</trkpt>
			<trkpt lat="46.2501172350" lon="8.6492649985">
				<ele>1299.5</ele>
				<time>1970-01-01T01:00:00+01:00</time>
				<extensions>
					<swisstopo:routepoint_id>1539192715</swisstopo:routepoint_id>
				</extensions>
			</trkpt>
			<trkpt lat="46.2501635972" lon="8.6493307069">
				<ele>1297.7</ele>
				<time>1970-01-01T01:00:00+01:00</time>
				<extensions>
					<swisstopo:routepoint_id>1840152872</swisstopo:routepoint_id>
				</extensions>
			</trkpt>
			<trkpt lat="46.2501619488" lon="8.6493476343">
				<ele>1297.2</ele>
				<time>1970-01-01T01:00:00+01:00</time>
				<extensions>
					<swisstopo:routepoint_id>700747044</swisstopo:routepoint_id>
				</extensions>
			</trkpt>
			<trkpt lat="46.2501237110" lon="8.6493478287">
				<ele>1296.1</ele>
				<time>1970-01-01T01:00:00+01:00</time>
				<extensions>
					<swisstopo:routepoint_id>162925867</swisstopo:routepoint_id>
				</extensions>
			</trkpt>
			<trkpt lat="46.2500743297" lon="8.6493573433">
				<ele>1294.1</ele>
				<time>1970-01-01T01:00:00+01:00</time>
				<extensions>
					<swisstopo:routepoint_id>359479650</swisstopo:routepoint_id>
				</extensions>
			</trkpt>
			<trkpt lat="46.2500463522" lon="8.6493609573">
				<ele>1293.3</ele>
				<time>1970-01-01T01:00:00+01:00</time>
				<extensions>
					<swisstopo:routepoint_id>1725030735</swisstopo:routepoint_id>
				</extensions>
			</trkpt>
			<trkpt lat="46.2500606478" lon="8.6493994332">
				<ele>1292.2</ele>
				<time>1970-01-01T01:00:00+01:00</time>
				<extensions>
					<swisstopo:routepoint_id>1448569821</swisstopo:routepoint_id>
				</extensions>
			</trkpt>
			<trkpt lat="46.2500632841" lon="8.6494281135">
				<ele>1291.3</ele>
				<time>1970-01-01T01:00:00+01:00</time>
				<extensions>
					<swisstopo:routepoint_id>1056513298</swisstopo:routepoint_id>
				</extensions>
			</trkpt>
			<trkpt lat="46.2500242995" lon="8.6494283039">
				<ele>1289.9</ele>
				<time>1970-01-01T01:00:00+01:00</time>
				<extensions>
					<swisstopo:routepoint_id>198043381</swisstopo:routepoint_id>
				</extensions>
			</trkpt>
			<trkpt lat="46.2499941084" lon="8.6494318750">
				<ele>1288.8</ele>
				<time>1970-01-01T01:00:00+01:00</time>
				<extensions>
					<swisstopo:routepoint_id>704849260</swisstopo:routepoint_id>
				</extensions>
			</trkpt>
			<trkpt lat="46.2499555182" lon="8.6493960439">
				<ele>1287.9</ele>
				<time>1970-01-01T01:00:00+01:00</time>
				<extensions>
					<swisstopo:routepoint_id>308724038</swisstopo:routepoint_id>
				</extensions>
			</trkpt>
			<trkpt lat="46.2499611198" lon="8.6494226624">
				<ele>1287.3</ele>
				<time>1970-01-01T01:00:00+01:00</time>
				<extensions>
					<swisstopo:routepoint_id>736885703</swisstopo:routepoint_id>
				</extensions>
			</trkpt>
			<trkpt lat="46.2499734632" lon="8.6495056230">
				<ele>1285.1</ele>
				<time>1970-01-01T01:00:00+01:00</time>
				<extensions>
					<swisstopo:routepoint_id>802656999</swisstopo:routepoint_id>
				</extensions>
			</trkpt>
			<trkpt lat="46.2499457352" lon="8.6494859273">
				<ele>1284.1</ele>
				<time>1970-01-01T01:00:00+01:00</time>
				<extensions>
					<swisstopo:routepoint_id>169152923</swisstopo:routepoint_id>
				</extensions>
			</trkpt>
			<trkpt lat="46.2498967737" lon="8.6494562167">
				<ele>1282.0</ele>
				<time>1970-01-01T01:00:00+01:00</time>
				<extensions>
					<swisstopo:routepoint_id>573994254</swisstopo:routepoint_id>
				</extensions>
			</trkpt>
			<trkpt lat="46.2498645229" lon="8.6494470206">
				<ele>1280.5</ele>
				<time>1970-01-01T01:00:00+01:00</time>
				<extensions>
					<swisstopo:routepoint_id>811600515</swisstopo:routepoint_id>
				</extensions>
			</trkpt>
			<trkpt lat="46.2498331259" lon="8.6494261795">
				<ele>1279.2</ele>
				<time>1970-01-01T01:00:00+01:00</time>
				<extensions>
					<swisstopo:routepoint_id>2011875097</swisstopo:routepoint_id>
				</extensions>
			</trkpt>
			<trkpt lat="46.2498076053" lon="8.6494054629">
				<ele>1278.3</ele>
				<time>1970-01-01T01:00:00+01:00</time>
				<extensions>
					<swisstopo:routepoint_id>2022669371</swisstopo:routepoint_id>
				</extensions>
			</trkpt>
			<trkpt lat="46.2497811652" lon="8.6494016960">
				<ele>1277.2</ele>
				<time>1970-01-01T01:00:00+01:00</time>
				<extensions>
					<swisstopo:routepoint_id>564471298</swisstopo:routepoint_id>
				</extensions>
			</trkpt>
			<trkpt lat="46.2497382821" lon="8.6494230062">
				<ele>1275.2</ele>
				<time>1970-01-01T01:00:00+01:00</time>
				<extensions>
					<swisstopo:routepoint_id>1865305803</swisstopo:routepoint_id>
				</extensions>
			</trkpt>
			<trkpt lat="46.2497152590" lon="8.6494447518">
				<ele>1274.1</ele>
				<time>1970-01-01T01:00:00+01:00</time>
				<extensions>
					<swisstopo:routepoint_id>355652030</swisstopo:routepoint_id>
				</extensions>
			</trkpt>
			<trkpt lat="46.2497341227" lon="8.6494684991">
				<ele>1273.0</ele>
				<time>1970-01-01T01:00:00+01:00</time>
				<extensions>
					<swisstopo:routepoint_id>1386219443</swisstopo:routepoint_id>
				</extensions>
			</trkpt>
			<trkpt lat="46.2497648046" lon="8.6494871966">
				<ele>1272.2</ele>
				<time>1970-01-01T01:00:00+01:00</time>
				<extensions>
					<swisstopo:routepoint_id>1223210499</swisstopo:routepoint_id>
				</extensions>
			</trkpt>
			<trkpt lat="46.2497784844" lon="8.6495150713">
				<ele>1271.5</ele>
				<time>1970-01-01T01:00:00+01:00</time>
				<extensions>
					<swisstopo:routepoint_id>1973103177</swisstopo:routepoint_id>
				</extensions>
			</trkpt>
			<trkpt lat="46.2497960432" lon="8.6495917774">
				<ele>1269.7</ele>
				<time>1970-01-01T01:00:00+01:00</time>
				<extensions>
					<swisstopo:routepoint_id>138483303</swisstopo:routepoint_id>
				</extensions>
			</trkpt>
			<trkpt lat="46.2498224294" lon="8.6496686863">
				<ele>1267.8</ele>
				<time>1970-01-01T01:00:00+01:00</time>
				<extensions>
					<swisstopo:routepoint_id>563167354</swisstopo:routepoint_id>
				</extensions>
			</trkpt>
			<trkpt lat="46.2498430414" lon="8.6497359305">
				<ele>1265.6</ele>
				<time>1970-01-01T01:00:00+01:00</time>
				<extensions>
					<swisstopo:routepoint_id>53225654</swisstopo:routepoint_id>
				</extensions>
			</trkpt>
			<trkpt lat="46.2498508955" lon="8.6497573055">
				<ele>1264.9</ele>
				<time>1970-01-01T01:00:00+01:00</time>
				<extensions>
					<swisstopo:routepoint_id>555625221</swisstopo:routepoint_id>
				</extensions>
			</trkpt>
			<trkpt lat="46.2498697252" lon="8.6497842246">
				<ele>1264.8</ele>
				<time>1970-01-01T01:00:00+01:00</time>
				<extensions>
					<swisstopo:routepoint_id>1256485083</swisstopo:routepoint_id>
				</extensions>
			</trkpt>
			<trkpt lat="46.2498133185" lon="8.6497638908">
				<ele>1263.0</ele>
				<time>1970-01-01T01:00:00+01:00</time>
				<extensions>
					<swisstopo:routepoint_id>624624874</swisstopo:routepoint_id>
				</extensions>
			</trkpt>
			<trkpt lat="46.2497621498" lon="8.6497351947">
				<ele>1261.0</ele>
				<time>1970-01-01T01:00:00+01:00</time>
				<extensions>
					<swisstopo:routepoint_id>1812103922</swisstopo:routepoint_id>
				</extensions>
			</trkpt>
			<trkpt lat="46.2497080928" lon="8.6497021792">
				<ele>1259.0</ele>
				<time>1970-01-01T01:00:00+01:00</time>
				<extensions>
					<swisstopo:routepoint_id>1376266848</swisstopo:routepoint_id>
				</extensions>
			</trkpt>
			<trkpt lat="46.2496847087" lon="8.6496878865">
				<ele>1258.7</ele>
				<time>1970-01-01T01:00:00+01:00</time>
				<extensions>
					<swisstopo:routepoint_id>1480673221</swisstopo:routepoint_id>
				</extensions>
			</trkpt>
			<trkpt lat="46.2496654932" lon="8.6496970080">
				<ele>1258.2</ele>
				<time>1970-01-01T01:00:00+01:00</time>
				<extensions>
					<swisstopo:routepoint_id>1123199957</swisstopo:routepoint_id>
				</extensions>
			</trkpt>
			<trkpt lat="46.2496536184" lon="8.6497073375">
				<ele>1258.1</ele>
				<time>1970-01-01T01:00:00+01:00</time>
				<extensions>
					<swisstopo:routepoint_id>861839693</swisstopo:routepoint_id>
				</extensions>
			</trkpt>
			<trkpt lat="46.2496718805" lon="8.6497183375">
				<ele>1257.5</ele>
				<time>1970-01-01T01:00:00+01:00</time>
				<extensions>
					<swisstopo:routepoint_id>1450450000</swisstopo:routepoint_id>
				</extensions>
			</trkpt>
			<trkpt lat="46.2496887096" lon="8.6497261396">
				<ele>1256.9</ele>
				<time>1970-01-01T01:00:00+01:00</time>
				<extensions>
					<swisstopo:routepoint_id>1526987354</swisstopo:routepoint_id>
				</extensions>
			</trkpt>
			<trkpt lat="46.2497278560" lon="8.6497789534">
				<ele>1256.0</ele>
				<time>1970-01-01T01:00:00+01:00</time>
				<extensions>
					<swisstopo:routepoint_id>743720561</swisstopo:routepoint_id>
				</extensions>
			</trkpt>
			<trkpt lat="46.2497601952" lon="8.6498496372">
				<ele>1255.2</ele>
				<time>1970-01-01T01:00:00+01:00</time>
				<extensions>
					<swisstopo:routepoint_id>747789260</swisstopo:routepoint_id>
				</extensions>
			</trkpt>
			<trkpt lat="46.2497742070" lon="8.6499146069">
				<ele>1254.3</ele>
				<time>1970-01-01T01:00:00+01:00</time>
				<extensions>
					<swisstopo:routepoint_id>1608641326</swisstopo:routepoint_id>
				</extensions>
			</trkpt>
			<trkpt lat="46.2497943105" lon="8.6499595759">
				<ele>1253.4</ele>
				<time>1970-01-01T01:00:00+01:00</time>
				<extensions>
					<swisstopo:routepoint_id>2049675909</swisstopo:routepoint_id>
				</extensions>
			</trkpt>
			<trkpt lat="46.2498139233" lon="8.6499822763">
				<ele>1253.2</ele>
				<time>1970-01-01T01:00:00+01:00</time>
				<extensions>
					<swisstopo:routepoint_id>139571114</swisstopo:routepoint_id>
				</extensions>
			</trkpt>
			<trkpt lat="46.2498681479" lon="8.6500004469">
				<ele>1253.4</ele>
				<time>1970-01-01T01:00:00+01:00</time>
				<extensions>
					<swisstopo:routepoint_id>162891448</swisstopo:routepoint_id>
				</extensions>
			</trkpt>
			<trkpt lat="46.2498952350" lon="8.6500127072">
				<ele>1253.1</ele>
				<time>1970-01-01T01:00:00+01:00</time>
				<extensions>
					<swisstopo:routepoint_id>2138540132</swisstopo:routepoint_id>
				</extensions>
			</trkpt>
			<trkpt lat="46.2499495758" lon="8.6500192101">
				<ele>1252.6</ele>
				<time>1970-01-01T01:00:00+01:00</time>
				<extensions>
					<swisstopo:routepoint_id>304761474</swisstopo:routepoint_id>
				</extensions>
			</trkpt>
			<trkpt lat="46.2499861086" lon="8.6500412233">
				<ele>1251.6</ele>
				<time>1970-01-01T01:00:00+01:00</time>
				<extensions>
					<swisstopo:routepoint_id>698808531</swisstopo:routepoint_id>
				</extensions>
			</trkpt>
			<trkpt lat="46.2500162630" lon="8.6500418944">
				<ele>1250.9</ele>
				<time>1970-01-01T01:00:00+01:00</time>
				<extensions>
					<swisstopo:routepoint_id>247129216</swisstopo:routepoint_id>
				</extensions>
			</trkpt>
			<trkpt lat="46.2500462523" lon="8.6500563470">
				<ele>1250.0</ele>
				<time>1970-01-01T01:00:00+01:00</time>
				<extensions>
					<swisstopo:routepoint_id>146569294</swisstopo:routepoint_id>
				</extensions>
			</trkpt>
			<trkpt lat="46.2501025795" lon="8.6500840945">
				<ele>1248.6</ele>
				<time>1970-01-01T01:00:00+01:00</time>
				<extensions>
					<swisstopo:routepoint_id>1667017341</swisstopo:routepoint_id>
				</extensions>
			</trkpt>
			<trkpt lat="46.2501605299" lon="8.6500981056">
				<ele>1247.1</ele>
				<time>1970-01-01T01:00:00+01:00</time>
				<extensions>
					<swisstopo:routepoint_id>1325735503</swisstopo:routepoint_id>
				</extensions>
			</trkpt>
			<trkpt lat="46.2502097434" lon="8.6501034434">
				<ele>1245.9</ele>
				<time>1970-01-01T01:00:00+01:00</time>
				<extensions>
					<swisstopo:routepoint_id>642095303</swisstopo:routepoint_id>
				</extensions>
			</trkpt>
			<trkpt lat="46.2502007430" lon="8.6501202071">
				<ele>1245.6</ele>
				<time>1970-01-01T01:00:00+01:00</time>
				<extensions>
					<swisstopo:routepoint_id>530032501</swisstopo:routepoint_id>
				</extensions>
			</trkpt>
			<trkpt lat="46.2501815527" lon="8.6501261440">
				<ele>1245.3</ele>
				<time>1970-01-01T01:00:00+01:00</time>
				<extensions>
					<swisstopo:routepoint_id>1247736139</swisstopo:routepoint_id>
				</extensions>
			</trkpt>
			<trkpt lat="46.2501587138" lon="8.6501298656">
				<ele>1245.1</ele>
				<time>1970-01-01T01:00:00+01:00</time>
				<extensions>
					<swisstopo:routepoint_id>660043145</swisstopo:routepoint_id>
				</extensions>
			</trkpt>
			<trkpt lat="46.2500963879" lon="8.6501814920">
				<ele>1242.8</ele>
				<time>1970-01-01T01:00:00+01:00</time>
				<extensions>
					<swisstopo:routepoint_id>1919877522</swisstopo:routepoint_id>
				</extensions>
			</trkpt>
			<trkpt lat="46.2500408441" lon="8.6502184138">
				<ele>1240.9</ele>
				<time>1970-01-01T01:00:00+01:00</time>
				<extensions>
					<swisstopo:routepoint_id>1730341730</swisstopo:routepoint_id>
				</extensions>
			</trkpt>
			<trkpt lat="46.2499969481" lon="8.6502661949">
				<ele>1238.4</ele>
				<time>1970-01-01T01:00:00+01:00</time>
				<extensions>
					<swisstopo:routepoint_id>1454165918</swisstopo:routepoint_id>
				</extensions>
			</trkpt>
			<trkpt lat="46.2499479641" lon="8.6503075115">
				<ele>1236.4</ele>
				<time>1970-01-01T01:00:00+01:00</time>
				<extensions>
					<swisstopo:routepoint_id>1576084428</swisstopo:routepoint_id>
				</extensions>
			</trkpt>
			<trkpt lat="46.2499257151" lon="8.6503250441">
				<ele>1235.6</ele>
				<time>1970-01-01T01:00:00+01:00</time>
				<extensions>
					<swisstopo:routepoint_id>891004946</swisstopo:routepoint_id>
				</extensions>
			</trkpt>
			<trkpt lat="46.2499483386" lon="8.6503414478">
				<ele>1234.6</ele>
				<time>1970-01-01T01:00:00+01:00</time>
				<extensions>
					<swisstopo:routepoint_id>2027701883</swisstopo:routepoint_id>
				</extensions>
			</trkpt>
			<trkpt lat="46.2499805213" lon="8.6503569942">
				<ele>1234.1</ele>
				<time>1970-01-01T01:00:00+01:00</time>
				<extensions>
					<swisstopo:routepoint_id>1291435300</swisstopo:routepoint_id>
				</extensions>
			</trkpt>
			<trkpt lat="46.2499473284" lon="8.6503668555">
				<ele>1233.4</ele>
				<time>1970-01-01T01:00:00+01:00</time>
				<extensions>
					<swisstopo:routepoint_id>688903965</swisstopo:routepoint_id>
				</extensions>
			</trkpt>
			<trkpt lat="46.2498672540" lon="8.6504276162">
				<ele>1229.8</ele>
				<time>1970-01-01T01:00:00+01:00</time>
				<extensions>
					<swisstopo:routepoint_id>514427154</swisstopo:routepoint_id>
				</extensions>
			</trkpt>
			<trkpt lat="46.2498094965" lon="8.6504644947">
				<ele>1227.3</ele>
				<time>1970-01-01T01:00:00+01:00</time>
				<extensions>
					<swisstopo:routepoint_id>30223221</swisstopo:routepoint_id>
				</extensions>
			</trkpt>
			<trkpt lat="46.2497607482" lon="8.6504846160">
				<ele>1225.8</ele>
				<time>1970-01-01T01:00:00+01:00</time>
				<extensions>
					<swisstopo:routepoint_id>1743696251</swisstopo:routepoint_id>
				</extensions>
			</trkpt>
			<trkpt lat="46.2497868503" lon="8.6505191060">
				<ele>1224.6</ele>
				<time>1970-01-01T01:00:00+01:00</time>
				<extensions>
					<swisstopo:routepoint_id>118119132</swisstopo:routepoint_id>
				</extensions>
			</trkpt>
			<trkpt lat="46.2498152791" lon="8.6505430730">
				<ele>1223.6</ele>
				<time>1970-01-01T01:00:00+01:00</time>
				<extensions>
					<swisstopo:routepoint_id>702660740</swisstopo:routepoint_id>
				</extensions>
			</trkpt>
			<trkpt lat="46.2498503362" lon="8.6505650536">
				<ele>1222.4</ele>
				<time>1970-01-01T01:00:00+01:00</time>
				<extensions>
					<swisstopo:routepoint_id>2065829676</swisstopo:routepoint_id>
				</extensions>
			</trkpt>
			<trkpt lat="46.2498339496" lon="8.6505848316">
				<ele>1221.3</ele>
				<time>1970-01-01T01:00:00+01:00</time>
				<extensions>
					<swisstopo:routepoint_id>841528299</swisstopo:routepoint_id>
				</extensions>
			</trkpt>
			<trkpt lat="46.2498381434" lon="8.6506050613">
				<ele>1220.3</ele>
				<time>1970-01-01T01:00:00+01:00</time>
				<extensions>
					<swisstopo:routepoint_id>608218145</swisstopo:routepoint_id>
				</extensions>
			</trkpt>
			<trkpt lat="46.2498680392" lon="8.6506290484">
				<ele>1219.1</ele>
				<time>1970-01-01T01:00:00+01:00</time>
				<extensions>
					<swisstopo:routepoint_id>1445749877</swisstopo:routepoint_id>
				</extensions>
			</trkpt>
			<trkpt lat="46.2499009029" lon="8.6506499165">
				<ele>1217.7</ele>
				<time>1970-01-01T01:00:00+01:00</time>
				<extensions>
					<swisstopo:routepoint_id>2058619425</swisstopo:routepoint_id>
				</extensions>
			</trkpt>
			<trkpt lat="46.2499310119" lon="8.6506548294">
				<ele>1216.9</ele>
				<time>1970-01-01T01:00:00+01:00</time>
				<extensions>
					<swisstopo:routepoint_id>1982293288</swisstopo:routepoint_id>
				</extensions>
			</trkpt>
			<trkpt lat="46.2499814652" lon="8.6506813955">
				<ele>1215.2</ele>
				<time>1970-01-01T01:00:00+01:00</time>
				<extensions>
					<swisstopo:routepoint_id>1611566565</swisstopo:routepoint_id>
				</extensions>
			</trkpt>
			<trkpt lat="46.2500239397" lon="8.6506982414">
				<ele>1214.0</ele>
				<time>1970-01-01T01:00:00+01:00</time>
				<extensions>
					<swisstopo:routepoint_id>1891410915</swisstopo:routepoint_id>
				</extensions>
			</trkpt>
			<trkpt lat="46.2500407234" lon="8.6507102727">
				<ele>1213.2</ele>
				<time>1970-01-01T01:00:00+01:00</time>
				<extensions>
					<swisstopo:routepoint_id>158192180</swisstopo:routepoint_id>
				</extensions>
			</trkpt>
			<trkpt lat="46.2500796993" lon="8.6507100767">
				<ele>1211.9</ele>
				<time>1970-01-01T01:00:00+01:00</time>
				<extensions>
					<swisstopo:routepoint_id>1179274837</swisstopo:routepoint_id>
				</extensions>
			</trkpt>
			<trkpt lat="46.2500729628" lon="8.6507205332">
				<ele>1211.6</ele>
				<time>1970-01-01T01:00:00+01:00</time>
				<extensions>
					<swisstopo:routepoint_id>1068877361</swisstopo:routepoint_id>
				</extensions>
			</trkpt>
			<trkpt lat="46.2500200547" lon="8.6507861348">
				<ele>1209.1</ele>
				<time>1970-01-01T01:00:00+01:00</time>
				<extensions>
					<swisstopo:routepoint_id>1651957638</swisstopo:routepoint_id>
				</extensions>
			</trkpt>
			<trkpt lat="46.2499220383" lon="8.6508740533">
				<ele>1204.5</ele>
				<time>1970-01-01T01:00:00+01:00</time>
				<extensions>
					<swisstopo:routepoint_id>1136984840</swisstopo:routepoint_id>
				</extensions>
			</trkpt>
			<trkpt lat="46.2498321457" lon="8.6509589799">
				<ele>1200.1</ele>
				<time>1970-01-01T01:00:00+01:00</time>
				<extensions>
					<swisstopo:routepoint_id>77999364</swisstopo:routepoint_id>
				</extensions>
			</trkpt>
			<trkpt lat="46.2497712751" lon="8.6510116886">
				<ele>1197.3</ele>
				<time>1970-01-01T01:00:00+01:00</time>
				<extensions>
					<swisstopo:routepoint_id>2129535806</swisstopo:routepoint_id>
				</extensions>
			</trkpt>
			<trkpt lat="46.2497261189" lon="8.6510393044">
				<ele>1195.7</ele>
				<time>1970-01-01T01:00:00+01:00</time>
				<extensions>
					<swisstopo:routepoint_id>757638626</swisstopo:routepoint_id>
				</extensions>
			</trkpt>
			<trkpt lat="46.2497587614" lon="8.6510824381">
				<ele>1193.5</ele>
				<time>1970-01-01T01:00:00+01:00</time>
				<extensions>
					<swisstopo:routepoint_id>1664878057</swisstopo:routepoint_id>
				</extensions>
			</trkpt>
			<trkpt lat="46.2497950555" lon="8.6511267043">
				<ele>1191.4</ele>
				<time>1970-01-01T01:00:00+01:00</time>
				<extensions>
					<swisstopo:routepoint_id>1353360875</swisstopo:routepoint_id>
				</extensions>
			</trkpt>
			<trkpt lat="46.2498695080" lon="8.6511781843">
				<ele>1188.6</ele>
				<time>1970-01-01T01:00:00+01:00</time>
				<extensions>
					<swisstopo:routepoint_id>343793094</swisstopo:routepoint_id>
				</extensions>
			</trkpt>
			<trkpt lat="46.2498890638" lon="8.6512061777">
				<ele>1187.3</ele>
				<time>1970-01-01T01:00:00+01:00</time>
				<extensions>
					<swisstopo:routepoint_id>839336784</swisstopo:routepoint_id>
				</extensions>
			</trkpt>
			<trkpt lat="46.2498939977" lon="8.6512253792">
				<ele>1186.6</ele>
				<time>1970-01-01T01:00:00+01:00</time>
				<extensions>
					<swisstopo:routepoint_id>1573947683</swisstopo:routepoint_id>
				</extensions>
			</trkpt>
			<trkpt lat="46.2498257952" lon="8.6512768605">
				<ele>1184.2</ele>
				<time>1970-01-01T01:00:00+01:00</time>
				<extensions>
					<swisstopo:routepoint_id>284649128</swisstopo:routepoint_id>
				</extensions>
			</trkpt>
			<trkpt lat="46.2497790813" lon="8.6513129075">
				<ele>1182.4</ele>
				<time>1970-01-01T01:00:00+01:00</time>
				<extensions>
					<swisstopo:routepoint_id>202100981</swisstopo:routepoint_id>
				</extensions>
			</trkpt>
			<trkpt lat="46.2497309938" lon="8.6513394067">
				<ele>1180.7</ele>
				<time>1970-01-01T01:00:00+01:00</time>
				<extensions>
					<swisstopo:routepoint_id>1513274729</swisstopo:routepoint_id>
				</extensions>
			</trkpt>
			<trkpt lat="46.2497599813" lon="8.6513792677">
				<ele>1179.1</ele>
				<time>1970-01-01T01:00:00+01:00</time>
				<extensions>
					<swisstopo:routepoint_id>1261212079</swisstopo:routepoint_id>
				</extensions>
			</trkpt>
			<trkpt lat="46.2498063310" lon="8.6514460284">
				<ele>1176.3</ele>
				<time>1970-01-01T01:00:00+01:00</time>
				<extensions>
					<swisstopo:routepoint_id>1092691362</swisstopo:routepoint_id>
				</extensions>
			</trkpt>
			<trkpt lat="46.2498414307" lon="8.6514648318">
				<ele>1175.0</ele>
				<time>1970-01-01T01:00:00+01:00</time>
				<extensions>
					<swisstopo:routepoint_id>396308022</swisstopo:routepoint_id>
				</extensions>
			</trkpt>
			<trkpt lat="46.2499037677" lon="8.6514810570">
				<ele>1172.5</ele>
				<time>1970-01-01T01:00:00+01:00</time>
				<extensions>
					<swisstopo:routepoint_id>1475046128</swisstopo:routepoint_id>
				</extensions>
			</trkpt>
			<trkpt lat="46.2499383227" lon="8.6514818269">
				<ele>1171.6</ele>
				<time>1970-01-01T01:00:00+01:00</time>
				<extensions>
					<swisstopo:routepoint_id>1825350223</swisstopo:routepoint_id>
				</extensions>
			</trkpt>
			<trkpt lat="46.2499826729" lon="8.6514605635">
				<ele>1170.3</ele>
				<time>1970-01-01T01:00:00+01:00</time>
				<extensions>
					<swisstopo:routepoint_id>1424074481</swisstopo:routepoint_id>
				</extensions>
			</trkpt>
			<trkpt lat="46.2500068540" lon="8.6514685173">
				<ele>1168.7</ele>
				<time>1970-01-01T01:00:00+01:00</time>
				<extensions>
					<swisstopo:routepoint_id>94442595</swisstopo:routepoint_id>
				</extensions>
			</trkpt>
			<trkpt lat="46.2500117399" lon="8.6514930115">
				<ele>1167.4</ele>
				<time>1970-01-01T01:00:00+01:00</time>
				<extensions>
					<swisstopo:routepoint_id>620079798</swisstopo:routepoint_id>
				</extensions>
			</trkpt>
			<trkpt lat="46.2500061608" lon="8.6515331665">
				<ele>1166.3</ele>
				<time>1970-01-01T01:00:00+01:00</time>
				<extensions>
					<swisstopo:routepoint_id>930392522</swisstopo:routepoint_id>
				</extensions>
			</trkpt>
			<trkpt lat="46.2499680610" lon="8.6515884970">
				<ele>1164.8</ele>
				<time>1970-01-01T01:00:00+01:00</time>
				<extensions>
					<swisstopo:routepoint_id>773408505</swisstopo:routepoint_id>
				</extensions>
			</trkpt>
			<trkpt lat="46.2499233104" lon="8.6516479155">
				<ele>1162.9</ele>
				<time>1970-01-01T01:00:00+01:00</time>
				<extensions>
					<swisstopo:routepoint_id>1981666960</swisstopo:routepoint_id>
				</extensions>
			</trkpt>
			<trkpt lat="46.2499400939" lon="8.6516599598">
				<ele>1162.0</ele>
				<time>1970-01-01T01:00:00+01:00</time>
				<extensions>
					<swisstopo:routepoint_id>167208510</swisstopo:routepoint_id>
				</extensions>
			</trkpt>
			<trkpt lat="46.2499664594" lon="8.6516690324">
				<ele>1161.0</ele>
				<time>1970-01-01T01:00:00+01:00</time>
				<extensions>
					<swisstopo:routepoint_id>1824101107</swisstopo:routepoint_id>
				</extensions>
			</trkpt>
			<trkpt lat="46.2499966253" lon="8.6516686408">
				<ele>1159.9</ele>
				<time>1970-01-01T01:00:00+01:00</time>
				<extensions>
					<swisstopo:routepoint_id>432291728</swisstopo:routepoint_id>
				</extensions>
			</trkpt>
			<trkpt lat="46.2500196349" lon="8.6516490107">
				<ele>1159.3</ele>
				<time>1970-01-01T01:00:00+01:00</time>
				<extensions>
					<swisstopo:routepoint_id>822533554</swisstopo:routepoint_id>
				</extensions>
			</trkpt>
			<trkpt lat="46.2500291146" lon="8.6516555795">
				<ele>1158.4</ele>
				<time>1970-01-01T01:00:00+01:00</time>
				<extensions>
					<swisstopo:routepoint_id>653718190</swisstopo:routepoint_id>
				</extensions>
			</trkpt>
			<trkpt lat="46.2500118197" lon="8.6516912308">
				<ele>1158.0</ele>
				<time>1970-01-01T01:00:00+01:00</time>
				<extensions>
					<swisstopo:routepoint_id>42289997</swisstopo:routepoint_id>
				</extensions>
			</trkpt>
			<trkpt lat="46.2499751498" lon="8.6517508483">
				<ele>1156.7</ele>
				<time>1970-01-01T01:00:00+01:00</time>
				<extensions>
					<swisstopo:routepoint_id>990877997</swisstopo:routepoint_id>
				</extensions>
			</trkpt>
			<trkpt lat="46.2499338345" lon="8.6518315498">
				<ele>1154.0</ele>
				<time>1970-01-01T01:00:00+01:00</time>
				<extensions>
					<swisstopo:routepoint_id>1669905480</swisstopo:routepoint_id>
				</extensions>
			</trkpt>
			<trkpt lat="46.2499002551" lon="8.6518774382">
				<ele>1152.3</ele>
				<time>1970-01-01T01:00:00+01:00</time>
				<extensions>
					<swisstopo:routepoint_id>379346214</swisstopo:routepoint_id>
				</extensions>
			</trkpt>
			<trkpt lat="46.2498714058" lon="8.6518926954">
				<ele>1151.4</ele>
				<time>1970-01-01T01:00:00+01:00</time>
				<extensions>
					<swisstopo:routepoint_id>560604955</swisstopo:routepoint_id>
				</extensions>
			</trkpt>
			<trkpt lat="46.2498457125" lon="8.6518889440">
				<ele>1150.9</ele>
				<time>1970-01-01T01:00:00+01:00</time>
				<extensions>
					<swisstopo:routepoint_id>776174931</swisstopo:routepoint_id>
				</extensions>
			</trkpt>
			<trkpt lat="46.2498237248" lon="8.6518820964">
				<ele>1150.1</ele>
				<time>1970-01-01T01:00:00+01:00</time>
				<extensions>
					<swisstopo:routepoint_id>413845532</swisstopo:routepoint_id>
				</extensions>
			</trkpt>
			<trkpt lat="46.2498096135" lon="8.6518945033">
				<ele>1149.2</ele>
				<time>1970-01-01T01:00:00+01:00</time>
				<extensions>
					<swisstopo:routepoint_id>825541273</swisstopo:routepoint_id>
				</extensions>
			</trkpt>
			<trkpt lat="46.2498099902" lon="8.6519273758">
				<ele>1149.0</ele>
				<time>1970-01-01T01:00:00+01:00</time>
				<extensions>
					<swisstopo:routepoint_id>1926896840</swisstopo:routepoint_id>
				</extensions>
			</trkpt>
			<trkpt lat="46.2498273070" lon="8.6519584983">
				<ele>1148.9</ele>
				<time>1970-01-01T01:00:00+01:00</time>
				<extensions>
					<swisstopo:routepoint_id>59143966</swisstopo:routepoint_id>
				</extensions>
			</trkpt>
			<trkpt lat="46.2498439516" lon="8.6519843120">
				<ele>1148.3</ele>
				<time>1970-01-01T01:00:00+01:00</time>
				<extensions>
					<swisstopo:routepoint_id>637235803</swisstopo:routepoint_id>
				</extensions>
			</trkpt>
			<trkpt lat="46.2498327828" lon="8.6519967845">
				<ele>1147.9</ele>
				<time>1970-01-01T01:00:00+01:00</time>
				<extensions>
					<swisstopo:routepoint_id>60672954</swisstopo:routepoint_id>
				</extensions>
			</trkpt>
			<trkpt lat="46.2498010226" lon="8.6520098491">
				<ele>1146.6</ele>
				<time>1970-01-01T01:00:00+01:00</time>
				<extensions>
					<swisstopo:routepoint_id>1170920696</swisstopo:routepoint_id>
				</extensions>
			</trkpt>
			<trkpt lat="46.2497735922" lon="8.6520304379">
				<ele>1145.2</ele>
				<time>1970-01-01T01:00:00+01:00</time>
				<extensions>
					<swisstopo:routepoint_id>1256893266</swisstopo:routepoint_id>
				</extensions>
			</trkpt>
			<trkpt lat="46.2497476259" lon="8.6520521294">
				<ele>1143.9</ele>
				<time>1970-01-01T01:00:00+01:00</time>
				<extensions>
					<swisstopo:routepoint_id>1116966707</swisstopo:routepoint_id>
				</extensions>
			</trkpt>
			<trkpt lat="46.2497270255" lon="8.6520527340">
				<ele>1143.3</ele>
				<time>1970-01-01T01:00:00+01:00</time>
				<extensions>
					<swisstopo:routepoint_id>1933649599</swisstopo:routepoint_id>
				</extensions>
			</trkpt>
			<trkpt lat="46.2497133576" lon="8.6520238079">
				<ele>1142.7</ele>
				<time>1970-01-01T01:00:00+01:00</time>
				<extensions>
					<swisstopo:routepoint_id>1414824787</swisstopo:routepoint_id>
				</extensions>
			</trkpt>
			<trkpt lat="46.2496981433" lon="8.6520022623">
				<ele>1142.3</ele>
				<time>1970-01-01T01:00:00+01:00</time>
				<extensions>
					<swisstopo:routepoint_id>1119717189</swisstopo:routepoint_id>
				</extensions>
			</trkpt>
			<trkpt lat="46.2496786094" lon="8.6520410485">
				<ele>1141.1</ele>
				<time>1970-01-01T01:00:00+01:00</time>
				<extensions>
					<swisstopo:routepoint_id>1380603533</swisstopo:routepoint_id>
				</extensions>
			</trkpt>
			<trkpt lat="46.2496722014" lon="8.6520896634">
				<ele>1139.7</ele>
				<time>1970-01-01T01:00:00+01:00</time>
				<extensions>
					<swisstopo:routepoint_id>1205270424</swisstopo:routepoint_id>
				</extensions>
			</trkpt>
			<trkpt lat="46.2496660965" lon="8.6521796342">
				<ele>1137.3</ele>
				<time>1970-01-01T01:00:00+01:00</time>
				<extensions>
					<swisstopo:routepoint_id>493681959</swisstopo:routepoint_id>
				</extensions>
			</trkpt>
			<trkpt lat="46.2496359509" lon="8.6521789622">
				<ele>1135.9</ele>
				<time>1970-01-01T01:00:00+01:00</time>
				<extensions>
					<swisstopo:routepoint_id>1468517737</swisstopo:routepoint_id>
				</extensions>
			</trkpt>
			<trkpt lat="46.2496312371" lon="8.6522064148">
				<ele>1135.1</ele>
				<time>1970-01-01T01:00:00+01:00</time>
				<extensions>
					<swisstopo:routepoint_id>785896486</swisstopo:routepoint_id>
				</extensions>
			</trkpt>
			<trkpt lat="46.2496527472" lon="8.6522577797">
				<ele>1133.8</ele>
				<time>1970-01-01T01:00:00+01:00</time>
				<extensions>
					<swisstopo:routepoint_id>763184012</swisstopo:routepoint_id>
				</extensions>
			</trkpt>
			<trkpt lat="46.2496430402" lon="8.6522723996">
				<ele>1133.3</ele>
				<time>1970-01-01T01:00:00+01:00</time>
				<extensions>
					<swisstopo:routepoint_id>1096791046</swisstopo:routepoint_id>
				</extensions>
			</trkpt>
			<trkpt lat="46.2496275188" lon="8.6522794812">
				<ele>1132.5</ele>
				<time>1970-01-01T01:00:00+01:00</time>
				<extensions>
					<swisstopo:routepoint_id>1549375232</swisstopo:routepoint_id>
				</extensions>
			</trkpt>
			<trkpt lat="46.2496033720" lon="8.6522683365">
				<ele>1131.5</ele>
				<time>1970-01-01T01:00:00+01:00</time>
				<extensions>
					<swisstopo:routepoint_id>1492158603</swisstopo:routepoint_id>
				</extensions>
			</trkpt>
			<trkpt lat="46.2495683520" lon="8.6522421131">
				<ele>1129.4</ele>
				<time>1970-01-01T01:00:00+01:00</time>
				<extensions>
					<swisstopo:routepoint_id>1170382917</swisstopo:routepoint_id>
				</extensions>
			</trkpt>
			<trkpt lat="46.2495781461" lon="8.6522889805">
				<ele>1129.6</ele>
				<time>1970-01-01T01:00:00+01:00</time>
				<extensions>
					<swisstopo:routepoint_id>390001731</swisstopo:routepoint_id>
				</extensions>
			</trkpt>
			<trkpt lat="46.2495778051" lon="8.6523207667">
				<ele>1128.4</ele>
				<time>1970-01-01T01:00:00+01:00</time>
				<extensions>
					<swisstopo:routepoint_id>1979139205</swisstopo:routepoint_id>
				</extensions>
			</trkpt>
			<trkpt lat="46.2495703950" lon="8.6523948082">
				<ele>1125.4</ele>
				<time>1970-01-01T01:00:00+01:00</time>
				<extensions>
					<swisstopo:routepoint_id>1131296357</swisstopo:routepoint_id>
				</extensions>
			</trkpt>
			<trkpt lat="46.2495716371" lon="8.6524149722">
				<ele>1124.7</ele>
				<time>1970-01-01T01:00:00+01:00</time>
				<extensions>
					<swisstopo:routepoint_id>1810427431</swisstopo:routepoint_id>
				</extensions>
			</trkpt>
			<trkpt lat="46.2495978836" lon="8.6524367639">
				<ele>1123.7</ele>
				<time>1970-01-01T01:00:00+01:00</time>
				<extensions>
					<swisstopo:routepoint_id>430273042</swisstopo:routepoint_id>
				</extensions>
			</trkpt>
			<trkpt lat="46.2496086885" lon="8.6524582049">
				<ele>1123.0</ele>
				<time>1970-01-01T01:00:00+01:00</time>
				<extensions>
					<swisstopo:routepoint_id>893730549</swisstopo:routepoint_id>
				</extensions>
			</trkpt>
			<trkpt lat="46.2495915891" lon="8.6524747875">
				<ele>1122.2</ele>
				<time>1970-01-01T01:00:00+01:00</time>
				<extensions>
					<swisstopo:routepoint_id>2112984329</swisstopo:routepoint_id>
				</extensions>
			</trkpt>
			<trkpt lat="46.2495681232" lon="8.6524689643">
				<ele>1121.6</ele>
				<time>1970-01-01T01:00:00+01:00</time>
				<extensions>
					<swisstopo:routepoint_id>1882547330</swisstopo:routepoint_id>
				</extensions>
			</trkpt>
			<trkpt lat="46.2495196135" lon="8.6524668188">
				<ele>1120.0</ele>
				<time>1970-01-01T01:00:00+01:00</time>
				<extensions>
					<swisstopo:routepoint_id>996761739</swisstopo:routepoint_id>
				</extensions>
			</trkpt>
			<trkpt lat="46.2495063765" lon="8.6524665237">
				<ele>1119.7</ele>
				<time>1970-01-01T01:00:00+01:00</time>
				<extensions>
					<swisstopo:routepoint_id>354701566</swisstopo:routepoint_id>
				</extensions>
			</trkpt>
			<trkpt lat="46.2495078533" lon="8.6525344057">
				<ele>1117.6</ele>
				<time>1970-01-01T01:00:00+01:00</time>
				<extensions>
					<swisstopo:routepoint_id>188305470</swisstopo:routepoint_id>
				</extensions>
			</trkpt>
			<trkpt lat="46.2495192963" lon="8.6525643334">
				<ele>1116.8</ele>
				<time>1970-01-01T01:00:00+01:00</time>
				<extensions>
					<swisstopo:routepoint_id>1866223886</swisstopo:routepoint_id>
				</extensions>
			</trkpt>
			<trkpt lat="46.2495592815" lon="8.6526076316">
				<ele>1115.0</ele>
				<time>1970-01-01T01:00:00+01:00</time>
				<extensions>
					<swisstopo:routepoint_id>1035706917</swisstopo:routepoint_id>
				</extensions>
			</trkpt>
			<trkpt lat="46.2495581683" lon="8.6526425920">
				<ele>1113.7</ele>
				<time>1970-01-01T01:00:00+01:00</time>
				<extensions>
					<swisstopo:routepoint_id>1527826184</swisstopo:routepoint_id>
				</extensions>
			</trkpt>
			<trkpt lat="46.2495321250" lon="8.6526706326">
				<ele>1112.6</ele>
				<time>1970-01-01T01:00:00+01:00</time>
				<extensions>
					<swisstopo:routepoint_id>1091189895</swisstopo:routepoint_id>
				</extensions>
			</trkpt>
			<trkpt lat="46.2495150686" lon="8.6526840246">
				<ele>1112.2</ele>
				<time>1970-01-01T01:00:00+01:00</time>
				<extensions>
					<swisstopo:routepoint_id>1384754745</swisstopo:routepoint_id>
				</extensions>
			</trkpt>
			<trkpt lat="46.2495154765" lon="8.6527147827">
				<ele>1111.5</ele>
				<time>1970-01-01T01:00:00+01:00</time>
				<extensions>
					<swisstopo:routepoint_id>1989552127</swisstopo:routepoint_id>
				</extensions>
			</trkpt>
			<trkpt lat="46.2495351116" lon="8.6527353569">
				<ele>1110.8</ele>
				<time>1970-01-01T01:00:00+01:00</time>
				<extensions>
					<swisstopo:routepoint_id>2144733166</swisstopo:routepoint_id>
				</extensions>
			</trkpt>
			<trkpt lat="46.2495819611" lon="8.6527554806">
				<ele>1109.1</ele>
				<time>1970-01-01T01:00:00+01:00</time>
				<extensions>
					<swisstopo:routepoint_id>553046065</swisstopo:routepoint_id>
				</extensions>
			</trkpt>
			<trkpt lat="46.2496369004" lon="8.6527757784">
				<ele>1107.2</ele>
				<time>1970-01-01T01:00:00+01:00</time>
				<extensions>
					<swisstopo:routepoint_id>209554363</swisstopo:routepoint_id>
				</extensions>
			</trkpt>
			<trkpt lat="46.2496454462" lon="8.6528014180">
				<ele>1106.4</ele>
				<time>1970-01-01T01:00:00+01:00</time>
				<extensions>
					<swisstopo:routepoint_id>626035230</swisstopo:routepoint_id>
				</extensions>
			</trkpt>
			<trkpt lat="46.2496478996" lon="8.6528470518">
				<ele>1105.4</ele>
				<time>1970-01-01T01:00:00+01:00</time>
				<extensions>
					<swisstopo:routepoint_id>2059569444</swisstopo:routepoint_id>
				</extensions>
			</trkpt>
			<trkpt lat="46.2496503529" lon="8.6528926918">
				<ele>1104.4</ele>
				<time>1970-01-01T01:00:00+01:00</time>
				<extensions>
					<swisstopo:routepoint_id>419373938</swisstopo:routepoint_id>
				</extensions>
			</trkpt>
			<trkpt lat="46.2496617590" lon="8.6529268741">
				<ele>1102.6</ele>
				<time>1970-01-01T01:00:00+01:00</time>
				<extensions>
					<swisstopo:routepoint_id>1877981595</swisstopo:routepoint_id>
				</extensions>
			</trkpt>
			<trkpt lat="46.2496793372" lon="8.6529336174">
				<ele>1101.4</ele>
				<time>1970-01-01T01:00:00+01:00</time>
				<extensions>
					<swisstopo:routepoint_id>371726691</swisstopo:routepoint_id>
				</extensions>
			</trkpt>
			<trkpt lat="46.2496977809" lon="8.6529276776">
				<ele>1100.7</ele>
				<time>1970-01-01T01:00:00+01:00</time>
				<extensions>
					<swisstopo:routepoint_id>1384004902</swisstopo:routepoint_id>
				</extensions>
			</trkpt>
			<trkpt lat="46.2497502555" lon="8.6529033990">
				<ele>1099.5</ele>
				<time>1970-01-01T01:00:00+01:00</time>
				<extensions>
					<swisstopo:routepoint_id>1418509056</swisstopo:routepoint_id>
				</extensions>
			</trkpt>
			<trkpt lat="46.2497777202" lon="8.6528796327">
				<ele>1099.0</ele>
				<time>1970-01-01T01:00:00+01:00</time>
				<extensions>
					<swisstopo:routepoint_id>2073891776</swisstopo:routepoint_id>
				</extensions>
			</trkpt>
			<trkpt lat="46.2498155249" lon="8.6528518544">
				<ele>1097.9</ele>
				<time>1970-01-01T01:00:00+01:00</time>
				<extensions>
					<swisstopo:routepoint_id>1159373501</swisstopo:routepoint_id>
				</extensions>
			</trkpt>
			<trkpt lat="46.2498971140" lon="8.6528547380">
				<ele>1094.3</ele>
				<time>1970-01-01T01:00:00+01:00</time>
				<extensions>
					<swisstopo:routepoint_id>1660503046</swisstopo:routepoint_id>
				</extensions>
			</trkpt>
			<trkpt lat="46.2499665514" lon="8.6528266013">
				<ele>1092.0</ele>
				<time>1970-01-01T01:00:00+01:00</time>
				<extensions>
					<swisstopo:routepoint_id>39086560</swisstopo:routepoint_id>
				</extensions>
			</trkpt>
			<trkpt lat="46.2500523328" lon="8.6527818715">
				<ele>1089.6</ele>
				<time>1970-01-01T01:00:00+01:00</time>
				<extensions>
					<swisstopo:routepoint_id>727057948</swisstopo:routepoint_id>
				</extensions>
			</trkpt>
			<trkpt lat="46.2501225334" lon="8.6527505729">
				<ele>1087.7</ele>
				<time>1970-01-01T01:00:00+01:00</time>
				<extensions>
					<swisstopo:routepoint_id>1548866163</swisstopo:routepoint_id>
				</extensions>
			</trkpt>
			<trkpt lat="46.2501580878" lon="8.6527269867">
				<ele>1086.3</ele>
				<time>1970-01-01T01:00:00+01:00</time>
				<extensions>
					<swisstopo:routepoint_id>237565808</swisstopo:routepoint_id>
				</extensions>
			</trkpt>
			<trkpt lat="46.2501882588" lon="8.6527244808">
				<ele>1085.3</ele>
				<time>1970-01-01T01:00:00+01:00</time>
				<extensions>
					<swisstopo:routepoint_id>1844926749</swisstopo:routepoint_id>
				</extensions>
			</trkpt>
			<trkpt lat="46.2502274622" lon="8.6527030910">
				<ele>1084.2</ele>
				<time>1970-01-01T01:00:00+01:00</time>
				<extensions>
					<swisstopo:routepoint_id>695209360</swisstopo:routepoint_id>
				</extensions>
			</trkpt>
			<trkpt lat="46.2502643899" lon="8.6526890781">
				<ele>1083.3</ele>
				<time>1970-01-01T01:00:00+01:00</time>
				<extensions>
					<swisstopo:routepoint_id>2044452458</swisstopo:routepoint_id>
				</extensions>
			</trkpt>
			<trkpt lat="46.2502960138" lon="8.6526887195">
				<ele>1082.0</ele>
				<time>1970-01-01T01:00:00+01:00</time>
				<extensions>
					<swisstopo:routepoint_id>1758282763</swisstopo:routepoint_id>
				</extensions>
			</trkpt>
			<trkpt lat="46.2503568737" lon="8.6526370758">
				<ele>1080.4</ele>
				<time>1970-01-01T01:00:00+01:00</time>
				<extensions>
					<swisstopo:routepoint_id>1694241860</swisstopo:routepoint_id>
				</extensions>
			</trkpt>
			<trkpt lat="46.2504093936" lon="8.6526085740">
				<ele>1079.1</ele>
				<time>1970-01-01T01:00:00+01:00</time>
				<extensions>
					<swisstopo:routepoint_id>1278021501</swisstopo:routepoint_id>
				</extensions>
			</trkpt>
			<trkpt lat="46.2504792114" lon="8.6525433445">
				<ele>1078.3</ele>
				<time>1970-01-01T01:00:00+01:00</time>
				<extensions>
					<swisstopo:routepoint_id>1466478297</swisstopo:routepoint_id>
				</extensions>
			</trkpt>
			<trkpt lat="46.2505395383" lon="8.6524725967">
				<ele>1077.0</ele>
				<time>1970-01-01T01:00:00+01:00</time>
				<extensions>
					<swisstopo:routepoint_id>807962933</swisstopo:routepoint_id>
				</extensions>
			</trkpt>
			<trkpt lat="46.2505902375" lon="8.6524090619">
				<ele>1076.0</ele>
				<time>1970-01-01T01:00:00+01:00</time>
				<extensions>
					<swisstopo:routepoint_id>775033991</swisstopo:routepoint_id>
				</extensions>
			</trkpt>
			<trkpt lat="46.2506194420" lon="8.6523598906">
				<ele>1075.6</ele>
				<time>1970-01-01T01:00:00+01:00</time>
				<extensions>
					<swisstopo:routepoint_id>1798435820</swisstopo:routepoint_id>
				</extensions>
			</trkpt>
			<trkpt lat="46.2506406222" lon="8.6523052465">
				<ele>1074.9</ele>
				<time>1970-01-01T01:00:00+01:00</time>
				<extensions>
					<swisstopo:routepoint_id>1685757705</swisstopo:routepoint_id>
				</extensions>
			</trkpt>
			<trkpt lat="46.2506387726" lon="8.6522712769">
				<ele>1074.7</ele>
				<time>1970-01-01T01:00:00+01:00</time>
				<extensions>
					<swisstopo:routepoint_id>1093940377</swisstopo:routepoint_id>
				</extensions>
			</trkpt>
			<trkpt lat="46.2506273408" lon="8.6522402914">
				<ele>1074.0</ele>
				<time>1970-01-01T01:00:00+01:00</time>
				<extensions>
					<swisstopo:routepoint_id>831708680</swisstopo:routepoint_id>
				</extensions>
			</trkpt>
			<trkpt lat="46.2506231589" lon="8.6522189913">
				<ele>1073.2</ele>
				<time>1970-01-01T01:00:00+01:00</time>
				<extensions>
					<swisstopo:routepoint_id>1779997764</swisstopo:routepoint_id>
				</extensions>
			</trkpt>
			<trkpt lat="46.2506295556" lon="8.6521714264">
				<ele>1072.2</ele>
				<time>1970-01-01T01:00:00+01:00</time>
				<extensions>
					<swisstopo:routepoint_id>1518697936</swisstopo:routepoint_id>
				</extensions>
			</trkpt>
			<trkpt lat="46.2506507926" lon="8.6521114771">
				<ele>1070.6</ele>
				<time>1970-01-01T01:00:00+01:00</time>
				<extensions>
					<swisstopo:routepoint_id>640960269</swisstopo:routepoint_id>
				</extensions>
			</trkpt>
			<trkpt lat="46.2506903369" lon="8.6520582934">
				<ele>1068.4</ele>
				<time>1970-01-01T01:00:00+01:00</time>
				<extensions>
					<swisstopo:routepoint_id>1937664073</swisstopo:routepoint_id>
				</extensions>
			</trkpt>
			<trkpt lat="46.2507258912" lon="8.6520347066">
				<ele>1066.9</ele>
				<time>1970-01-01T01:00:00+01:00</time>
				<extensions>
					<swisstopo:routepoint_id>895537283</swisstopo:routepoint_id>
				</extensions>
			</trkpt>
			<trkpt lat="46.2507394719" lon="8.6520021446">
				<ele>1066.4</ele>
				<time>1970-01-01T01:00:00+01:00</time>
				<extensions>
					<swisstopo:routepoint_id>1687842752</swisstopo:routepoint_id>
				</extensions>
			</trkpt>
			<trkpt lat="46.2507708807" lon="8.6519530348">
				<ele>1064.5</ele>
				<time>1970-01-01T01:00:00+01:00</time>
				<extensions>
					<swisstopo:routepoint_id>1182852683</swisstopo:routepoint_id>
				</extensions>
			</trkpt>
			<trkpt lat="46.2508108559" lon="8.6519284762">
				<ele>1062.4</ele>
				<time>1970-01-01T01:00:00+01:00</time>
				<extensions>
					<swisstopo:routepoint_id>459472538</swisstopo:routepoint_id>
				</extensions>
			</trkpt>
			<trkpt lat="46.2508344329" lon="8.6519247653">
				<ele>1061.2</ele>
				<time>1970-01-01T01:00:00+01:00</time>
				<extensions>
					<swisstopo:routepoint_id>445318563</swisstopo:routepoint_id>
				</extensions>
			</trkpt>
			<trkpt lat="46.2509057817" lon="8.6519231767">
				<ele>1058.0</ele>
				<time>1970-01-01T01:00:00+01:00</time>
				<extensions>
					<swisstopo:routepoint_id>224631401</swisstopo:routepoint_id>
				</extensions>
			</trkpt>
			<trkpt lat="46.2509462131" lon="8.6519240779">
				<ele>1056.2</ele>
				<time>1970-01-01T01:00:00+01:00</time>
				<extensions>
					<swisstopo:routepoint_id>1905489658</swisstopo:routepoint_id>
				</extensions>
			</trkpt>
			<trkpt lat="46.2509652897" lon="8.6519287457">
				<ele>1055.2</ele>
				<time>1970-01-01T01:00:00+01:00</time>
				<extensions>
					<swisstopo:routepoint_id>2034805216</swisstopo:routepoint_id>
				</extensions>
			</trkpt>
			<trkpt lat="46.2509850727" lon="8.6519355380">
				<ele>1054.3</ele>
				<time>1970-01-01T01:00:00+01:00</time>
				<extensions>
					<swisstopo:routepoint_id>432315553</swisstopo:routepoint_id>
				</extensions>
			</trkpt>
			<trkpt lat="46.2510035277" lon="8.6519285341">
				<ele>1053.6</ele>
				<time>1970-01-01T01:00:00+01:00</time>
				<extensions>
					<swisstopo:routepoint_id>111636882</swisstopo:routepoint_id>
				</extensions>
			</trkpt>
			<trkpt lat="46.2510258791" lon="8.6519014740">
				<ele>1053.3</ele>
				<time>1970-01-01T01:00:00+01:00</time>
				<extensions>
					<swisstopo:routepoint_id>1949004400</swisstopo:routepoint_id>
				</extensions>
			</trkpt>
			<trkpt lat="46.2510580120" lon="8.6518544759">
				<ele>1053.2</ele>
				<time>1970-01-01T01:00:00+01:00</time>
				<extensions>
					<swisstopo:routepoint_id>1029614846</swisstopo:routepoint_id>
				</extensions>
			</trkpt>
			<trkpt lat="46.2511140767" lon="8.6517698588">
				<ele>1049.7</ele>
				<time>1970-01-01T01:00:00+01:00</time>
				<extensions>
					<swisstopo:routepoint_id>853656803</swisstopo:routepoint_id>
				</extensions>
			</trkpt>
			<trkpt lat="46.2511485985" lon="8.6517049047">
				<ele>1048.1</ele>
				<time>1970-01-01T01:00:00+01:00</time>
				<extensions>
					<swisstopo:routepoint_id>340596997</swisstopo:routepoint_id>
				</extensions>
			</trkpt>
			<trkpt lat="46.2511674628" lon="8.6516597384">
				<ele>1047.8</ele>
				<time>1970-01-01T01:00:00+01:00</time>
				<extensions>
					<swisstopo:routepoint_id>86643986</swisstopo:routepoint_id>
				</extensions>
			</trkpt>
			<trkpt lat="46.2511900956" lon="8.6516072409">
				<ele>1048.1</ele>
				<time>1970-01-01T01:00:00+01:00</time>
				<extensions>
					<swisstopo:routepoint_id>1148451148</swisstopo:routepoint_id>
				</extensions>
			</trkpt>
			<trkpt lat="46.2512013350" lon="8.6515873545">
				<ele>1048.3</ele>
				<time>1970-01-01T01:00:00+01:00</time>
				<extensions>
					<swisstopo:routepoint_id>766430957</swisstopo:routepoint_id>
				</extensions>
			</trkpt>
			<trkpt lat="46.2512160844" lon="8.6515834404">
				<ele>1048.3</ele>
				<time>1970-01-01T01:00:00+01:00</time>
				<extensions>
					<swisstopo:routepoint_id>291804466</swisstopo:routepoint_id>
				</extensions>
			</trkpt>
			<trkpt lat="46.2512321957" lon="8.6515901698">
				<ele>1047.8</ele>
				<time>1970-01-01T01:00:00+01:00</time>
				<extensions>
					<swisstopo:routepoint_id>886278926</swisstopo:routepoint_id>
				</extensions>
			</trkpt>
			<trkpt lat="46.2512481620" lon="8.6516095986">
				<ele>1047.9</ele>
				<time>1970-01-01T01:00:00+01:00</time>
				<extensions>
					<swisstopo:routepoint_id>502987510</swisstopo:routepoint_id>
				</extensions>
			</trkpt>
			<trkpt lat="46.2512655243" lon="8.6516364928">
				<ele>1048.8</ele>
				<time>1970-01-01T01:00:00+01:00</time>
				<extensions>
					<swisstopo:routepoint_id>1815526125</swisstopo:routepoint_id>
				</extensions>
			</trkpt>
			<trkpt lat="46.2512725379" lon="8.6516673864">
				<ele>1049.6</ele>
				<time>1970-01-01T01:00:00+01:00</time>
				<extensions>
					<swisstopo:routepoint_id>1269688876</swisstopo:routepoint_id>
				</extensions>
			</trkpt>
			<trkpt lat="46.2512727975" lon="8.6517808175">
				<ele>1050.0</ele>
				<time>1970-01-01T01:00:00+01:00</time>
				<extensions>
					<swisstopo:routepoint_id>1828577262</swisstopo:routepoint_id>
				</extensions>
			</trkpt>
			<trkpt lat="46.2512799108" lon="8.6518032406">
				<ele>1050.2</ele>
				<time>1970-01-01T01:00:00+01:00</time>
				<extensions>
					<swisstopo:routepoint_id>966727140</swisstopo:routepoint_id>
				</extensions>
			</trkpt>
			<trkpt lat="46.2512950115" lon="8.6518353783">
				<ele>1050.6</ele>
				<time>1970-01-01T01:00:00+01:00</time>
				<extensions>
					<swisstopo:routepoint_id>2053243589</swisstopo:routepoint_id>
				</extensions>
			</trkpt>
			<trkpt lat="46.2512954651" lon="8.6518618957">
				<ele>1050.9</ele>
				<time>1970-01-01T01:00:00+01:00</time>
				<extensions>
					<swisstopo:routepoint_id>1722726089</swisstopo:routepoint_id>
				</extensions>
			</trkpt>
			<trkpt lat="46.2512877381" lon="8.6518967035">
				<ele>1050.8</ele>
				<time>1970-01-01T01:00:00+01:00</time>
				<extensions>
					<swisstopo:routepoint_id>190748410</swisstopo:routepoint_id>
				</extensions>
			</trkpt>
			<trkpt lat="46.2512910800" lon="8.6519275216">
				<ele>1051.0</ele>
				<time>1970-01-01T01:00:00+01:00</time>
				<extensions>
					<swisstopo:routepoint_id>1989817339</swisstopo:routepoint_id>
				</extensions>
			</trkpt>
			<trkpt lat="46.2512994747" lon="8.6520368915">
				<ele>1052.5</ele>
				<time>1970-01-01T01:00:00+01:00</time>
				<extensions>
					<swisstopo:routepoint_id>623160653</swisstopo:routepoint_id>
				</extensions>
			</trkpt>
			<trkpt lat="46.2513057250" lon="8.6520709596">
				<ele>1053.0</ele>
				<time>1970-01-01T01:00:00+01:00</time>
				<extensions>
					<swisstopo:routepoint_id>1100601165</swisstopo:routepoint_id>
				</extensions>
			</trkpt>
			<trkpt lat="46.2513462575" lon="8.6521312228">
				<ele>1054.3</ele>
				<time>1970-01-01T01:00:00+01:00</time>
				<extensions>
					<swisstopo:routepoint_id>754811389</swisstopo:routepoint_id>
				</extensions>
			</trkpt>
			<trkpt lat="46.2513713003" lon="8.6521964410">
				<ele>1055.3</ele>
				<time>1970-01-01T01:00:00+01:00</time>
				<extensions>
					<swisstopo:routepoint_id>436064744</swisstopo:routepoint_id>
				</extensions>
			</trkpt>
			<trkpt lat="46.2513848001" lon="8.6522402137">
				<ele>1056.5</ele>
				<time>1970-01-01T01:00:00+01:00</time>
				<extensions>
					<swisstopo:routepoint_id>1242524189</swisstopo:routepoint_id>
				</extensions>
			</trkpt>
			<trkpt lat="46.2513903782" lon="8.6522689604">
				<ele>1056.9</ele>
				<time>1970-01-01T01:00:00+01:00</time>
				<extensions>
					<swisstopo:routepoint_id>958221282</swisstopo:routepoint_id>
				</extensions>
			</trkpt>
			<trkpt lat="46.2513851186" lon="8.6523472887">
				<ele>1056.0</ele>
				<time>1970-01-01T01:00:00+01:00</time>
				<extensions>
					<swisstopo:routepoint_id>701466528</swisstopo:routepoint_id>
				</extensions>
			</trkpt>
			<trkpt lat="46.2513801836" lon="8.6523969955">
				<ele>1055.4</ele>
				<time>1970-01-01T01:00:00+01:00</time>
				<extensions>
					<swisstopo:routepoint_id>557996994</swisstopo:routepoint_id>
				</extensions>
			</trkpt>
			<trkpt lat="46.2513664488" lon="8.6524422697">
				<ele>1054.6</ele>
				<time>1970-01-01T01:00:00+01:00</time>
				<extensions>
					<swisstopo:routepoint_id>1939799496</swisstopo:routepoint_id>
				</extensions>
			</trkpt>
			<trkpt lat="46.2513638801" lon="8.6524761413">
				<ele>1054.3</ele>
				<time>1970-01-01T01:00:00+01:00</time>
				<extensions>
					<swisstopo:routepoint_id>1793852776</swisstopo:routepoint_id>
				</extensions>
			</trkpt>
			<trkpt lat="46.2513728429" lon="8.6525325220">
				<ele>1054.2</ele>
				<time>1970-01-01T01:00:00+01:00</time>
				<extensions>
					<swisstopo:routepoint_id>85800816</swisstopo:routepoint_id>
				</extensions>
			</trkpt>
			<trkpt lat="46.2513817399" lon="8.6525942015">
				<ele>1054.1</ele>
				<time>1970-01-01T01:00:00+01:00</time>
				<extensions>
					<swisstopo:routepoint_id>1550184354</swisstopo:routepoint_id>
				</extensions>
			</trkpt>
			<trkpt lat="46.2513813531" lon="8.6526302495">
				<ele>1053.9</ele>
				<time>1970-01-01T01:00:00+01:00</time>
				<extensions>
					<swisstopo:routepoint_id>1405463727</swisstopo:routepoint_id>
				</extensions>
			</trkpt>
			<trkpt lat="46.2513608877" lon="8.6526870378">
				<ele>1052.5</ele>
				<time>1970-01-01T01:00:00+01:00</time>
				<extensions>
					<swisstopo:routepoint_id>1608407402</swisstopo:routepoint_id>
				</extensions>
			</trkpt>
			<trkpt lat="46.2513580260" lon="8.6527473911">
				<ele>1052.1</ele>
				<time>1970-01-01T01:00:00+01:00</time>
				<extensions>
					<swisstopo:routepoint_id>942970860</swisstopo:routepoint_id>
				</extensions>
			</trkpt>
			<trkpt lat="46.2513624907" lon="8.6528110931">
				<ele>1051.5</ele>
				<time>1970-01-01T01:00:00+01:00</time>
				<extensions>
					<swisstopo:routepoint_id>1852689303</swisstopo:routepoint_id>
				</extensions>
			</trkpt>
			<trkpt lat="46.2513501352" lon="8.6528670111">
				<ele>1051.0</ele>
				<time>1970-01-01T01:00:00+01:00</time>
				<extensions>
					<swisstopo:routepoint_id>1721649688</swisstopo:routepoint_id>
				</extensions>
			</trkpt>
			<trkpt lat="46.2513491927" lon="8.6528860631">
				<ele>1050.8</ele>
				<time>1970-01-01T01:00:00+01:00</time>
				<extensions>
					<swisstopo:routepoint_id>1942323168</swisstopo:routepoint_id>
				</extensions>
			</trkpt>
			<trkpt lat="46.2513614555" lon="8.6529075438">
				<ele>1050.8</ele>
				<time>1970-01-01T01:00:00+01:00</time>
				<extensions>
					<swisstopo:routepoint_id>262172221</swisstopo:routepoint_id>
				</extensions>
			</trkpt>
			<trkpt lat="46.2513388422" lon="8.6529589775">
				<ele>1049.4</ele>
				<time>1970-01-01T01:00:00+01:00</time>
				<extensions>
					<swisstopo:routepoint_id>263443447</swisstopo:routepoint_id>
				</extensions>
			</trkpt>
			<trkpt lat="46.2513303290" lon="8.6529990679">
				<ele>1048.7</ele>
				<time>1970-01-01T01:00:00+01:00</time>
				<extensions>
					<swisstopo:routepoint_id>623761989</swisstopo:routepoint_id>
				</extensions>
			</trkpt>
			<trkpt lat="46.2513275326" lon="8.6530541351">
				<ele>1047.8</ele>
				<time>1970-01-01T01:00:00+01:00</time>
				<extensions>
					<swisstopo:routepoint_id>1764073698</swisstopo:routepoint_id>
				</extensions>
			</trkpt>
			<trkpt lat="46.2513049762" lon="8.6531002698">
				<ele>1046.4</ele>
				<time>1970-01-01T01:00:00+01:00</time>
				<extensions>
					<swisstopo:routepoint_id>821893896</swisstopo:routepoint_id>
				</extensions>
			</trkpt>
			<trkpt lat="46.2512695935" lon="8.6532044078">
				<ele>1043.4</ele>
				<time>1970-01-01T01:00:00+01:00</time>
				<extensions>
					<swisstopo:routepoint_id>848798985</swisstopo:routepoint_id>
				</extensions>
			</trkpt>
			<trkpt lat="46.2512485963" lon="8.6532976140">
				<ele>1042.0</ele>
				<time>1970-01-01T01:00:00+01:00</time>
				<extensions>
					<swisstopo:routepoint_id>1363928934</swisstopo:routepoint_id>
				</extensions>
			</trkpt>
			<trkpt lat="46.2512274441" lon="8.6534052355">
				<ele>1040.4</ele>
				<time>1970-01-01T01:00:00+01:00</time>
				<extensions>
					<swisstopo:routepoint_id>105851173</swisstopo:routepoint_id>
				</extensions>
			</trkpt>
			<trkpt lat="46.2512168959" lon="8.6534564568">
				<ele>1040.3</ele>
				<time>1970-01-01T01:00:00+01:00</time>
				<extensions>
					<swisstopo:routepoint_id>775978729</swisstopo:routepoint_id>
				</extensions>
			</trkpt>
			<trkpt lat="46.2511872016" lon="8.6535618295">
				<ele>1039.5</ele>
				<time>1970-01-01T01:00:00+01:00</time>
				<extensions>
					<swisstopo:routepoint_id>63426250</swisstopo:routepoint_id>
				</extensions>
			</trkpt>
			<trkpt lat="46.2511572713" lon="8.6536229147">
				<ele>1037.6</ele>
				<time>1970-01-01T01:00:00+01:00</time>
				<extensions>
					<swisstopo:routepoint_id>1099565436</swisstopo:routepoint_id>
				</extensions>
			</trkpt>
			<trkpt lat="46.2511321308" lon="8.6537026604">
				<ele>1035.5</ele>
				<time>1970-01-01T01:00:00+01:00</time>
				<extensions>
					<swisstopo:routepoint_id>1237630893</swisstopo:routepoint_id>
				</extensions>
			</trkpt>
			<trkpt lat="46.2511245034" lon="8.6537477728">
				<ele>1034.7</ele>
				<time>1970-01-01T01:00:00+01:00</time>
				<extensions>
					<swisstopo:routepoint_id>1235005949</swisstopo:routepoint_id>
				</extensions>
			</trkpt>
			<trkpt lat="46.2511175297" lon="8.6537990928">
				<ele>1033.8</ele>
				<time>1970-01-01T01:00:00+01:00</time>
				<extensions>
					<swisstopo:routepoint_id>187095908</swisstopo:routepoint_id>
				</extensions>
			</trkpt>
			<trkpt lat="46.2511128209" lon="8.6538391348">
				<ele>1033.2</ele>
				<time>1970-01-01T01:00:00+01:00</time>
				<extensions>
					<swisstopo:routepoint_id>2005560623</swisstopo:routepoint_id>
				</extensions>
			</trkpt>
			<trkpt lat="46.2511187995" lon="8.6538804476">
				<ele>1032.7</ele>
				<time>1970-01-01T01:00:00+01:00</time>
				<extensions>
					<swisstopo:routepoint_id>1944073755</swisstopo:routepoint_id>
				</extensions>
			</trkpt>
			<trkpt lat="46.2511243210" lon="8.6538980671">
				<ele>1032.6</ele>
				<time>1970-01-01T01:00:00+01:00</time>
				<extensions>
					<swisstopo:routepoint_id>1882081864</swisstopo:routepoint_id>
				</extensions>
			</trkpt>
			<trkpt lat="46.2511510469" lon="8.6539357270">
				<ele>1031.4</ele>
				<time>1970-01-01T01:00:00+01:00</time>
				<extensions>
					<swisstopo:routepoint_id>684527195</swisstopo:routepoint_id>
				</extensions>
			</trkpt>
			<trkpt lat="46.2511878439" lon="8.6539674251">
				<ele>1030.1</ele>
				<time>1970-01-01T01:00:00+01:00</time>
				<extensions>
					<swisstopo:routepoint_id>1165905433</swisstopo:routepoint_id>
				</extensions>
			</trkpt>
			<trkpt lat="46.2512276726" lon="8.6539827204">
				<ele>1029.1</ele>
				<time>1970-01-01T01:00:00+01:00</time>
				<extensions>
					<swisstopo:routepoint_id>1055097400</swisstopo:routepoint_id>
				</extensions>
			</trkpt>
			<trkpt lat="46.2512889821" lon="8.6539923276">
				<ele>1027.9</ele>
				<time>1970-01-01T01:00:00+01:00</time>
				<extensions>
					<swisstopo:routepoint_id>472196178</swisstopo:routepoint_id>
				</extensions>
			</trkpt>
			<trkpt lat="46.2513216364" lon="8.6540105530">
				<ele>1026.7</ele>
				<time>1970-01-01T01:00:00+01:00</time>
				<extensions>
					<swisstopo:routepoint_id>389615142</swisstopo:routepoint_id>
				</extensions>
			</trkpt>
			<trkpt lat="46.2513579342" lon="8.6540216599">
				<ele>1025.9</ele>
				<time>1970-01-01T01:00:00+01:00</time>
				<extensions>
					<swisstopo:routepoint_id>388389049</swisstopo:routepoint_id>
				</extensions>
			</trkpt>
			<trkpt lat="46.2513984189" lon="8.6540421182">
				<ele>1024.3</ele>
				<time>1970-01-01T01:00:00+01:00</time>
				<extensions>
					<swisstopo:routepoint_id>624877062</swisstopo:routepoint_id>
				</extensions>
			</trkpt>
			<trkpt lat="46.2514403021" lon="8.6540657106">
				<ele>1022.7</ele>
				<time>1970-01-01T01:00:00+01:00</time>
				<extensions>
					<swisstopo:routepoint_id>607213494</swisstopo:routepoint_id>
				</extensions>
			</trkpt>
			<trkpt lat="46.2514695694" lon="8.6540663641">
				<ele>1021.9</ele>
				<time>1970-01-01T01:00:00+01:00</time>
				<extensions>
					<swisstopo:routepoint_id>1700258071</swisstopo:routepoint_id>
				</extensions>
			</trkpt>
			<trkpt lat="46.2514953480" lon="8.6540597270">
				<ele>1021.7</ele>
				<time>1970-01-01T01:00:00+01:00</time>
				<extensions>
					<swisstopo:routepoint_id>2034241362</swisstopo:routepoint_id>
				</extensions>
			</trkpt>
			<trkpt lat="46.2515439397" lon="8.6540566896">
				<ele>1021.7</ele>
				<time>1970-01-01T01:00:00+01:00</time>
				<extensions>
					<swisstopo:routepoint_id>1148131339</swisstopo:routepoint_id>
				</extensions>
			</trkpt>
			<trkpt lat="46.2516139657" lon="8.6540531175">
				<ele>1021.3</ele>
				<time>1970-01-01T01:00:00+01:00</time>
				<extensions>
					<swisstopo:routepoint_id>1590517082</swisstopo:routepoint_id>
				</extensions>
			</trkpt>
			<trkpt lat="46.2516482089" lon="8.6540559338">
				<ele>1021.2</ele>
				<time>1970-01-01T01:00:00+01:00</time>
				<extensions>
					<swisstopo:routepoint_id>1458206240</swisstopo:routepoint_id>
				</extensions>
			</trkpt>
			<trkpt lat="46.2516786646" lon="8.6540792648">
				<ele>1021.2</ele>
				<time>1970-01-01T01:00:00+01:00</time>
				<extensions>
					<swisstopo:routepoint_id>1318561179</swisstopo:routepoint_id>
				</extensions>
			</trkpt>
			<trkpt lat="46.2517039101" lon="8.6541230536">
				<ele>1021.1</ele>
				<time>1970-01-01T01:00:00+01:00</time>
				<extensions>
					<swisstopo:routepoint_id>645582171</swisstopo:routepoint_id>
				</extensions>
			</trkpt>
			<trkpt lat="46.2517214660" lon="8.6542160953">
				<ele>1020.6</ele>
				<time>1970-01-01T01:00:00+01:00</time>
				<extensions>
					<swisstopo:routepoint_id>1589033199</swisstopo:routepoint_id>
				</extensions>
			</trkpt>
			<trkpt lat="46.2517455133" lon="8.6543051595">
				<ele>1019.9</ele>
				<time>1970-01-01T01:00:00+01:00</time>
				<extensions>
					<swisstopo:routepoint_id>1922446652</swisstopo:routepoint_id>
				</extensions>
			</trkpt>
			<trkpt lat="46.2517707300" lon="8.6543499863">
				<ele>1019.4</ele>
				<time>1970-01-01T01:00:00+01:00</time>
				<extensions>
					<swisstopo:routepoint_id>400144764</swisstopo:routepoint_id>
				</extensions>
			</trkpt>
			<trkpt lat="46.2517954983" lon="8.6543711326">
				<ele>1019.2</ele>
				<time>1970-01-01T01:00:00+01:00</time>
				<extensions>
					<swisstopo:routepoint_id>716042723</swisstopo:routepoint_id>
				</extensions>
			</trkpt>
			<trkpt lat="46.2518204657" lon="8.6543737545">
				<ele>1019.2</ele>
				<time>1970-01-01T01:00:00+01:00</time>
				<extensions>
					<swisstopo:routepoint_id>72820255</swisstopo:routepoint_id>
				</extensions>
			</trkpt>
			<trkpt lat="46.2518570733" lon="8.6543560371">
				<ele>1019.3</ele>
				<time>1970-01-01T01:00:00+01:00</time>
				<extensions>
					<swisstopo:routepoint_id>1300502684</swisstopo:routepoint_id>
				</extensions>
			</trkpt>
			<trkpt lat="46.2518928033" lon="8.6543537511">
				<ele>1018.9</ele>
				<time>1970-01-01T01:00:00+01:00</time>
				<extensions>
					<swisstopo:routepoint_id>1153769385</swisstopo:routepoint_id>
				</extensions>
			</trkpt>
			<trkpt lat="46.2519243001" lon="8.6543472419">
				<ele>1018.8</ele>
				<time>1970-01-01T01:00:00+01:00</time>
				<extensions>
					<swisstopo:routepoint_id>1685831484</swisstopo:routepoint_id>
				</extensions>
			</trkpt>
			<trkpt lat="46.2519494445" lon="8.6543333971">
				<ele>1019.0</ele>
				<time>1970-01-01T01:00:00+01:00</time>
				<extensions>
					<swisstopo:routepoint_id>975903949</swisstopo:routepoint_id>
				</extensions>
			</trkpt>
			<trkpt lat="46.2519775653" lon="8.6543082901">
				<ele>1019.1</ele>
				<time>1970-01-01T01:00:00+01:00</time>
				<extensions>
					<swisstopo:routepoint_id>912469527</swisstopo:routepoint_id>
				</extensions>
			</trkpt>
			<trkpt lat="46.2520097646" lon="8.6543018028">
				<ele>1018.7</ele>
				<time>1970-01-01T01:00:00+01:00</time>
				<extensions>
					<swisstopo:routepoint_id>1379553918</swisstopo:routepoint_id>
				</extensions>
			</trkpt>
			<trkpt lat="46.2520259270" lon="8.6543258408">
				<ele>1018.3</ele>
				<time>1970-01-01T01:00:00+01:00</time>
				<extensions>
					<swisstopo:routepoint_id>1438415842</swisstopo:routepoint_id>
				</extensions>
			</trkpt>
			<trkpt lat="46.2520275505" lon="8.6543742507">
				<ele>1017.1</ele>
				<time>1970-01-01T01:00:00+01:00</time>
				<extensions>
					<swisstopo:routepoint_id>452497692</swisstopo:routepoint_id>
				</extensions>
			</trkpt>
			<trkpt lat="46.2520293286" lon="8.6544082704">
				<ele>1016.8</ele>
				<time>1970-01-01T01:00:00+01:00</time>
				<extensions>
					<swisstopo:routepoint_id>1321033428</swisstopo:routepoint_id>
				</extensions>
			</trkpt>
			<trkpt lat="46.2520354154" lon="8.6544403092">
				<ele>1016.6</ele>
				<time>1970-01-01T01:00:00+01:00</time>
				<extensions>
					<swisstopo:routepoint_id>778168322</swisstopo:routepoint_id>
				</extensions>
			</trkpt>
			<trkpt lat="46.2520348733" lon="8.6544907478">
				<ele>1016.3</ele>
				<time>1970-01-01T01:00:00+01:00</time>
				<extensions>
					<swisstopo:routepoint_id>826984464</swisstopo:routepoint_id>
				</extensions>
			</trkpt>
			<trkpt lat="46.2520560779" lon="8.6545107761">
				<ele>1015.2</ele>
				<time>1970-01-01T01:00:00+01:00</time>
				<extensions>
					<swisstopo:routepoint_id>212331017</swisstopo:routepoint_id>
				</extensions>
			</trkpt>
			<trkpt lat="46.2520697983" lon="8.6545625465">
				<ele>1014.6</ele>
				<time>1970-01-01T01:00:00+01:00</time>
				<extensions>
					<swisstopo:routepoint_id>776290291</swisstopo:routepoint_id>
				</extensions>
			</trkpt>
			<trkpt lat="46.2520862605" lon="8.6546257069">
				<ele>1014.1</ele>
				<time>1970-01-01T01:00:00+01:00</time>
				<extensions>
					<swisstopo:routepoint_id>666708351</swisstopo:routepoint_id>
				</extensions>
			</trkpt>
			<trkpt lat="46.2521066428" lon="8.6546560198">
				<ele>1013.7</ele>
				<time>1970-01-01T01:00:00+01:00</time>
				<extensions>
					<swisstopo:routepoint_id>1994802764</swisstopo:routepoint_id>
				</extensions>
			</trkpt>
			<trkpt lat="46.2521216820" lon="8.6547191485">
				<ele>1011.5</ele>
				<time>1970-01-01T01:00:00+01:00</time>
				<extensions>
					<swisstopo:routepoint_id>1929885295</swisstopo:routepoint_id>
				</extensions>
			</trkpt>
			<trkpt lat="46.2521635708" lon="8.6548075864">
				<ele>1008.2</ele>
				<time>1970-01-01T01:00:00+01:00</time>
				<extensions>
					<swisstopo:routepoint_id>835614625</swisstopo:routepoint_id>
				</extensions>
			</trkpt>
			<trkpt lat="46.2521938936" lon="8.6548432635">
				<ele>1007.0</ele>
				<time>1970-01-01T01:00:00+01:00</time>
				<extensions>
					<swisstopo:routepoint_id>738119347</swisstopo:routepoint_id>
				</extensions>
			</trkpt>
			<trkpt lat="46.2522230369" lon="8.6548562629">
				<ele>1006.5</ele>
				<time>1970-01-01T01:00:00+01:00</time>
				<extensions>
					<swisstopo:routepoint_id>1606565803</swisstopo:routepoint_id>
				</extensions>
			</trkpt>
			<trkpt lat="46.2522702201" lon="8.6549180520">
				<ele>1005.3</ele>
				<time>1970-01-01T01:00:00+01:00</time>
				<extensions>
					<swisstopo:routepoint_id>109740989</swisstopo:routepoint_id>
				</extensions>
			</trkpt>
			<trkpt lat="46.2522890465" lon="8.6549606850">
				<ele>1005.3</ele>
				<time>1970-01-01T01:00:00+01:00</time>
				<extensions>
					<swisstopo:routepoint_id>576035122</swisstopo:routepoint_id>
				</extensions>
			</trkpt>
			<trkpt lat="46.2522926491" lon="8.6550235648">
				<ele>1005.4</ele>
				<time>1970-01-01T01:00:00+01:00</time>
				<extensions>
					<swisstopo:routepoint_id>1977053808</swisstopo:routepoint_id>
				</extensions>
			</trkpt>
			<trkpt lat="46.2522955292" lon="8.6550874480">
				<ele>1005.9</ele>
				<time>1970-01-01T01:00:00+01:00</time>
				<extensions>
					<swisstopo:routepoint_id>944934911</swisstopo:routepoint_id>
				</extensions>
			</trkpt>
			<trkpt lat="46.2523046729" lon="8.6551669161">
				<ele>1005.5</ele>
				<time>1970-01-01T01:00:00+01:00</time>
				<extensions>
					<swisstopo:routepoint_id>2016656689</swisstopo:routepoint_id>
				</extensions>
			</trkpt>
			<trkpt lat="46.2523306847" lon="8.6552055874">
				<ele>1005.3</ele>
				<time>1970-01-01T01:00:00+01:00</time>
				<extensions>
					<swisstopo:routepoint_id>1543598175</swisstopo:routepoint_id>
				</extensions>
			</trkpt>
			<trkpt lat="46.2523633522" lon="8.6552217498">
				<ele>1004.8</ele>
				<time>1970-01-01T01:00:00+01:00</time>
				<extensions>
					<swisstopo:routepoint_id>245437407</swisstopo:routepoint_id>
				</extensions>
			</trkpt>
			<trkpt lat="46.2524209713" lon="8.6552436371">
				<ele>1004.3</ele>
				<time>1970-01-01T01:00:00+01:00</time>
				<extensions>
					<swisstopo:routepoint_id>872990476</swisstopo:routepoint_id>
				</extensions>
			</trkpt>
			<trkpt lat="46.2524502608" lon="8.6552422273">
				<ele>1004.2</ele>
				<time>1970-01-01T01:00:00+01:00</time>
				<extensions>
					<swisstopo:routepoint_id>1849626396</swisstopo:routepoint_id>
				</extensions>
			</trkpt>
			<trkpt lat="46.2524725838" lon="8.6552252295">
				<ele>1004.0</ele>
				<time>1970-01-01T01:00:00+01:00</time>
				<extensions>
					<swisstopo:routepoint_id>1247125728</swisstopo:routepoint_id>
				</extensions>
			</trkpt>
			<trkpt lat="46.2524977528" lon="8.6552082826">
				<ele>1003.9</ele>
				<time>1970-01-01T01:00:00+01:00</time>
				<extensions>
					<swisstopo:routepoint_id>1709756986</swisstopo:routepoint_id>
				</extensions>
			</trkpt>
			<trkpt lat="46.2525326829" lon="8.6552142116">
				<ele>1003.7</ele>
				<time>1970-01-01T01:00:00+01:00</time>
				<extensions>
					<swisstopo:routepoint_id>534472419</swisstopo:routepoint_id>
				</extensions>
			</trkpt>
			<trkpt lat="46.2525546296" lon="8.6552322115">
				<ele>1003.7</ele>
				<time>1970-01-01T01:00:00+01:00</time>
				<extensions>
					<swisstopo:routepoint_id>324598735</swisstopo:routepoint_id>
				</extensions>
			</trkpt>
			<trkpt lat="46.2525578195" lon="8.6552672763">
				<ele>1002.9</ele>
				<time>1970-01-01T01:00:00+01:00</time>
				<extensions>
					<swisstopo:routepoint_id>241299857</swisstopo:routepoint_id>
				</extensions>
			</trkpt>
			<trkpt lat="46.2525772134" lon="8.6553233030">
				<ele>1002.1</ele>
				<time>1970-01-01T01:00:00+01:00</time>
				<extensions>
					<swisstopo:routepoint_id>306277566</swisstopo:routepoint_id>
				</extensions>
			</trkpt>
			<trkpt lat="46.2525868108" lon="8.6553605755">
				<ele>1002.1</ele>
				<time>1970-01-01T01:00:00+01:00</time>
				<extensions>
					<swisstopo:routepoint_id>1684971755</swisstopo:routepoint_id>
				</extensions>
			</trkpt>
			<trkpt lat="46.2525861687" lon="8.6554202705">
				<ele>1001.5</ele>
				<time>1970-01-01T01:00:00+01:00</time>
				<extensions>
					<swisstopo:routepoint_id>459971835</swisstopo:routepoint_id>
				</extensions>
			</trkpt>
			<trkpt lat="46.2525876035" lon="8.6554861798">
				<ele>1000.9</ele>
				<time>1970-01-01T01:00:00+01:00</time>
				<extensions>
					<swisstopo:routepoint_id>58520489</swisstopo:routepoint_id>
				</extensions>
			</trkpt>
			<trkpt lat="46.2525830520" lon="8.6555776970">
				<ele>999.8</ele>
				<time>1970-01-01T01:00:00+01:00</time>
				<extensions>
					<swisstopo:routepoint_id>660247520</swisstopo:routepoint_id>
				</extensions>
			</trkpt>
			<trkpt lat="46.2525817338" lon="8.6556332607">
				<ele>998.9</ele>
				<time>1970-01-01T01:00:00+01:00</time>
				<extensions>
					<swisstopo:routepoint_id>1772996875</swisstopo:routepoint_id>
				</extensions>
			</trkpt>
			<trkpt lat="46.2525912868" lon="8.6556746547">
				<ele>998.6</ele>
				<time>1970-01-01T01:00:00+01:00</time>
				<extensions>
					<swisstopo:routepoint_id>1108702411</swisstopo:routepoint_id>
				</extensions>
			</trkpt>
			<trkpt lat="46.2526116334" lon="8.6557090710">
				<ele>998.6</ele>
				<time>1970-01-01T01:00:00+01:00</time>
				<extensions>
					<swisstopo:routepoint_id>1878030</swisstopo:routepoint_id>
				</extensions>
			</trkpt>
			<trkpt lat="46.2526496669" lon="8.6557572760">
				<ele>997.4</ele>
				<time>1970-01-01T01:00:00+01:00</time>
				<extensions>
					<swisstopo:routepoint_id>160276113</swisstopo:routepoint_id>
				</extensions>
			</trkpt>
			<trkpt lat="46.2526714940" lon="8.6557855575">
				<ele>996.8</ele>
				<time>1970-01-01T01:00:00+01:00</time>
				<extensions>
					<swisstopo:routepoint_id>365011901</swisstopo:routepoint_id>
				</extensions>
			</trkpt>
			<trkpt lat="46.2526929312" lon="8.6558508947">
				<ele>996.0</ele>
				<time>1970-01-01T01:00:00+01:00</time>
				<extensions>
					<swisstopo:routepoint_id>993888644</swisstopo:routepoint_id>
				</extensions>
			</trkpt>
			<trkpt lat="46.2527183339" lon="8.6559461595">
				<ele>993.9</ele>
				<time>1970-01-01T01:00:00+01:00</time>
				<extensions>
					<swisstopo:routepoint_id>1978577373</swisstopo:routepoint_id>
				</extensions>
			</trkpt>
			<trkpt lat="46.2527451260" lon="8.6560445584">
				<ele>993.4</ele>
				<time>1970-01-01T01:00:00+01:00</time>
				<extensions>
					<swisstopo:routepoint_id>1256683416</swisstopo:routepoint_id>
				</extensions>
			</trkpt>
			<trkpt lat="46.2527689965" lon="8.6560821567">
				<ele>993.0</ele>
				<time>1970-01-01T01:00:00+01:00</time>
				<extensions>
					<swisstopo:routepoint_id>323319492</swisstopo:routepoint_id>
				</extensions>
			</trkpt>
			<trkpt lat="46.2527756282" lon="8.6561296535">
				<ele>991.8</ele>
				<time>1970-01-01T01:00:00+01:00</time>
				<extensions>
					<swisstopo:routepoint_id>725873636</swisstopo:routepoint_id>
				</extensions>
			</trkpt>
			<trkpt lat="46.2527803271" lon="8.6561575521">
				<ele>991.4</ele>
				<time>1970-01-01T01:00:00+01:00</time>
				<extensions>
					<swisstopo:routepoint_id>162084225</swisstopo:routepoint_id>
				</extensions>
			</trkpt>
			<trkpt lat="46.2527990314" lon="8.6562114932">
				<ele>990.2</ele>
				<time>1970-01-01T01:00:00+01:00</time>
				<extensions>
					<swisstopo:routepoint_id>1776995643</swisstopo:routepoint_id>
				</extensions>
			</trkpt>
			<trkpt lat="46.2528147501" lon="8.6562767027">
				<ele>989.0</ele>
				<time>1970-01-01T01:00:00+01:00</time>
				<extensions>
					<swisstopo:routepoint_id>1312289726</swisstopo:routepoint_id>
				</extensions>
			</trkpt>
			<trkpt lat="46.2528314462" lon="8.6563172309">
				<ele>988.5</ele>
				<time>1970-01-01T01:00:00+01:00</time>
				<extensions>
					<swisstopo:routepoint_id>706862081</swisstopo:routepoint_id>
				</extensions>
			</trkpt>
			<trkpt lat="46.2528675953" lon="8.6563437688">
				<ele>988.5</ele>
				<time>1970-01-01T01:00:00+01:00</time>
				<extensions>
					<swisstopo:routepoint_id>433455632</swisstopo:routepoint_id>
				</extensions>
			</trkpt>
			<trkpt lat="46.2529164687" lon="8.6563798685">
				<ele>988.0</ele>
				<time>1970-01-01T01:00:00+01:00</time>
				<extensions>
					<swisstopo:routepoint_id>699497504</swisstopo:routepoint_id>
				</extensions>
			</trkpt>
			<trkpt lat="46.2529712685" lon="8.6563975654">
				<ele>988.5</ele>
				<time>1970-01-01T01:00:00+01:00</time>
				<extensions>
					<swisstopo:routepoint_id>1143666212</swisstopo:routepoint_id>
				</extensions>
			</trkpt>
			<trkpt lat="46.2530023222" lon="8.6564322280">
				<ele>988.5</ele>
				<time>1970-01-01T01:00:00+01:00</time>
				<extensions>
					<swisstopo:routepoint_id>1841455427</swisstopo:routepoint_id>
				</extensions>
			</trkpt>
			<trkpt lat="46.2530410424" lon="8.6564835396">
				<ele>989.0</ele>
				<time>1970-01-01T01:00:00+01:00</time>
				<extensions>
					<swisstopo:routepoint_id>1145795327</swisstopo:routepoint_id>
				</extensions>
			</trkpt>
			<trkpt lat="46.2530616680" lon="8.6564912012">
				<ele>989.0</ele>
				<time>1970-01-01T01:00:00+01:00</time>
				<extensions>
					<swisstopo:routepoint_id>1310717138</swisstopo:routepoint_id>
				</extensions>
			</trkpt>
			<trkpt lat="46.2530987635" lon="8.6564951151">
				<ele>988.8</ele>
				<time>1970-01-01T01:00:00+01:00</time>
				<extensions>
					<swisstopo:routepoint_id>1315153977</swisstopo:routepoint_id>
				</extensions>
			</trkpt>
			<trkpt lat="46.2531121593" lon="8.6565108599">
				<ele>988.4</ele>
				<time>1970-01-01T01:00:00+01:00</time>
				<extensions>
					<swisstopo:routepoint_id>922526993</swisstopo:routepoint_id>
				</extensions>
			</trkpt>
			<trkpt lat="46.2531211777" lon="8.6565357715">
				<ele>987.8</ele>
				<time>1970-01-01T01:00:00+01:00</time>
				<extensions>
					<swisstopo:routepoint_id>1468457128</swisstopo:routepoint_id>
				</extensions>
			</trkpt>
			<trkpt lat="46.2531291567" lon="8.6565894857">
				<ele>986.7</ele>
				<time>1970-01-01T01:00:00+01:00</time>
				<extensions>
					<swisstopo:routepoint_id>228194853</swisstopo:routepoint_id>
				</extensions>
			</trkpt>
			<trkpt lat="46.2531357439" lon="8.6566410980">
				<ele>985.9</ele>
				<time>1970-01-01T01:00:00+01:00</time>
				<extensions>
					<swisstopo:routepoint_id>787110628</swisstopo:routepoint_id>
				</extensions>
			</trkpt>
			<trkpt lat="46.2531421847" lon="8.6567071201">
				<ele>985.1</ele>
				<time>1970-01-01T01:00:00+01:00</time>
				<extensions>
					<swisstopo:routepoint_id>1928811670</swisstopo:routepoint_id>
				</extensions>
			</trkpt>
			<trkpt lat="46.2531698981" lon="8.6567859857">
				<ele>984.4</ele>
				<time>1970-01-01T01:00:00+01:00</time>
				<extensions>
					<swisstopo:routepoint_id>247757076</swisstopo:routepoint_id>
				</extensions>
			</trkpt>
			<trkpt lat="46.2531978333" lon="8.6568442565">
				<ele>983.5</ele>
				<time>1970-01-01T01:00:00+01:00</time>
				<extensions>
					<swisstopo:routepoint_id>1024724235</swisstopo:routepoint_id>
				</extensions>
			</trkpt>
			<trkpt lat="46.2532110518" lon="8.6568764560">
				<ele>982.5</ele>
				<time>1970-01-01T01:00:00+01:00</time>
				<extensions>
					<swisstopo:routepoint_id>834458608</swisstopo:routepoint_id>
				</extensions>
			</trkpt>
			<trkpt lat="46.2532252142" lon="8.6569539926">
				<ele>980.5</ele>
				<time>1970-01-01T01:00:00+01:00</time>
				<extensions>
					<swisstopo:routepoint_id>1097301726</swisstopo:routepoint_id>
				</extensions>
			</trkpt>
			<trkpt lat="46.2532335676" lon="8.6570406449">
				<ele>978.6</ele>
				<time>1970-01-01T01:00:00+01:00</time>
				<extensions>
					<swisstopo:routepoint_id>658369489</swisstopo:routepoint_id>
				</extensions>
			</trkpt>
			<trkpt lat="46.2532356597" lon="8.6571106987">
				<ele>977.0</ele>
				<time>1970-01-01T01:00:00+01:00</time>
				<extensions>
					<swisstopo:routepoint_id>1612720762</swisstopo:routepoint_id>
				</extensions>
			</trkpt>
			<trkpt lat="46.2532469873" lon="8.6571871208">
				<ele>975.3</ele>
				<time>1970-01-01T01:00:00+01:00</time>
				<extensions>
					<swisstopo:routepoint_id>743690510</swisstopo:routepoint_id>
				</extensions>
			</trkpt>
			<trkpt lat="46.2532664491" lon="8.6572359439">
				<ele>974.2</ele>
				<time>1970-01-01T01:00:00+01:00</time>
				<extensions>
					<swisstopo:routepoint_id>1155473034</swisstopo:routepoint_id>
				</extensions>
			</trkpt>
			<trkpt lat="46.2532902393" lon="8.6572817799">
				<ele>973.2</ele>
				<time>1970-01-01T01:00:00+01:00</time>
				<extensions>
					<swisstopo:routepoint_id>329182388</swisstopo:routepoint_id>
				</extensions>
			</trkpt>
			<trkpt lat="46.2533182963" lon="8.6573287184">
				<ele>972.0</ele>
				<time>1970-01-01T01:00:00+01:00</time>
				<extensions>
					<swisstopo:routepoint_id>1255812132</swisstopo:routepoint_id>
				</extensions>
			</trkpt>
			<trkpt lat="46.2533225934" lon="8.6573946991">
				<ele>970.8</ele>
				<time>1970-01-01T01:00:00+01:00</time>
				<extensions>
					<swisstopo:routepoint_id>670569151</swisstopo:routepoint_id>
				</extensions>
			</trkpt>
			<trkpt lat="46.2533031376" lon="8.6574766191">
				<ele>968.9</ele>
				<time>1970-01-01T01:00:00+01:00</time>
				<extensions>
					<swisstopo:routepoint_id>1252703737</swisstopo:routepoint_id>
				</extensions>
			</trkpt>
			<trkpt lat="46.2532883784" lon="8.6575205662">
				<ele>967.7</ele>
				<time>1970-01-01T01:00:00+01:00</time>
				<extensions>
					<swisstopo:routepoint_id>1094599191</swisstopo:routepoint_id>
				</extensions>
			</trkpt>
			<trkpt lat="46.2532658642" lon="8.6575560883">
				<ele>966.3</ele>
				<time>1970-01-01T01:00:00+01:00</time>
				<extensions>
					<swisstopo:routepoint_id>693807497</swisstopo:routepoint_id>
				</extensions>
			</trkpt>
			<trkpt lat="46.2532610367" lon="8.6576053935">
				<ele>965.4</ele>
				<time>1970-01-01T01:00:00+01:00</time>
				<extensions>
					<swisstopo:routepoint_id>1561067557</swisstopo:routepoint_id>
				</extensions>
			</trkpt>
			<trkpt lat="46.2532448062" lon="8.6575885589">
				<ele>964.7</ele>
				<time>1970-01-01T01:00:00+01:00</time>
				<extensions>
					<swisstopo:routepoint_id>1602705792</swisstopo:routepoint_id>
				</extensions>
			</trkpt>
			<trkpt lat="46.2532227157" lon="8.6575839417">
				<ele>963.9</ele>
				<time>1970-01-01T01:00:00+01:00</time>
				<extensions>
					<swisstopo:routepoint_id>1343540010</swisstopo:routepoint_id>
				</extensions>
			</trkpt>
			<trkpt lat="46.2532120194" lon="8.6575826763">
				<ele>963.5</ele>
				<time>1970-01-01T01:00:00+01:00</time>
				<extensions>
					<swisstopo:routepoint_id>612792222</swisstopo:routepoint_id>
				</extensions>
			</trkpt>
			<trkpt lat="46.2532094238" lon="8.6576237991">
				<ele>962.7</ele>
				<time>1970-01-01T01:00:00+01:00</time>
				<extensions>
					<swisstopo:routepoint_id>1710679516</swisstopo:routepoint_id>
				</extensions>
			</trkpt>
			<trkpt lat="46.2532189406" lon="8.6576692966">
				<ele>961.4</ele>
				<time>1970-01-01T01:00:00+01:00</time>
				<extensions>
					<swisstopo:routepoint_id>739483853</swisstopo:routepoint_id>
				</extensions>
			</trkpt>
			<trkpt lat="46.2532256626" lon="8.6577075378">
				<ele>960.5</ele>
				<time>1970-01-01T01:00:00+01:00</time>
				<extensions>
					<swisstopo:routepoint_id>1701185825</swisstopo:routepoint_id>
				</extensions>
			</trkpt>
			<trkpt lat="46.2532487411" lon="8.6577533581">
				<ele>959.1</ele>
				<time>1970-01-01T01:00:00+01:00</time>
				<extensions>
					<swisstopo:routepoint_id>1980432722</swisstopo:routepoint_id>
				</extensions>
			</trkpt>
			<trkpt lat="46.2532556937" lon="8.6577710108">
				<ele>958.5</ele>
				<time>1970-01-01T01:00:00+01:00</time>
				<extensions>
					<swisstopo:routepoint_id>526301450</swisstopo:routepoint_id>
				</extensions>
			</trkpt>
			<trkpt lat="46.2532427877" lon="8.6577758701">
				<ele>957.9</ele>
				<time>1970-01-01T01:00:00+01:00</time>
				<extensions>
					<swisstopo:routepoint_id>223268334</swisstopo:routepoint_id>
				</extensions>
			</trkpt>
			<trkpt lat="46.2532198859" lon="8.6577805056">
				<ele>956.9</ele>
				<time>1970-01-01T01:00:00+01:00</time>
				<extensions>
					<swisstopo:routepoint_id>1989743658</swisstopo:routepoint_id>
				</extensions>
			</trkpt>
			<trkpt lat="46.2531928751" lon="8.6577685780">
				<ele>956.6</ele>
				<time>1970-01-01T01:00:00+01:00</time>
				<extensions>
					<swisstopo:routepoint_id>1086959123</swisstopo:routepoint_id>
				</extensions>
			</trkpt>
			<trkpt lat="46.2531666290" lon="8.6577525450">
				<ele>956.3</ele>
				<time>1970-01-01T01:00:00+01:00</time>
				<extensions>
					<swisstopo:routepoint_id>135416365</swisstopo:routepoint_id>
				</extensions>
			</trkpt>
			<trkpt lat="46.2531402741" lon="8.6577457804">
				<ele>955.5</ele>
				<time>1970-01-01T01:00:00+01:00</time>
				<extensions>
					<swisstopo:routepoint_id>1687129106</swisstopo:routepoint_id>
				</extensions>
			</trkpt>
			<trkpt lat="46.2531315350" lon="8.6577610172">
				<ele>954.9</ele>
				<time>1970-01-01T01:00:00+01:00</time>
				<extensions>
					<swisstopo:routepoint_id>2127921425</swisstopo:routepoint_id>
				</extensions>
			</trkpt>
			<trkpt lat="46.2531346996" lon="8.6577991786">
				<ele>953.9</ele>
				<time>1970-01-01T01:00:00+01:00</time>
				<extensions>
					<swisstopo:routepoint_id>1909870041</swisstopo:routepoint_id>
				</extensions>
			</trkpt>
			<trkpt lat="46.2531405081" lon="8.6578569543">
				<ele>952.2</ele>
				<time>1970-01-01T01:00:00+01:00</time>
				<extensions>
					<swisstopo:routepoint_id>1094353062</swisstopo:routepoint_id>
				</extensions>
			</trkpt>
			<trkpt lat="46.2531617579" lon="8.6579387598">
				<ele>950.5</ele>
				<time>1970-01-01T01:00:00+01:00</time>
				<extensions>
					<swisstopo:routepoint_id>1297938998</swisstopo:routepoint_id>
				</extensions>
			</trkpt>
			<trkpt lat="46.2532069514" lon="8.6579861014">
				<ele>948.5</ele>
				<time>1970-01-01T01:00:00+01:00</time>
				<extensions>
					<swisstopo:routepoint_id>366354745</swisstopo:routepoint_id>
				</extensions>
			</trkpt>
			<trkpt lat="46.2532619744" lon="8.6580490895">
				<ele>946.2</ele>
				<time>1970-01-01T01:00:00+01:00</time>
				<extensions>
					<swisstopo:routepoint_id>1369221494</swisstopo:routepoint_id>
				</extensions>
			</trkpt>
			<trkpt lat="46.2532758350" lon="8.6580885291">
				<ele>944.8</ele>
				<time>1970-01-01T01:00:00+01:00</time>
				<extensions>
					<swisstopo:routepoint_id>353611215</swisstopo:routepoint_id>
				</extensions>
			</trkpt>
			<trkpt lat="46.2532881087" lon="8.6581423273">
				<ele>942.7</ele>
				<time>1970-01-01T01:00:00+01:00</time>
				<extensions>
					<swisstopo:routepoint_id>1650380103</swisstopo:routepoint_id>
				</extensions>
			</trkpt>
			<trkpt lat="46.2533152784" lon="8.6582047106">
				<ele>941.1</ele>
				<time>1970-01-01T01:00:00+01:00</time>
				<extensions>
					<swisstopo:routepoint_id>1283538374</swisstopo:routepoint_id>
				</extensions>
			</trkpt>
			<trkpt lat="46.2533292279" lon="8.6582359010">
				<ele>940.3</ele>
				<time>1970-01-01T01:00:00+01:00</time>
				<extensions>
					<swisstopo:routepoint_id>1635362026</swisstopo:routepoint_id>
				</extensions>
			</trkpt>
			<trkpt lat="46.2533326031" lon="8.6582545122">
				<ele>939.4</ele>
				<time>1970-01-01T01:00:00+01:00</time>
				<extensions>
					<swisstopo:routepoint_id>484903883</swisstopo:routepoint_id>
				</extensions>
			</trkpt>
			<trkpt lat="46.2533259071" lon="8.6582790657">
				<ele>938.7</ele>
				<time>1970-01-01T01:00:00+01:00</time>
				<extensions>
					<swisstopo:routepoint_id>1223962298</swisstopo:routepoint_id>
				</extensions>
			</trkpt>
			<trkpt lat="46.2533079811" lon="8.6582858642">
				<ele>938.3</ele>
				<time>1970-01-01T01:00:00+01:00</time>
				<extensions>
					<swisstopo:routepoint_id>161212941</swisstopo:routepoint_id>
				</extensions>
			</trkpt>
			<trkpt lat="46.2533267620" lon="8.6583326081">
				<ele>937.1</ele>
				<time>1970-01-01T01:00:00+01:00</time>
				<extensions>
					<swisstopo:routepoint_id>2124245302</swisstopo:routepoint_id>
				</extensions>
			</trkpt>
			<trkpt lat="46.2533471433" lon="8.6583629230">
				<ele>936.2</ele>
				<time>1970-01-01T01:00:00+01:00</time>
				<extensions>
					<swisstopo:routepoint_id>1839119828</swisstopo:routepoint_id>
				</extensions>
			</trkpt>
			<trkpt lat="46.2533525531" lon="8.6583908381">
				<ele>935.3</ele>
				<time>1970-01-01T01:00:00+01:00</time>
				<extensions>
					<swisstopo:routepoint_id>1639377046</swisstopo:routepoint_id>
				</extensions>
			</trkpt>
			<trkpt lat="46.2533430800" lon="8.6584081292">
				<ele>934.8</ele>
				<time>1970-01-01T01:00:00+01:00</time>
				<extensions>
					<swisstopo:routepoint_id>1497751135</swisstopo:routepoint_id>
				</extensions>
			</trkpt>
			<trkpt lat="46.2533138905" lon="8.6584002686">
				<ele>934.0</ele>
				<time>1970-01-01T01:00:00+01:00</time>
				<extensions>
					<swisstopo:routepoint_id>948275335</swisstopo:routepoint_id>
				</extensions>
			</trkpt>
			<trkpt lat="46.2532875112" lon="8.6583965872">
				<ele>933.0</ele>
				<time>1970-01-01T01:00:00+01:00</time>
				<extensions>
					<swisstopo:routepoint_id>2039509924</swisstopo:routepoint_id>
				</extensions>
			</trkpt>
			<trkpt lat="46.2532738716" lon="8.6584034817">
				<ele>932.3</ele>
				<time>1970-01-01T01:00:00+01:00</time>
				<extensions>
					<swisstopo:routepoint_id>604056157</swisstopo:routepoint_id>
				</extensions>
			</trkpt>
			<trkpt lat="46.2532698528" lon="8.6584445663">
				<ele>931.4</ele>
				<time>1970-01-01T01:00:00+01:00</time>
				<extensions>
					<swisstopo:routepoint_id>1059090045</swisstopo:routepoint_id>
				</extensions>
			</trkpt>
			<trkpt lat="46.2532681102" lon="8.6584733596">
				<ele>930.8</ele>
				<time>1970-01-01T01:00:00+01:00</time>
				<extensions>
					<swisstopo:routepoint_id>1877730442</swisstopo:routepoint_id>
				</extensions>
			</trkpt>
			<trkpt lat="46.2532912464" lon="8.6585129946">
				<ele>929.6</ele>
				<time>1970-01-01T01:00:00+01:00</time>
				<extensions>
					<swisstopo:routepoint_id>213182403</swisstopo:routepoint_id>
				</extensions>
			</trkpt>
			<trkpt lat="46.2533017960" lon="8.6585286762">
				<ele>928.9</ele>
				<time>1970-01-01T01:00:00+01:00</time>
				<extensions>
					<swisstopo:routepoint_id>1477917491</swisstopo:routepoint_id>
				</extensions>
			</trkpt>
			<trkpt lat="46.2533208122" lon="8.6585527673">
				<ele>928.1</ele>
				<time>1970-01-01T01:00:00+01:00</time>
				<extensions>
					<swisstopo:routepoint_id>2138172712</swisstopo:routepoint_id>
				</extensions>
			</trkpt>
			<trkpt lat="46.2533384252" lon="8.6585758202">
				<ele>927.5</ele>
				<time>1970-01-01T01:00:00+01:00</time>
				<extensions>
					<swisstopo:routepoint_id>1586825974</swisstopo:routepoint_id>
				</extensions>
			</trkpt>
			<trkpt lat="46.2533625749" lon="8.6585866456">
				<ele>926.8</ele>
				<time>1970-01-01T01:00:00+01:00</time>
				<extensions>
					<swisstopo:routepoint_id>87851969</swisstopo:routepoint_id>
				</extensions>
			</trkpt>
			<trkpt lat="46.2533989920" lon="8.6585874617">
				<ele>925.6</ele>
				<time>1970-01-01T01:00:00+01:00</time>
				<extensions>
					<swisstopo:routepoint_id>302614551</swisstopo:routepoint_id>
				</extensions>
			</trkpt>
			<trkpt lat="46.2534327233" lon="8.6585717465">
				<ele>924.7</ele>
				<time>1970-01-01T01:00:00+01:00</time>
				<extensions>
					<swisstopo:routepoint_id>1106521346</swisstopo:routepoint_id>
				</extensions>
			</trkpt>
			<trkpt lat="46.2534564807" lon="8.6585537624">
				<ele>923.3</ele>
				<time>1970-01-01T01:00:00+01:00</time>
				<extensions>
					<swisstopo:routepoint_id>373029972</swisstopo:routepoint_id>
				</extensions>
			</trkpt>
			<trkpt lat="46.2534910900" lon="8.6585226215">
				<ele>920.9</ele>
				<time>1970-01-01T01:00:00+01:00</time>
				<extensions>
					<swisstopo:routepoint_id>592776044</swisstopo:routepoint_id>
				</extensions>
			</trkpt>
			<trkpt lat="46.2535348701" lon="8.6585030216">
				<ele>918.0</ele>
				<time>1970-01-01T01:00:00+01:00</time>
				<extensions>
					<swisstopo:routepoint_id>829982426</swisstopo:routepoint_id>
				</extensions>
			</trkpt>
			<trkpt lat="46.2535554402" lon="8.6585158249">
				<ele>917.4</ele>
				<time>1970-01-01T01:00:00+01:00</time>
				<extensions>
					<swisstopo:routepoint_id>1543515295</swisstopo:routepoint_id>
				</extensions>
			</trkpt>
			<trkpt lat="46.2535709900" lon="8.6585305864">
				<ele>917.1</ele>
				<time>1970-01-01T01:00:00+01:00</time>
				<extensions>
					<swisstopo:routepoint_id>1872615216</swisstopo:routepoint_id>
				</extensions>
			</trkpt>
			<trkpt lat="46.2535865043" lon="8.6585494634">
				<ele>916.9</ele>
				<time>1970-01-01T01:00:00+01:00</time>
				<extensions>
					<swisstopo:routepoint_id>944327783</swisstopo:routepoint_id>
				</extensions>
			</trkpt>
			<trkpt lat="46.2535936133" lon="8.6586185916">
				<ele>916.9</ele>
				<time>1970-01-01T01:00:00+01:00</time>
				<extensions>
					<swisstopo:routepoint_id>863458290</swisstopo:routepoint_id>
				</extensions>
			</trkpt>
			<trkpt lat="46.2536055215" lon="8.6586394586">
				<ele>916.9</ele>
				<time>1970-01-01T01:00:00+01:00</time>
				<extensions>
					<swisstopo:routepoint_id>85683120</swisstopo:routepoint_id>
				</extensions>
			</trkpt>
			<trkpt lat="46.2536195041" lon="8.6586675660">
				<ele>917.2</ele>
				<time>1970-01-01T01:00:00+01:00</time>
				<extensions>
					<swisstopo:routepoint_id>865732837</swisstopo:routepoint_id>
				</extensions>
			</trkpt>
			<trkpt lat="46.2536290337" lon="8.6587110189">
				<ele>917.1</ele>
				<time>1970-01-01T01:00:00+01:00</time>
				<extensions>
					<swisstopo:routepoint_id>1165476220</swisstopo:routepoint_id>
				</extensions>
			</trkpt>
			<trkpt lat="46.2536500378" lon="8.6587495679">
				<ele>916.4</ele>
				<time>1970-01-01T01:00:00+01:00</time>
				<extensions>
					<swisstopo:routepoint_id>59576075</swisstopo:routepoint_id>
				</extensions>
			</trkpt>
			<trkpt lat="46.2536769263" lon="8.6587728225">
				<ele>915.7</ele>
				<time>1970-01-01T01:00:00+01:00</time>
				<extensions>
					<swisstopo:routepoint_id>1474149084</swisstopo:routepoint_id>
				</extensions>
			</trkpt>
			<trkpt lat="46.2536949978" lon="8.6588185187">
				<ele>914.9</ele>
				<time>1970-01-01T01:00:00+01:00</time>
				<extensions>
					<swisstopo:routepoint_id>508142229</swisstopo:routepoint_id>
				</extensions>
			</trkpt>
			<trkpt lat="46.2537037715" lon="8.6588660773">
				<ele>914.4</ele>
				<time>1970-01-01T01:00:00+01:00</time>
				<extensions>
					<swisstopo:routepoint_id>1532326118</swisstopo:routepoint_id>
				</extensions>
			</trkpt>
			<trkpt lat="46.2537045705" lon="8.6589247673">
				<ele>914.1</ele>
				<time>1970-01-01T01:00:00+01:00</time>
				<extensions>
					<swisstopo:routepoint_id>669319543</swisstopo:routepoint_id>
				</extensions>
			</trkpt>
			<trkpt lat="46.2537011408" lon="8.6589771945">
				<ele>913.9</ele>
				<time>1970-01-01T01:00:00+01:00</time>
				<extensions>
					<swisstopo:routepoint_id>626494167</swisstopo:routepoint_id>
				</extensions>
			</trkpt>
			<trkpt lat="46.2537123709" lon="8.6589949371">
				<ele>913.2</ele>
				<time>1970-01-01T01:00:00+01:00</time>
				<extensions>
					<swisstopo:routepoint_id>890844493</swisstopo:routepoint_id>
				</extensions>
			</trkpt>
			<trkpt lat="46.2537372360" lon="8.6590078559">
				<ele>912.3</ele>
				<time>1970-01-01T01:00:00+01:00</time>
				<extensions>
					<swisstopo:routepoint_id>1747350770</swisstopo:routepoint_id>
				</extensions>
			</trkpt>
			<trkpt lat="46.2537598158" lon="8.6590330722">
				<ele>911.3</ele>
				<time>1970-01-01T01:00:00+01:00</time>
				<extensions>
					<swisstopo:routepoint_id>893694978</swisstopo:routepoint_id>
				</extensions>
			</trkpt>
			<trkpt lat="46.2537816644" lon="8.6590592916">
				<ele>910.4</ele>
				<time>1970-01-01T01:00:00+01:00</time>
				<extensions>
					<swisstopo:routepoint_id>2036668937</swisstopo:routepoint_id>
				</extensions>
			</trkpt>
			<trkpt lat="46.2538079302" lon="8.6590743000">
				<ele>909.6</ele>
				<time>1970-01-01T01:00:00+01:00</time>
				<extensions>
					<swisstopo:routepoint_id>161779481</swisstopo:routepoint_id>
				</extensions>
			</trkpt>
			<trkpt lat="46.2538500243" lon="8.6591442193">
				<ele>907.2</ele>
				<time>1970-01-01T01:00:00+01:00</time>
				<extensions>
					<swisstopo:routepoint_id>390873753</swisstopo:routepoint_id>
				</extensions>
			</trkpt>
			<trkpt lat="46.2538959400" lon="8.6591905338">
				<ele>905.1</ele>
				<time>1970-01-01T01:00:00+01:00</time>
				<extensions>
					<swisstopo:routepoint_id>1728656202</swisstopo:routepoint_id>
				</extensions>
			</trkpt>
			<trkpt lat="46.2539490412" lon="8.6592329059">
				<ele>903.2</ele>
				<time>1970-01-01T01:00:00+01:00</time>
				<extensions>
					<swisstopo:routepoint_id>1887041378</swisstopo:routepoint_id>
				</extensions>
			</trkpt>
			<trkpt lat="46.2539894607" lon="8.6592585161">
				<ele>901.9</ele>
				<time>1970-01-01T01:00:00+01:00</time>
				<extensions>
					<swisstopo:routepoint_id>773840077</swisstopo:routepoint_id>
				</extensions>
			</trkpt>
			<trkpt lat="46.2540420724" lon="8.6592802898">
				<ele>900.7</ele>
				<time>1970-01-01T01:00:00+01:00</time>
				<extensions>
					<swisstopo:routepoint_id>1390065522</swisstopo:routepoint_id>
				</extensions>
			</trkpt>
			<trkpt lat="46.2540753239" lon="8.6593098556">
				<ele>900.0</ele>
				<time>1970-01-01T01:00:00+01:00</time>
				<extensions>
					<swisstopo:routepoint_id>1835558160</swisstopo:routepoint_id>
				</extensions>
			</trkpt>
			<trkpt lat="46.2540992157" lon="8.6593453922">
				<ele>899.0</ele>
				<time>1970-01-01T01:00:00+01:00</time>
				<extensions>
					<swisstopo:routepoint_id>480304628</swisstopo:routepoint_id>
				</extensions>
			</trkpt>
			<trkpt lat="46.2541206310" lon="8.6594117580">
				<ele>896.5</ele>
				<time>1970-01-01T01:00:00+01:00</time>
				<extensions>
					<swisstopo:routepoint_id>1862305645</swisstopo:routepoint_id>
				</extensions>
			</trkpt>
			<trkpt lat="46.2541516393" lon="8.6594505447">
				<ele>895.1</ele>
				<time>1970-01-01T01:00:00+01:00</time>
				<extensions>
					<swisstopo:routepoint_id>1857322155</swisstopo:routepoint_id>
				</extensions>
			</trkpt>
			<trkpt lat="46.2541684874" lon="8.6594776909">
				<ele>894.1</ele>
				<time>1970-01-01T01:00:00+01:00</time>
				<extensions>
					<swisstopo:routepoint_id>276538920</swisstopo:routepoint_id>
				</extensions>
			</trkpt>
			<trkpt lat="46.2541941331" lon="8.6594834019">
				<ele>893.5</ele>
				<time>1970-01-01T01:00:00+01:00</time>
				<extensions>
					<swisstopo:routepoint_id>976998324</swisstopo:routepoint_id>
				</extensions>
			</trkpt>
			<trkpt lat="46.2542328624" lon="8.6594677991">
				<ele>892.5</ele>
				<time>1970-01-01T01:00:00+01:00</time>
				<extensions>
					<swisstopo:routepoint_id>867644476</swisstopo:routepoint_id>
				</extensions>
			</trkpt>
			<trkpt lat="46.2542775096" lon="8.6594338122">
				<ele>891.0</ele>
				<time>1970-01-01T01:00:00+01:00</time>
				<extensions>
					<swisstopo:routepoint_id>2033138291</swisstopo:routepoint_id>
				</extensions>
			</trkpt>
			<trkpt lat="46.2543213479" lon="8.6594080269">
				<ele>890.3</ele>
				<time>1970-01-01T01:00:00+01:00</time>
				<extensions>
					<swisstopo:routepoint_id>680057005</swisstopo:routepoint_id>
				</extensions>
			</trkpt>
			<trkpt lat="46.2543518914" lon="8.6594231189">
				<ele>889.8</ele>
				<time>1970-01-01T01:00:00+01:00</time>
				<extensions>
					<swisstopo:routepoint_id>1786932096</swisstopo:routepoint_id>
				</extensions>
			</trkpt>
			<trkpt lat="46.2543863793" lon="8.6594691968">
				<ele>889.2</ele>
				<time>1970-01-01T01:00:00+01:00</time>
				<extensions>
					<swisstopo:routepoint_id>78594945</swisstopo:routepoint_id>
				</extensions>
			</trkpt>
			<trkpt lat="46.2544031275" lon="8.6595055994">
				<ele>888.5</ele>
				<time>1970-01-01T01:00:00+01:00</time>
				<extensions>
					<swisstopo:routepoint_id>1845465718</swisstopo:routepoint_id>
				</extensions>
			</trkpt>
			<trkpt lat="46.2544084704" lon="8.6595396880">
				<ele>887.9</ele>
				<time>1970-01-01T01:00:00+01:00</time>
				<extensions>
					<swisstopo:routepoint_id>26107044</swisstopo:routepoint_id>
				</extensions>
			</trkpt>
			<trkpt lat="46.2544350280" lon="8.6595927821">
				<ele>887.2</ele>
				<time>1970-01-01T01:00:00+01:00</time>
				<extensions>
					<swisstopo:routepoint_id>1539067401</swisstopo:routepoint_id>
				</extensions>
			</trkpt>
			<trkpt lat="46.2544375027" lon="8.6596288646">
				<ele>886.1</ele>
				<time>1970-01-01T01:00:00+01:00</time>
				<extensions>
					<swisstopo:routepoint_id>657333991</swisstopo:routepoint_id>
				</extensions>
			</trkpt>
			<trkpt lat="46.2544463093" lon="8.6596733407">
				<ele>885.1</ele>
				<time>1970-01-01T01:00:00+01:00</time>
				<extensions>
					<swisstopo:routepoint_id>674733605</swisstopo:routepoint_id>
				</extensions>
			</trkpt>
			<trkpt lat="46.2544696005" lon="8.6596985736">
				<ele>884.2</ele>
				<time>1970-01-01T01:00:00+01:00</time>
				<extensions>
					<swisstopo:routepoint_id>804829541</swisstopo:routepoint_id>
				</extensions>
			</trkpt>
			<trkpt lat="46.2545032658" lon="8.6597549177">
				<ele>883.0</ele>
				<time>1970-01-01T01:00:00+01:00</time>
				<extensions>
					<swisstopo:routepoint_id>2029131710</swisstopo:routepoint_id>
				</extensions>
			</trkpt>
			<trkpt lat="46.2545274107" lon="8.6597678018">
				<ele>882.5</ele>
				<time>1970-01-01T01:00:00+01:00</time>
				<extensions>
					<swisstopo:routepoint_id>641481625</swisstopo:routepoint_id>
				</extensions>
			</trkpt>
			<trkpt lat="46.2545924302" lon="8.6597641246">
				<ele>881.2</ele>
				<time>1970-01-01T01:00:00+01:00</time>
				<extensions>
					<swisstopo:routepoint_id>1069452420</swisstopo:routepoint_id>
				</extensions>
			</trkpt>
			<trkpt lat="46.2546121640" lon="8.6597892778">
				<ele>880.9</ele>
				<time>1970-01-01T01:00:00+01:00</time>
				<extensions>
					<swisstopo:routepoint_id>1880282837</swisstopo:routepoint_id>
				</extensions>
			</trkpt>
			<trkpt lat="46.2546226071" lon="8.6598131776">
				<ele>880.6</ele>
				<time>1970-01-01T01:00:00+01:00</time>
				<extensions>
					<swisstopo:routepoint_id>1001659203</swisstopo:routepoint_id>
				</extensions>
			</trkpt>
			<trkpt lat="46.2546190834" lon="8.6598759006">
				<ele>878.8</ele>
				<time>1970-01-01T01:00:00+01:00</time>
				<extensions>
					<swisstopo:routepoint_id>1585571289</swisstopo:routepoint_id>
				</extensions>
			</trkpt>
			<trkpt lat="46.2546109113" lon="8.6599704300">
				<ele>877.7</ele>
				<time>1970-01-01T01:00:00+01:00</time>
				<extensions>
					<swisstopo:routepoint_id>502821224</swisstopo:routepoint_id>
				</extensions>
			</trkpt>
			<trkpt lat="46.2546121434" lon="8.6600548671">
				<ele>877.9</ele>
				<time>1970-01-01T01:00:00+01:00</time>
				<extensions>
					<swisstopo:routepoint_id>308012735</swisstopo:routepoint_id>
				</extensions>
			</trkpt>
			<trkpt lat="46.2546232598" lon="8.6600839433">
				<ele>878.1</ele>
				<time>1970-01-01T01:00:00+01:00</time>
				<extensions>
					<swisstopo:routepoint_id>422221751</swisstopo:routepoint_id>
				</extensions>
			</trkpt>
			<trkpt lat="46.2546365997" lon="8.6601048241">
				<ele>877.9</ele>
				<time>1970-01-01T01:00:00+01:00</time>
				<extensions>
					<swisstopo:routepoint_id>1764517324</swisstopo:routepoint_id>
				</extensions>
			</trkpt>
			<trkpt lat="46.2546593126" lon="8.6601176954">
				<ele>877.3</ele>
				<time>1970-01-01T01:00:00+01:00</time>
				<extensions>
					<swisstopo:routepoint_id>338590680</swisstopo:routepoint_id>
				</extensions>
			</trkpt>
			<trkpt lat="46.2546871902" lon="8.6601152369">
				<ele>877.2</ele>
				<time>1970-01-01T01:00:00+01:00</time>
				<extensions>
					<swisstopo:routepoint_id>51483218</swisstopo:routepoint_id>
				</extensions>
			</trkpt>
			<trkpt lat="46.2547431899" lon="8.6600876604">
				<ele>877.0</ele>
				<time>1970-01-01T01:00:00+01:00</time>
				<extensions>
					<swisstopo:routepoint_id>293535449</swisstopo:routepoint_id>
				</extensions>
			</trkpt>
			<trkpt lat="46.2547877176" lon="8.6600639554">
				<ele>877.0</ele>
				<time>1970-01-01T01:00:00+01:00</time>
				<extensions>
					<swisstopo:routepoint_id>1675243525</swisstopo:routepoint_id>
				</extensions>
			</trkpt>
			<trkpt lat="46.2548106639" lon="8.6600552054">
				<ele>877.2</ele>
				<time>1970-01-01T01:00:00+01:00</time>
				<extensions>
					<swisstopo:routepoint_id>2125719653</swisstopo:routepoint_id>
				</extensions>
			</trkpt>
			<trkpt lat="46.2548580907" lon="8.6600274428">
				<ele>878.0</ele>
				<time>1970-01-01T01:00:00+01:00</time>
				<extensions>
					<swisstopo:routepoint_id>203765708</swisstopo:routepoint_id>
				</extensions>
			</trkpt>
			<trkpt lat="46.2548809371" lon="8.6600279554">
				<ele>878.2</ele>
				<time>1970-01-01T01:00:00+01:00</time>
				<extensions>
					<swisstopo:routepoint_id>885307320</swisstopo:routepoint_id>
				</extensions>
			</trkpt>
			<trkpt lat="46.2548957086" lon="8.6600488811">
				<ele>878.1</ele>
				<time>1970-01-01T01:00:00+01:00</time>
				<extensions>
					<swisstopo:routepoint_id>989677678</swisstopo:routepoint_id>
				</extensions>
			</trkpt>
			<trkpt lat="46.2549053711" lon="8.6600799767">
				<ele>878.5</ele>
				<time>1970-01-01T01:00:00+01:00</time>
				<extensions>
					<swisstopo:routepoint_id>390884276</swisstopo:routepoint_id>
				</extensions>
			</trkpt>
			<trkpt lat="46.2549000374" lon="8.6601117743">
				<ele>878.8</ele>
				<time>1970-01-01T01:00:00+01:00</time>
				<extensions>
					<swisstopo:routepoint_id>296941319</swisstopo:routepoint_id>
				</extensions>
			</trkpt>
			<trkpt lat="46.2548825115" lon="8.6601474146">
				<ele>878.6</ele>
				<time>1970-01-01T01:00:00+01:00</time>
				<extensions>
					<swisstopo:routepoint_id>1228196028</swisstopo:routepoint_id>
				</extensions>
			</trkpt>
			<trkpt lat="46.2548805575" lon="8.6601957470">
				<ele>877.6</ele>
				<time>1970-01-01T01:00:00+01:00</time>
				<extensions>
					<swisstopo:routepoint_id>1954543346</swisstopo:routepoint_id>
				</extensions>
			</trkpt>
			<trkpt lat="46.2548950733" lon="8.6602403517">
				<ele>876.6</ele>
				<time>1970-01-01T01:00:00+01:00</time>
				<extensions>
					<swisstopo:routepoint_id>982074934</swisstopo:routepoint_id>
				</extensions>
			</trkpt>
			<trkpt lat="46.2549153962" lon="8.6602768351">
				<ele>876.1</ele>
				<time>1970-01-01T01:00:00+01:00</time>
				<extensions>
					<swisstopo:routepoint_id>1760825051</swisstopo:routepoint_id>
				</extensions>
			</trkpt>
			<trkpt lat="46.2549151407" lon="8.6603005014">
				<ele>875.8</ele>
				<time>1970-01-01T01:00:00+01:00</time>
				<extensions>
					<swisstopo:routepoint_id>687011192</swisstopo:routepoint_id>
				</extensions>
			</trkpt>
			<trkpt lat="46.2549025150" lon="8.6603444779">
				<ele>875.2</ele>
				<time>1970-01-01T01:00:00+01:00</time>
				<extensions>
					<swisstopo:routepoint_id>1188131727</swisstopo:routepoint_id>
				</extensions>
			</trkpt>
			<trkpt lat="46.2548948491" lon="8.6603937207">
				<ele>875.0</ele>
				<time>1970-01-01T01:00:00+01:00</time>
				<extensions>
					<swisstopo:routepoint_id>1498857087</swisstopo:routepoint_id>
				</extensions>
			</trkpt>
			<trkpt lat="46.2548826078" lon="8.6604696295">
				<ele>874.7</ele>
				<time>1970-01-01T01:00:00+01:00</time>
				<extensions>
					<swisstopo:routepoint_id>734237859</swisstopo:routepoint_id>
				</extensions>
			</trkpt>
			<trkpt lat="46.2548672163" lon="8.6605711977">
				<ele>873.0</ele>
				<time>1970-01-01T01:00:00+01:00</time>
				<extensions>
					<swisstopo:routepoint_id>775685929</swisstopo:routepoint_id>
				</extensions>
			</trkpt>
			<trkpt lat="46.2548615068" lon="8.6606369559">
				<ele>872.7</ele>
				<time>1970-01-01T01:00:00+01:00</time>
				<extensions>
					<swisstopo:routepoint_id>33251979</swisstopo:routepoint_id>
				</extensions>
			</trkpt>
			<trkpt lat="46.2548509105" lon="8.6606923199">
				<ele>871.4</ele>
				<time>1970-01-01T01:00:00+01:00</time>
				<extensions>
					<swisstopo:routepoint_id>1882860769</swisstopo:routepoint_id>
				</extensions>
			</trkpt>
			<trkpt lat="46.2548491851" lon="8.6607869818">
				<ele>870.0</ele>
				<time>1970-01-01T01:00:00+01:00</time>
				<extensions>
					<swisstopo:routepoint_id>148848873</swisstopo:routepoint_id>
				</extensions>
			</trkpt>
			<trkpt lat="46.2548514750" lon="8.6608385125">
				<ele>869.1</ele>
				<time>1970-01-01T01:00:00+01:00</time>
				<extensions>
					<swisstopo:routepoint_id>1787306070</swisstopo:routepoint_id>
				</extensions>
			</trkpt>
			<trkpt lat="46.2548648591" lon="8.6608552846">
				<ele>868.9</ele>
				<time>1970-01-01T01:00:00+01:00</time>
				<extensions>
					<swisstopo:routepoint_id>1631364779</swisstopo:routepoint_id>
				</extensions>
			</trkpt>
			<trkpt lat="46.2548797305" lon="8.6608669415">
				<ele>868.7</ele>
				<time>1970-01-01T01:00:00+01:00</time>
				<extensions>
					<swisstopo:routepoint_id>1377461612</swisstopo:routepoint_id>
				</extensions>
			</trkpt>
			<trkpt lat="46.2549176571" lon="8.6609264666">
				<ele>867.1</ele>
				<time>1970-01-01T01:00:00+01:00</time>
				<extensions>
					<swisstopo:routepoint_id>693646468</swisstopo:routepoint_id>
				</extensions>
			</trkpt>
			<trkpt lat="46.2549554970" lon="8.6609932028">
				<ele>865.7</ele>
				<time>1970-01-01T01:00:00+01:00</time>
				<extensions>
					<swisstopo:routepoint_id>1163349538</swisstopo:routepoint_id>
				</extensions>
			</trkpt>
			<trkpt lat="46.2550073743" lon="8.6610829131">
				<ele>862.9</ele>
				<time>1970-01-01T01:00:00+01:00</time>
				<extensions>
					<swisstopo:routepoint_id>885787548</swisstopo:routepoint_id>
				</extensions>
			</trkpt>
			<trkpt lat="46.2550445272" lon="8.6611465437">
				<ele>861.0</ele>
				<time>1970-01-01T01:00:00+01:00</time>
				<extensions>
					<swisstopo:routepoint_id>2116905702</swisstopo:routepoint_id>
				</extensions>
			</trkpt>
			<trkpt lat="46.2550649634" lon="8.6611717070">
				<ele>860.4</ele>
				<time>1970-01-01T01:00:00+01:00</time>
				<extensions>
					<swisstopo:routepoint_id>370738533</swisstopo:routepoint_id>
				</extensions>
			</trkpt>
			<trkpt lat="46.2550675935" lon="8.6611933737">
				<ele>859.3</ele>
				<time>1970-01-01T01:00:00+01:00</time>
				<extensions>
					<swisstopo:routepoint_id>1470981875</swisstopo:routepoint_id>
				</extensions>
			</trkpt>
			<trkpt lat="46.2550448582" lon="8.6611825786">
				<ele>859.4</ele>
				<time>1970-01-01T01:00:00+01:00</time>
				<extensions>
					<swisstopo:routepoint_id>810830803</swisstopo:routepoint_id>
				</extensions>
			</trkpt>
			<trkpt lat="46.2550432819" lon="8.6611959307">
				<ele>858.7</ele>
				<time>1970-01-01T01:00:00+01:00</time>
				<extensions>
					<swisstopo:routepoint_id>73247212</swisstopo:routepoint_id>
				</extensions>
			</trkpt>
			<trkpt lat="46.2550614725" lon="8.6612313281">
				<ele>857.4</ele>
				<time>1970-01-01T01:00:00+01:00</time>
				<extensions>
					<swisstopo:routepoint_id>89769741</swisstopo:routepoint_id>
				</extensions>
			</trkpt>
			<trkpt lat="46.2550854526" lon="8.6612586356">
				<ele>856.5</ele>
				<time>1970-01-01T01:00:00+01:00</time>
				<extensions>
					<swisstopo:routepoint_id>789936204</swisstopo:routepoint_id>
				</extensions>
			</trkpt>
			<trkpt lat="46.2551461609" lon="8.6613238277">
				<ele>853.8</ele>
				<time>1970-01-01T01:00:00+01:00</time>
				<extensions>
					<swisstopo:routepoint_id>1136041975</swisstopo:routepoint_id>
				</extensions>
			</trkpt>
			<trkpt lat="46.2551530795" lon="8.6613445775">
				<ele>853.1</ele>
				<time>1970-01-01T01:00:00+01:00</time>
				<extensions>
					<swisstopo:routepoint_id>1960365079</swisstopo:routepoint_id>
				</extensions>
			</trkpt>
			<trkpt lat="46.2551358400" lon="8.6613544874">
				<ele>852.6</ele>
				<time>1970-01-01T01:00:00+01:00</time>
				<extensions>
					<swisstopo:routepoint_id>588366001</swisstopo:routepoint_id>
				</extensions>
			</trkpt>
			<trkpt lat="46.2551028445" lon="8.6613671275">
				<ele>851.5</ele>
				<time>1970-01-01T01:00:00+01:00</time>
				<extensions>
					<swisstopo:routepoint_id>1908965298</swisstopo:routepoint_id>
				</extensions>
			</trkpt>
			<trkpt lat="46.2551054855" lon="8.6613877748">
				<ele>850.7</ele>
				<time>1970-01-01T01:00:00+01:00</time>
				<extensions>
					<swisstopo:routepoint_id>583824578</swisstopo:routepoint_id>
				</extensions>
			</trkpt>
			<trkpt lat="46.2551274003" lon="8.6614078229">
				<ele>850.0</ele>
				<time>1970-01-01T01:00:00+01:00</time>
				<extensions>
					<swisstopo:routepoint_id>1462350033</swisstopo:routepoint_id>
				</extensions>
			</trkpt>
			<trkpt lat="46.2551749025" lon="8.6614397689">
				<ele>848.8</ele>
				<time>1970-01-01T01:00:00+01:00</time>
				<extensions>
					<swisstopo:routepoint_id>1614854625</swisstopo:routepoint_id>
				</extensions>
			</trkpt>
			<trkpt lat="46.2551876084" lon="8.6614534419">
				<ele>848.3</ele>
				<time>1970-01-01T01:00:00+01:00</time>
				<extensions>
					<swisstopo:routepoint_id>1267532153</swisstopo:routepoint_id>
				</extensions>
			</trkpt>
			<trkpt lat="46.2552030220" lon="8.6614815830">
				<ele>847.6</ele>
				<time>1970-01-01T01:00:00+01:00</time>
				<extensions>
					<swisstopo:routepoint_id>1941426855</swisstopo:routepoint_id>
				</extensions>
			</trkpt>
			<trkpt lat="46.2552120329" lon="8.6615054639">
				<ele>847.1</ele>
				<time>1970-01-01T01:00:00+01:00</time>
				<extensions>
					<swisstopo:routepoint_id>261967964</swisstopo:routepoint_id>
				</extensions>
			</trkpt>
			<trkpt lat="46.2552593102" lon="8.6615590316">
				<ele>845.2</ele>
				<time>1970-01-01T01:00:00+01:00</time>
				<extensions>
					<swisstopo:routepoint_id>2100256981</swisstopo:routepoint_id>
				</extensions>
			</trkpt>
			<trkpt lat="46.2552753375" lon="8.6615954193">
				<ele>843.7</ele>
				<time>1970-01-01T01:00:00+01:00</time>
				<extensions>
					<swisstopo:routepoint_id>412445798</swisstopo:routepoint_id>
				</extensions>
			</trkpt>
			<trkpt lat="46.2552850106" lon="8.6616254960">
				<ele>842.9</ele>
				<time>1970-01-01T01:00:00+01:00</time>
				<extensions>
					<swisstopo:routepoint_id>1465605108</swisstopo:routepoint_id>
				</extensions>
			</trkpt>
			<trkpt lat="46.2552825671" lon="8.6616532296">
				<ele>842.0</ele>
				<time>1970-01-01T01:00:00+01:00</time>
				<extensions>
					<swisstopo:routepoint_id>998860738</swisstopo:routepoint_id>
				</extensions>
			</trkpt>
			<trkpt lat="46.2552638848" lon="8.6616641329">
				<ele>841.8</ele>
				<time>1970-01-01T01:00:00+01:00</time>
				<extensions>
					<swisstopo:routepoint_id>626837056</swisstopo:routepoint_id>
				</extensions>
			</trkpt>
			<trkpt lat="46.2552254245" lon="8.6616540102">
				<ele>840.4</ele>
				<time>1970-01-01T01:00:00+01:00</time>
				<extensions>
					<swisstopo:routepoint_id>393429557</swisstopo:routepoint_id>
				</extensions>
			</trkpt>
			<trkpt lat="46.2552131719" lon="8.6616650580">
				<ele>839.9</ele>
				<time>1970-01-01T01:00:00+01:00</time>
				<extensions>
					<swisstopo:routepoint_id>251495989</swisstopo:routepoint_id>
				</extensions>
			</trkpt>
			<trkpt lat="46.2552165488" lon="8.6616826442">
				<ele>839.5</ele>
				<time>1970-01-01T01:00:00+01:00</time>
				<extensions>
					<swisstopo:routepoint_id>918870908</swisstopo:routepoint_id>
				</extensions>
			</trkpt>
			<trkpt lat="46.2552482122" lon="8.6617265836">
				<ele>837.9</ele>
				<time>1970-01-01T01:00:00+01:00</time>
				<extensions>
					<swisstopo:routepoint_id>1093659601</swisstopo:routepoint_id>
				</extensions>
			</trkpt>
			<trkpt lat="46.2552544217" lon="8.6617462789">
				<ele>837.2</ele>
				<time>1970-01-01T01:00:00+01:00</time>
				<extensions>
					<swisstopo:routepoint_id>468015241</swisstopo:routepoint_id>
				</extensions>
			</trkpt>
			<trkpt lat="46.2552398700" lon="8.6617716949">
				<ele>836.4</ele>
				<time>1970-01-01T01:00:00+01:00</time>
				<extensions>
					<swisstopo:routepoint_id>491674064</swisstopo:routepoint_id>
				</extensions>
			</trkpt>
			<trkpt lat="46.2552120480" lon="8.6617690116">
				<ele>835.9</ele>
				<time>1970-01-01T01:00:00+01:00</time>
				<extensions>
					<swisstopo:routepoint_id>724224414</swisstopo:routepoint_id>
				</extensions>
			</trkpt>
			<trkpt lat="46.2551798506" lon="8.6617744626">
				<ele>835.0</ele>
				<time>1970-01-01T01:00:00+01:00</time>
				<extensions>
					<swisstopo:routepoint_id>792611005</swisstopo:routepoint_id>
				</extensions>
			</trkpt>
			<trkpt lat="46.2551340910" lon="8.6617796152">
				<ele>833.9</ele>
				<time>1970-01-01T01:00:00+01:00</time>
				<extensions>
					<swisstopo:routepoint_id>1562289320</swisstopo:routepoint_id>
				</extensions>
			</trkpt>
			<trkpt lat="46.2551175988" lon="8.6617854191">
				<ele>833.6</ele>
				<time>1970-01-01T01:00:00+01:00</time>
				<extensions>
					<swisstopo:routepoint_id>1306074899</swisstopo:routepoint_id>
				</extensions>
			</trkpt>
			<trkpt lat="46.2551138746" lon="8.6618007685">
				<ele>833.2</ele>
				<time>1970-01-01T01:00:00+01:00</time>
				<extensions>
					<swisstopo:routepoint_id>297491320</swisstopo:routepoint_id>
				</extensions>
			</trkpt>
			<trkpt lat="46.2551335681" lon="8.6618279862">
				<ele>832.3</ele>
				<time>1970-01-01T01:00:00+01:00</time>
				<extensions>
					<swisstopo:routepoint_id>1381212134</swisstopo:routepoint_id>
				</extensions>
			</trkpt>
			<trkpt lat="46.2551570813" lon="8.6618326373">
				<ele>831.7</ele>
				<time>1970-01-01T01:00:00+01:00</time>
				<extensions>
					<swisstopo:routepoint_id>20894599</swisstopo:routepoint_id>
				</extensions>
			</trkpt>
			<trkpt lat="46.2551583017" lon="8.6618522205">
				<ele>831.1</ele>
				<time>1970-01-01T01:00:00+01:00</time>
				<extensions>
					<swisstopo:routepoint_id>1084688885</swisstopo:routepoint_id>
				</extensions>
			</trkpt>
			<trkpt lat="46.2551310886" lon="8.6618598480">
				<ele>830.5</ele>
				<time>1970-01-01T01:00:00+01:00</time>
				<extensions>
					<swisstopo:routepoint_id>276888309</swisstopo:routepoint_id>
				</extensions>
			</trkpt>
			<trkpt lat="46.2551022570" lon="8.6618839044">
				<ele>829.4</ele>
				<time>1970-01-01T01:00:00+01:00</time>
				<extensions>
					<swisstopo:routepoint_id>201570203</swisstopo:routepoint_id>
				</extensions>
			</trkpt>
			<trkpt lat="46.2550998778" lon="8.6619064971">
				<ele>828.8</ele>
				<time>1970-01-01T01:00:00+01:00</time>
				<extensions>
					<swisstopo:routepoint_id>1374560325</swisstopo:routepoint_id>
				</extensions>
			</trkpt>
			<trkpt lat="46.2551125392" lon="8.6619242792">
				<ele>828.2</ele>
				<time>1970-01-01T01:00:00+01:00</time>
				<extensions>
					<swisstopo:routepoint_id>1376540501</swisstopo:routepoint_id>
				</extensions>
			</trkpt>
			<trkpt lat="46.2551375175" lon="8.6619258792">
				<ele>827.6</ele>
				<time>1970-01-01T01:00:00+01:00</time>
				<extensions>
					<swisstopo:routepoint_id>1273499616</swisstopo:routepoint_id>
				</extensions>
			</trkpt>
			<trkpt lat="46.2552166437" lon="8.6619379546">
				<ele>825.0</ele>
				<time>1970-01-01T01:00:00+01:00</time>
				<extensions>
					<swisstopo:routepoint_id>294110673</swisstopo:routepoint_id>
				</extensions>
			</trkpt>
			<trkpt lat="46.2552442878" lon="8.6619570931">
				<ele>823.7</ele>
				<time>1970-01-01T01:00:00+01:00</time>
				<extensions>
					<swisstopo:routepoint_id>1463776073</swisstopo:routepoint_id>
				</extensions>
			</trkpt>
			<trkpt lat="46.2552945976" lon="8.6619942577">
				<ele>822.1</ele>
				<time>1970-01-01T01:00:00+01:00</time>
				<extensions>
					<swisstopo:routepoint_id>1668406826</swisstopo:routepoint_id>
				</extensions>
			</trkpt>
			<trkpt lat="46.2553146696" lon="8.6619864698">
				<ele>821.4</ele>
				<time>1970-01-01T01:00:00+01:00</time>
				<extensions>
					<swisstopo:routepoint_id>1352886661</swisstopo:routepoint_id>
				</extensions>
			</trkpt>
			<trkpt lat="46.2553331960" lon="8.6619899829">
				<ele>820.5</ele>
				<time>1970-01-01T01:00:00+01:00</time>
				<extensions>
					<swisstopo:routepoint_id>1314758820</swisstopo:routepoint_id>
				</extensions>
			</trkpt>
			<trkpt lat="46.2553458884" lon="8.6620057077">
				<ele>819.8</ele>
				<time>1970-01-01T01:00:00+01:00</time>
				<extensions>
					<swisstopo:routepoint_id>1528981056</swisstopo:routepoint_id>
				</extensions>
			</trkpt>
			<trkpt lat="46.2553605927" lon="8.6620328071">
				<ele>817.7</ele>
				<time>1970-01-01T01:00:00+01:00</time>
				<extensions>
					<swisstopo:routepoint_id>943846504</swisstopo:routepoint_id>
				</extensions>
			</trkpt>
			<trkpt lat="46.2553574398" lon="8.6620595052">
				<ele>816.1</ele>
				<time>1970-01-01T01:00:00+01:00</time>
				<extensions>
					<swisstopo:routepoint_id>1101396242</swisstopo:routepoint_id>
				</extensions>
			</trkpt>
			<trkpt lat="46.2553294509" lon="8.6620722575">
				<ele>817.2</ele>
				<time>1970-01-01T01:00:00+01:00</time>
				<extensions>
					<swisstopo:routepoint_id>1933092390</swisstopo:routepoint_id>
				</extensions>
			</trkpt>
			<trkpt lat="46.2552901323" lon="8.6620765097">
				<ele>817.3</ele>
				<time>1970-01-01T01:00:00+01:00</time>
				<extensions>
					<swisstopo:routepoint_id>1072175550</swisstopo:routepoint_id>
				</extensions>
			</trkpt>
			<trkpt lat="46.2552521809" lon="8.6620859539">
				<ele>815.4</ele>
				<time>1970-01-01T01:00:00+01:00</time>
				<extensions>
					<swisstopo:routepoint_id>747364749</swisstopo:routepoint_id>
				</extensions>
			</trkpt>
			<trkpt lat="46.2552062322" lon="8.6621086059">
				<ele>813.1</ele>
				<time>1970-01-01T01:00:00+01:00</time>
				<extensions>
					<swisstopo:routepoint_id>1855449795</swisstopo:routepoint_id>
				</extensions>
			</trkpt>
			<trkpt lat="46.2551628932" lon="8.6621539628">
				<ele>810.8</ele>
				<time>1970-01-01T01:00:00+01:00</time>
				<extensions>
					<swisstopo:routepoint_id>1447253604</swisstopo:routepoint_id>
				</extensions>
			</trkpt>
			<trkpt lat="46.2551468541" lon="8.6621844811">
				<ele>809.7</ele>
				<time>1970-01-01T01:00:00+01:00</time>
				<extensions>
					<swisstopo:routepoint_id>1930964396</swisstopo:routepoint_id>
				</extensions>
			</trkpt>
			<trkpt lat="46.2551321465" lon="8.6622243006">
				<ele>808.4</ele>
				<time>1970-01-01T01:00:00+01:00</time>
				<extensions>
					<swisstopo:routepoint_id>427196844</swisstopo:routepoint_id>
				</extensions>
			</trkpt>
			<trkpt lat="46.2551260364" lon="8.6622612230">
				<ele>807.6</ele>
				<time>1970-01-01T01:00:00+01:00</time>
				<extensions>
					<swisstopo:routepoint_id>369435187</swisstopo:routepoint_id>
				</extensions>
			</trkpt>
			<trkpt lat="46.2551197127" lon="8.6622894582">
				<ele>806.7</ele>
				<time>1970-01-01T01:00:00+01:00</time>
				<extensions>
					<swisstopo:routepoint_id>1822887884</swisstopo:routepoint_id>
				</extensions>
			</trkpt>
			<trkpt lat="46.2551103225" lon="8.6623364014">
				<ele>805.3</ele>
				<time>1970-01-01T01:00:00+01:00</time>
				<extensions>
					<swisstopo:routepoint_id>1076868392</swisstopo:routepoint_id>
				</extensions>
			</trkpt>
			<trkpt lat="46.2551013847" lon="8.6623853811">
				<ele>803.6</ele>
				<time>1970-01-01T01:00:00+01:00</time>
				<extensions>
					<swisstopo:routepoint_id>1565633163</swisstopo:routepoint_id>
				</extensions>
			</trkpt>
			<trkpt lat="46.2550844250" lon="8.6624205903">
				<ele>802.7</ele>
				<time>1970-01-01T01:00:00+01:00</time>
				<extensions>
					<swisstopo:routepoint_id>495119684</swisstopo:routepoint_id>
				</extensions>
			</trkpt>
			<trkpt lat="46.2550823163" lon="8.6624660759">
				<ele>802.3</ele>
				<time>1970-01-01T01:00:00+01:00</time>
				<extensions>
					<swisstopo:routepoint_id>181077186</swisstopo:routepoint_id>
				</extensions>
			</trkpt>
			<trkpt lat="46.2550887234" lon="8.6625259701">
				<ele>802.0</ele>
				<time>1970-01-01T01:00:00+01:00</time>
				<extensions>
					<swisstopo:routepoint_id>1285180300</swisstopo:routepoint_id>
				</extensions>
			</trkpt>
			<trkpt lat="46.2551134320" lon="8.6625581898">
				<ele>801.0</ele>
				<time>1970-01-01T01:00:00+01:00</time>
				<extensions>
					<swisstopo:routepoint_id>1360286083</swisstopo:routepoint_id>
				</extensions>
			</trkpt>
			<trkpt lat="46.2551414716" lon="8.6625935369">
				<ele>800.2</ele>
				<time>1970-01-01T01:00:00+01:00</time>
				<extensions>
					<swisstopo:routepoint_id>1104323825</swisstopo:routepoint_id>
				</extensions>
			</trkpt>
			<trkpt lat="46.2551607316" lon="8.6626681084">
				<ele>800.0</ele>
				<time>1970-01-01T01:00:00+01:00</time>
				<extensions>
					<swisstopo:routepoint_id>1966808043</swisstopo:routepoint_id>
				</extensions>
			</trkpt>
			<trkpt lat="46.2551559150" lon="8.6627340642">
				<ele>800.0</ele>
				<time>1970-01-01T01:00:00+01:00</time>
				<extensions>
					<swisstopo:routepoint_id>1857612208</swisstopo:routepoint_id>
				</extensions>
			</trkpt>
			<trkpt lat="46.2551574816" lon="8.6627930834">
				<ele>799.8</ele>
				<time>1970-01-01T01:00:00+01:00</time>
				<extensions>
					<swisstopo:routepoint_id>1047831456</swisstopo:routepoint_id>
				</extensions>
			</trkpt>
			<trkpt lat="46.2551777809" lon="8.6628292445">
				<ele>799.2</ele>
				<time>1970-01-01T01:00:00+01:00</time>
				<extensions>
					<swisstopo:routepoint_id>1075554235</swisstopo:routepoint_id>
				</extensions>
			</trkpt>
			<trkpt lat="46.2551974873" lon="8.6628390033">
				<ele>798.6</ele>
				<time>1970-01-01T01:00:00+01:00</time>
				<extensions>
					<swisstopo:routepoint_id>1080449652</swisstopo:routepoint_id>
				</extensions>
			</trkpt>
			<trkpt lat="46.2552289864" lon="8.6628363933">
				<ele>798.4</ele>
				<time>1970-01-01T01:00:00+01:00</time>
				<extensions>
					<swisstopo:routepoint_id>2060248076</swisstopo:routepoint_id>
				</extensions>
			</trkpt>
			<trkpt lat="46.2552298283" lon="8.6628584569">
				<ele>798.2</ele>
				<time>1970-01-01T01:00:00+01:00</time>
				<extensions>
					<swisstopo:routepoint_id>1752576438</swisstopo:routepoint_id>
				</extensions>
			</trkpt>
			<trkpt lat="46.2552397005" lon="8.6629326211">
				<ele>798.6</ele>
				<time>1970-01-01T01:00:00+01:00</time>
				<extensions>
					<swisstopo:routepoint_id>1088707660</swisstopo:routepoint_id>
				</extensions>
			</trkpt>
			<trkpt lat="46.2552579552" lon="8.6631292739">
				<ele>799.2</ele>
				<time>1970-01-01T01:00:00+01:00</time>
				<extensions>
					<swisstopo:routepoint_id>149017252</swisstopo:routepoint_id>
				</extensions>
			</trkpt>
			<trkpt lat="46.2552618232" lon="8.6631737161">
				<ele>802.9</ele>
				<time>1970-01-01T01:00:00+01:00</time>
				<extensions>
					<swisstopo:routepoint_id>139425769</swisstopo:routepoint_id>
				</extensions>
			</trkpt>
			<trkpt lat="46.2552833809" lon="8.6632283406">
				<ele>803.4</ele>
				<time>1970-01-01T01:00:00+01:00</time>
				<extensions>
					<swisstopo:routepoint_id>409040157</swisstopo:routepoint_id>
				</extensions>
			</trkpt>
			<trkpt lat="46.2552965729" lon="8.6632636391">
				<ele>802.7</ele>
				<time>1970-01-01T01:00:00+01:00</time>
				<extensions>
					<swisstopo:routepoint_id>213362578</swisstopo:routepoint_id>
				</extensions>
			</trkpt>
			<trkpt lat="46.2553220423" lon="8.6632848065">
				<ele>802.6</ele>
				<time>1970-01-01T01:00:00+01:00</time>
				<extensions>
					<swisstopo:routepoint_id>1743372314</swisstopo:routepoint_id>
				</extensions>
			</trkpt>
			<trkpt lat="46.2553661115" lon="8.6633043216">
				<ele>801.3</ele>
				<time>1970-01-01T01:00:00+01:00</time>
				<extensions>
					<swisstopo:routepoint_id>2019154601</swisstopo:routepoint_id>
				</extensions>
			</trkpt>
			<trkpt lat="46.2554005398" lon="8.6633565761">
				<ele>798.4</ele>
				<time>1970-01-01T01:00:00+01:00</time>
				<extensions>
					<swisstopo:routepoint_id>354031493</swisstopo:routepoint_id>
				</extensions>
			</trkpt>
			<trkpt lat="46.2554214864" lon="8.6634002881">
				<ele>797.4</ele>
				<time>1970-01-01T01:00:00+01:00</time>
				<extensions>
					<swisstopo:routepoint_id>77642595</swisstopo:routepoint_id>
				</extensions>
			</trkpt>
			<trkpt lat="46.2554453768" lon="8.6634358274">
				<ele>796.4</ele>
				<time>1970-01-01T01:00:00+01:00</time>
				<extensions>
					<swisstopo:routepoint_id>1772405594</swisstopo:routepoint_id>
				</extensions>
			</trkpt>
			<trkpt lat="46.2555068710" lon="8.6634948593">
				<ele>794.9</ele>
				<time>1970-01-01T01:00:00+01:00</time>
				<extensions>
					<swisstopo:routepoint_id>963884001</swisstopo:routepoint_id>
				</extensions>
			</trkpt>
			<trkpt lat="46.2555414218" lon="8.6635357809">
				<ele>794.2</ele>
				<time>1970-01-01T01:00:00+01:00</time>
				<extensions>
					<swisstopo:routepoint_id>1428252951</swisstopo:routepoint_id>
				</extensions>
			</trkpt>
			<trkpt lat="46.2556973319" lon="8.6636723752">
				<ele>791.8</ele>
				<time>1970-01-01T01:00:00+01:00</time>
				<extensions>
					<swisstopo:routepoint_id>1077818416</swisstopo:routepoint_id>
				</extensions>
			</trkpt>
			<trkpt lat="46.2557590144" lon="8.6637732280">
				<ele>790.6</ele>
				<time>1970-01-01T01:00:00+01:00</time>
				<extensions>
					<swisstopo:routepoint_id>108076511</swisstopo:routepoint_id>
				</extensions>
			</trkpt>
			<trkpt lat="46.2559042489" lon="8.6639909929">
				<ele>787.9</ele>
				<time>1970-01-01T01:00:00+01:00</time>
				<extensions>
					<swisstopo:routepoint_id>1497812100</swisstopo:routepoint_id>
				</extensions>
			</trkpt>
			<trkpt lat="46.2560474659" lon="8.6641743638">
				<ele>784.5</ele>
				<time>1970-01-01T01:00:00+01:00</time>
				<extensions>
					<swisstopo:routepoint_id>951285672</swisstopo:routepoint_id>
				</extensions>
			</trkpt>
			<trkpt lat="46.2561063239" lon="8.6642658321">
				<ele>785.7</ele>
				<time>1970-01-01T01:00:00+01:00</time>
				<extensions>
					<swisstopo:routepoint_id>1327768200</swisstopo:routepoint_id>
				</extensions>
			</trkpt>
			<trkpt lat="46.2561482187" lon="8.6643579129">
				<ele>787.4</ele>
				<time>1970-01-01T01:00:00+01:00</time>
				<extensions>
					<swisstopo:routepoint_id>895791206</swisstopo:routepoint_id>
				</extensions>
			</trkpt>
			<trkpt lat="46.2562237658" lon="8.6645210919">
				<ele>792.4</ele>
				<time>1970-01-01T01:00:00+01:00</time>
				<extensions>
					<swisstopo:routepoint_id>280452863</swisstopo:routepoint_id>
				</extensions>
			</trkpt>
			<trkpt lat="46.2562786670" lon="8.6645885142">
				<ele>794.5</ele>
				<time>1970-01-01T01:00:00+01:00</time>
				<extensions>
					<swisstopo:routepoint_id>1282317249</swisstopo:routepoint_id>
				</extensions>
			</trkpt>
			<trkpt lat="46.2563256845" lon="8.6646229543">
				<ele>795.8</ele>
				<time>1970-01-01T01:00:00+01:00</time>
				<extensions>
					<swisstopo:routepoint_id>1224237009</swisstopo:routepoint_id>
				</extensions>
			</trkpt>
			<trkpt lat="46.2563526441" lon="8.6646638709">
				<ele>797.0</ele>
				<time>1970-01-01T01:00:00+01:00</time>
				<extensions>
					<swisstopo:routepoint_id>1465855904</swisstopo:routepoint_id>
				</extensions>
			</trkpt>
			<trkpt lat="46.2563876884" lon="8.6646908344">
				<ele>798.3</ele>
				<time>1970-01-01T01:00:00+01:00</time>
				<extensions>
					<swisstopo:routepoint_id>1650157522</swisstopo:routepoint_id>
				</extensions>
			</trkpt>
			<trkpt lat="46.2563949091" lon="8.6647095970">
				<ele>798.8</ele>
				<time>1970-01-01T01:00:00+01:00</time>
				<extensions>
					<swisstopo:routepoint_id>56492368</swisstopo:routepoint_id>
				</extensions>
			</trkpt>
			<trkpt lat="46.2564007362" lon="8.6647304814">
				<ele>799.5</ele>
				<time>1970-01-01T01:00:00+01:00</time>
				<extensions>
					<swisstopo:routepoint_id>891253808</swisstopo:routepoint_id>
				</extensions>
			</trkpt>
			<trkpt lat="46.2564108644" lon="8.6647565988">
				<ele>800.2</ele>
				<time>1970-01-01T01:00:00+01:00</time>
				<extensions>
					<swisstopo:routepoint_id>777162556</swisstopo:routepoint_id>
				</extensions>
			</trkpt>
			<trkpt lat="46.2564549115" lon="8.6648656824">
				<ele>801.1</ele>
				<time>1970-01-01T01:00:00+01:00</time>
				<extensions>
					<swisstopo:routepoint_id>1135067028</swisstopo:routepoint_id>
				</extensions>
			</trkpt>
			<trkpt lat="46.2564925332" lon="8.6649328807">
				<ele>800.1</ele>
				<time>1970-01-01T01:00:00+01:00</time>
				<extensions>
					<swisstopo:routepoint_id>1470461445</swisstopo:routepoint_id>
				</extensions>
			</trkpt>
			<trkpt lat="46.2565387107" lon="8.6649937425">
				<ele>801.3</ele>
				<time>1970-01-01T01:00:00+01:00</time>
				<extensions>
					<swisstopo:routepoint_id>2139225640</swisstopo:routepoint_id>
				</extensions>
			</trkpt>
			<trkpt lat="46.2565729863" lon="8.6650073264">
				<ele>801.5</ele>
				<time>1970-01-01T01:00:00+01:00</time>
				<extensions>
					<swisstopo:routepoint_id>1911230823</swisstopo:routepoint_id>
				</extensions>
			</trkpt>
			<trkpt lat="46.2565912182" lon="8.6650274645">
				<ele>801.6</ele>
				<time>1970-01-01T01:00:00+01:00</time>
				<extensions>
					<swisstopo:routepoint_id>1613150668</swisstopo:routepoint_id>
				</extensions>
			</trkpt>
			<trkpt lat="46.2566135860" lon="8.6650494247">
				<ele>801.7</ele>
				<time>1970-01-01T01:00:00+01:00</time>
				<extensions>
					<swisstopo:routepoint_id>679667503</swisstopo:routepoint_id>
				</extensions>
			</trkpt>
			<trkpt lat="46.2566669263" lon="8.6650703539">
				<ele>801.7</ele>
				<time>1970-01-01T01:00:00+01:00</time>
				<extensions>
					<swisstopo:routepoint_id>2083138322</swisstopo:routepoint_id>
				</extensions>
			</trkpt>
			<trkpt lat="46.2567072537" lon="8.6650832699">
				<ele>801.7</ele>
				<time>1970-01-01T01:00:00+01:00</time>
				<extensions>
					<swisstopo:routepoint_id>543537103</swisstopo:routepoint_id>
				</extensions>
			</trkpt>
			<trkpt lat="46.2567373228" lon="8.6651088362">
				<ele>801.8</ele>
				<time>1970-01-01T01:00:00+01:00</time>
				<extensions>
					<swisstopo:routepoint_id>537369203</swisstopo:routepoint_id>
				</extensions>
			</trkpt>
			<trkpt lat="46.2567748608" lon="8.6651594343">
				<ele>801.8</ele>
				<time>1970-01-01T01:00:00+01:00</time>
				<extensions>
					<swisstopo:routepoint_id>2006814732</swisstopo:routepoint_id>
				</extensions>
			</trkpt>
			<trkpt lat="46.2568135653" lon="8.6652126426">
				<ele>801.9</ele>
				<time>1970-01-01T01:00:00+01:00</time>
				<extensions>
					<swisstopo:routepoint_id>1665729719</swisstopo:routepoint_id>
				</extensions>
			</trkpt>
			<trkpt lat="46.2568204553" lon="8.6652359641">
				<ele>802.0</ele>
				<time>1970-01-01T01:00:00+01:00</time>
				<extensions>
					<swisstopo:routepoint_id>246749007</swisstopo:routepoint_id>
				</extensions>
			</trkpt>
			<trkpt lat="46.2568198788" lon="8.6652891359">
				<ele>801.9</ele>
				<time>1970-01-01T01:00:00+01:00</time>
				<extensions>
					<swisstopo:routepoint_id>1537631140</swisstopo:routepoint_id>
				</extensions>
			</trkpt>
			<trkpt lat="46.2568196954" lon="8.6653603403">
				<ele>801.9</ele>
				<time>1970-01-01T01:00:00+01:00</time>
				<extensions>
					<swisstopo:routepoint_id>796873291</swisstopo:routepoint_id>
				</extensions>
			</trkpt>
			<trkpt lat="46.2568291823" lon="8.6654180390">
				<ele>801.7</ele>
				<time>1970-01-01T01:00:00+01:00</time>
				<extensions>
					<swisstopo:routepoint_id>694587178</swisstopo:routepoint_id>
				</extensions>
			</trkpt>
			<trkpt lat="46.2568486111" lon="8.6654922631">
				<ele>801.7</ele>
				<time>1970-01-01T01:00:00+01:00</time>
				<extensions>
					<swisstopo:routepoint_id>855807489</swisstopo:routepoint_id>
				</extensions>
			</trkpt>
			<trkpt lat="46.2568710736" lon="8.6655613941">
				<ele>801.6</ele>
				<time>1970-01-01T01:00:00+01:00</time>
				<extensions>
					<swisstopo:routepoint_id>2077924499</swisstopo:routepoint_id>
				</extensions>
			</trkpt>
			<trkpt lat="46.2568854508" lon="8.6656080444">
				<ele>801.8</ele>
				<time>1970-01-01T01:00:00+01:00</time>
				<extensions>
					<swisstopo:routepoint_id>126532744</swisstopo:routepoint_id>
				</extensions>
			</trkpt>
			<trkpt lat="46.2569006404" lon="8.6656332629">
				<ele>801.9</ele>
				<time>1970-01-01T01:00:00+01:00</time>
				<extensions>
					<swisstopo:routepoint_id>927791959</swisstopo:routepoint_id>
				</extensions>
			</trkpt>
			<trkpt lat="46.2569169955" lon="8.6656628016">
				<ele>801.9</ele>
				<time>1970-01-01T01:00:00+01:00</time>
				<extensions>
					<swisstopo:routepoint_id>602020894</swisstopo:routepoint_id>
				</extensions>
			</trkpt>
			<trkpt lat="46.2569171002" lon="8.6657074202">
				<ele>801.6</ele>
				<time>1970-01-01T01:00:00+01:00</time>
				<extensions>
					<swisstopo:routepoint_id>670832809</swisstopo:routepoint_id>
				</extensions>
			</trkpt>
			<trkpt lat="46.2568953339" lon="8.6657944394">
				<ele>801.3</ele>
				<time>1970-01-01T01:00:00+01:00</time>
				<extensions>
					<swisstopo:routepoint_id>45450950</swisstopo:routepoint_id>
				</extensions>
			</trkpt>
			<trkpt lat="46.2568842941" lon="8.6658791229">
				<ele>800.8</ele>
				<time>1970-01-01T01:00:00+01:00</time>
				<extensions>
					<swisstopo:routepoint_id>1819037845</swisstopo:routepoint_id>
				</extensions>
			</trkpt>
			<trkpt lat="46.2568820086" lon="8.6659253975">
				<ele>800.7</ele>
				<time>1970-01-01T01:00:00+01:00</time>
				<extensions>
					<swisstopo:routepoint_id>962080606</swisstopo:routepoint_id>
				</extensions>
			</trkpt>
			<trkpt lat="46.2568922976" lon="8.6659633871">
				<ele>800.1</ele>
				<time>1970-01-01T01:00:00+01:00</time>
				<extensions>
					<swisstopo:routepoint_id>1779643375</swisstopo:routepoint_id>
				</extensions>
			</trkpt>
			<trkpt lat="46.2568971993" lon="8.6660063849">
				<ele>799.6</ele>
				<time>1970-01-01T01:00:00+01:00</time>
				<extensions>
					<swisstopo:routepoint_id>1167744640</swisstopo:routepoint_id>
				</extensions>
			</trkpt>
			<trkpt lat="46.2569019157" lon="8.6660648313">
				<ele>798.7</ele>
				<time>1970-01-01T01:00:00+01:00</time>
				<extensions>
					<swisstopo:routepoint_id>574602096</swisstopo:routepoint_id>
				</extensions>
			</trkpt>
			<trkpt lat="46.2569061461" lon="8.6661138240">
				<ele>797.9</ele>
				<time>1970-01-01T01:00:00+01:00</time>
				<extensions>
					<swisstopo:routepoint_id>872994966</swisstopo:routepoint_id>
				</extensions>
			</trkpt>
			<trkpt lat="46.2569050835" lon="8.6661566938">
				<ele>797.1</ele>
				<time>1970-01-01T01:00:00+01:00</time>
				<extensions>
					<swisstopo:routepoint_id>1068908988</swisstopo:routepoint_id>
				</extensions>
			</trkpt>
			<trkpt lat="46.2568885435" lon="8.6662000820">
				<ele>796.6</ele>
				<time>1970-01-01T01:00:00+01:00</time>
				<extensions>
					<swisstopo:routepoint_id>1568276010</swisstopo:routepoint_id>
				</extensions>
			</trkpt>
			<trkpt lat="46.2568701827" lon="8.6662477103">
				<ele>795.8</ele>
				<time>1970-01-01T01:00:00+01:00</time>
				<extensions>
					<swisstopo:routepoint_id>785420564</swisstopo:routepoint_id>
				</extensions>
			</trkpt>
			<trkpt lat="46.2568459754" lon="8.6663224135">
				<ele>794.7</ele>
				<time>1970-01-01T01:00:00+01:00</time>
				<extensions>
					<swisstopo:routepoint_id>1371319853</swisstopo:routepoint_id>
				</extensions>
			</trkpt>
			<trkpt lat="46.2568305803" lon="8.6663728318">
				<ele>794.0</ele>
				<time>1970-01-01T01:00:00+01:00</time>
				<extensions>
					<swisstopo:routepoint_id>2004794425</swisstopo:routepoint_id>
				</extensions>
			</trkpt>
			<trkpt lat="46.2568058960" lon="8.6665627155">
				<ele>792.0</ele>
				<time>1970-01-01T01:00:00+01:00</time>
				<extensions>
					<swisstopo:routepoint_id>1459558137</swisstopo:routepoint_id>
				</extensions>
			</trkpt>
			<trkpt lat="46.2567737496" lon="8.6666735212">
				<ele>791.4</ele>
				<time>1970-01-01T01:00:00+01:00</time>
				<extensions>
					<swisstopo:routepoint_id>1975576149</swisstopo:routepoint_id>
				</extensions>
			</trkpt>
			<trkpt lat="46.2567659195" lon="8.6667368331">
				<ele>791.0</ele>
				<time>1970-01-01T01:00:00+01:00</time>
				<extensions>
					<swisstopo:routepoint_id>1069613565</swisstopo:routepoint_id>
				</extensions>
			</trkpt>
			<trkpt lat="46.2567687681" lon="8.6668038184">
				<ele>791.1</ele>
				<time>1970-01-01T01:00:00+01:00</time>
				<extensions>
					<swisstopo:routepoint_id>142298299</swisstopo:routepoint_id>
				</extensions>
			</trkpt>
			<trkpt lat="46.2567834924" lon="8.6668710654">
				<ele>790.2</ele>
				<time>1970-01-01T01:00:00+01:00</time>
				<extensions>
					<swisstopo:routepoint_id>76323590</swisstopo:routepoint_id>
				</extensions>
			</trkpt>
			<trkpt lat="46.2567774640" lon="8.6669893316">
				<ele>789.2</ele>
				<time>1970-01-01T01:00:00+01:00</time>
				<extensions>
					<swisstopo:routepoint_id>1025291032</swisstopo:routepoint_id>
				</extensions>
			</trkpt>
			<trkpt lat="46.2567876162" lon="8.6671491213">
				<ele>787.3</ele>
				<time>1970-01-01T01:00:00+01:00</time>
				<extensions>
					<swisstopo:routepoint_id>290620196</swisstopo:routepoint_id>
				</extensions>
			</trkpt>
			<trkpt lat="46.2567969023" lon="8.6672891325">
				<ele>786.9</ele>
				<time>1970-01-01T01:00:00+01:00</time>
				<extensions>
					<swisstopo:routepoint_id>469183592</swisstopo:routepoint_id>
				</extensions>
			</trkpt>
			<trkpt lat="46.2568004484" lon="8.6673598195">
				<ele>786.7</ele>
				<time>1970-01-01T01:00:00+01:00</time>
				<extensions>
					<swisstopo:routepoint_id>868856427</swisstopo:routepoint_id>
				</extensions>
			</trkpt>
			<trkpt lat="46.2568070873" lon="8.6674992453">
				<ele>784.5</ele>
				<time>1970-01-01T01:00:00+01:00</time>
				<extensions>
					<swisstopo:routepoint_id>1699645477</swisstopo:routepoint_id>
				</extensions>
			</trkpt>
			<trkpt lat="46.2568368882" lon="8.6675858447">
				<ele>784.6</ele>
				<time>1970-01-01T01:00:00+01:00</time>
				<extensions>
					<swisstopo:routepoint_id>681823651</swisstopo:routepoint_id>
				</extensions>
			</trkpt>
			<trkpt lat="46.2568914500" lon="8.6676722117">
				<ele>782.9</ele>
				<time>1970-01-01T01:00:00+01:00</time>
				<extensions>
					<swisstopo:routepoint_id>866432440</swisstopo:routepoint_id>
				</extensions>
			</trkpt>
			<trkpt lat="46.2569152050" lon="8.6677201002">
				<ele>781.9</ele>
				<time>1970-01-01T01:00:00+01:00</time>
				<extensions>
					<swisstopo:routepoint_id>568054434</swisstopo:routepoint_id>
				</extensions>
			</trkpt>
			<trkpt lat="46.2569572155" lon="8.6677972354">
				<ele>779.8</ele>
				<time>1970-01-01T01:00:00+01:00</time>
				<extensions>
					<swisstopo:routepoint_id>2075499178</swisstopo:routepoint_id>
				</extensions>
			</trkpt>
			<trkpt lat="46.2569934048" lon="8.6678845241">
				<ele>778.9</ele>
				<time>1970-01-01T01:00:00+01:00</time>
				<extensions>
					<swisstopo:routepoint_id>1475903605</swisstopo:routepoint_id>
				</extensions>
			</trkpt>
			<trkpt lat="46.2569999555" lon="8.6679382117">
				<ele>778.6</ele>
				<time>1970-01-01T01:00:00+01:00</time>
				<extensions>
					<swisstopo:routepoint_id>1603183582</swisstopo:routepoint_id>
				</extensions>
			</trkpt>
			<trkpt lat="46.2570192761" lon="8.6680004144">
				<ele>778.0</ele>
				<time>1970-01-01T01:00:00+01:00</time>
				<extensions>
					<swisstopo:routepoint_id>882341009</swisstopo:routepoint_id>
				</extensions>
			</trkpt>
			<trkpt lat="46.2570283324" lon="8.6680871031">
				<ele>776.4</ele>
				<time>1970-01-01T01:00:00+01:00</time>
				<extensions>
					<swisstopo:routepoint_id>930466697</swisstopo:routepoint_id>
				</extensions>
			</trkpt>
			<trkpt lat="46.2570505129" lon="8.6681884961">
				<ele>774.2</ele>
				<time>1970-01-01T01:00:00+01:00</time>
				<extensions>
					<swisstopo:routepoint_id>1856235851</swisstopo:routepoint_id>
				</extensions>
			</trkpt>
			<trkpt lat="46.2570801600" lon="8.6684338880">
				<ele>772.6</ele>
				<time>1970-01-01T01:00:00+01:00</time>
				<extensions>
					<swisstopo:routepoint_id>413291223</swisstopo:routepoint_id>
				</extensions>
			</trkpt>
			<trkpt lat="46.2571310238" lon="8.6686203301">
				<ele>770.9</ele>
				<time>1970-01-01T01:00:00+01:00</time>
				<extensions>
					<swisstopo:routepoint_id>651293204</swisstopo:routepoint_id>
				</extensions>
			</trkpt>
			<trkpt lat="46.2571604478" lon="8.6687754523">
				<ele>769.9</ele>
				<time>1970-01-01T01:00:00+01:00</time>
				<extensions>
					<swisstopo:routepoint_id>387478510</swisstopo:routepoint_id>
				</extensions>
			</trkpt>
			<trkpt lat="46.2571782219" lon="8.6689523631">
				<ele>769.0</ele>
				<time>1970-01-01T01:00:00+01:00</time>
				<extensions>
					<swisstopo:routepoint_id>906648409</swisstopo:routepoint_id>
				</extensions>
			</trkpt>
			<trkpt lat="46.2571692282" lon="8.6691451602">
				<ele>768.3</ele>
				<time>1970-01-01T01:00:00+01:00</time>
				<extensions>
					<swisstopo:routepoint_id>98835652</swisstopo:routepoint_id>
				</extensions>
			</trkpt>
			<trkpt lat="46.2571559267" lon="8.6692065310">
				<ele>767.8</ele>
				<time>1970-01-01T01:00:00+01:00</time>
				<extensions>
					<swisstopo:routepoint_id>1153809734</swisstopo:routepoint_id>
				</extensions>
			</trkpt>
			<trkpt lat="46.2571121706" lon="8.6692996638">
				<ele>767.1</ele>
				<time>1970-01-01T01:00:00+01:00</time>
				<extensions>
					<swisstopo:routepoint_id>87574401</swisstopo:routepoint_id>
				</extensions>
			</trkpt>
			<trkpt lat="46.2570888108" lon="8.6693536253">
				<ele>766.1</ele>
				<time>1970-01-01T01:00:00+01:00</time>
				<extensions>
					<swisstopo:routepoint_id>1845072783</swisstopo:routepoint_id>
				</extensions>
			</trkpt>
			<trkpt lat="46.2570625037" lon="8.6694103700">
				<ele>765.3</ele>
				<time>1970-01-01T01:00:00+01:00</time>
				<extensions>
					<swisstopo:routepoint_id>1710965233</swisstopo:routepoint_id>
				</extensions>
			</trkpt>
			<trkpt lat="46.2570933077" lon="8.6694538970">
				<ele>765.1</ele>
				<time>1970-01-01T01:00:00+01:00</time>
				<extensions>
					<swisstopo:routepoint_id>1473346075</swisstopo:routepoint_id>
				</extensions>
			</trkpt>
			<trkpt lat="46.2571592618" lon="8.6695186052">
				<ele>764.4</ele>
				<time>1970-01-01T01:00:00+01:00</time>
				<extensions>
					<swisstopo:routepoint_id>1543227352</swisstopo:routepoint_id>
				</extensions>
			</trkpt>
			<trkpt lat="46.2571892294" lon="8.6695719804">
				<ele>763.7</ele>
				<time>1970-01-01T01:00:00+01:00</time>
				<extensions>
					<swisstopo:routepoint_id>935180860</swisstopo:routepoint_id>
				</extensions>
			</trkpt>
			<trkpt lat="46.2572023522" lon="8.6696756330">
				<ele>761.9</ele>
				<time>1970-01-01T01:00:00+01:00</time>
				<extensions>
					<swisstopo:routepoint_id>1317259837</swisstopo:routepoint_id>
				</extensions>
			</trkpt>
			<trkpt lat="46.2572102524" lon="8.6698119222">
				<ele>761.0</ele>
				<time>1970-01-01T01:00:00+01:00</time>
				<extensions>
					<swisstopo:routepoint_id>1899252559</swisstopo:routepoint_id>
				</extensions>
			</trkpt>
			<trkpt lat="46.2572065491" lon="8.6699616791">
				<ele>760.7</ele>
				<time>1970-01-01T01:00:00+01:00</time>
				<extensions>
					<swisstopo:routepoint_id>44322532</swisstopo:routepoint_id>
				</extensions>
			</trkpt>
			<trkpt lat="46.2572072702" lon="8.6700923848">
				<ele>759.4</ele>
				<time>1970-01-01T01:00:00+01:00</time>
				<extensions>
					<swisstopo:routepoint_id>1999161751</swisstopo:routepoint_id>
				</extensions>
			</trkpt>
			<trkpt lat="46.2571959343" lon="8.6701878212">
				<ele>758.2</ele>
				<time>1970-01-01T01:00:00+01:00</time>
				<extensions>
					<swisstopo:routepoint_id>1754623646</swisstopo:routepoint_id>
				</extensions>
			</trkpt>
			<trkpt lat="46.2571761307" lon="8.6702508115">
				<ele>757.0</ele>
				<time>1970-01-01T01:00:00+01:00</time>
				<extensions>
					<swisstopo:routepoint_id>156434605</swisstopo:routepoint_id>
				</extensions>
			</trkpt>
			<trkpt lat="46.2571581158" lon="8.6702923351">
				<ele>755.6</ele>
				<time>1970-01-01T01:00:00+01:00</time>
				<extensions>
					<swisstopo:routepoint_id>738458367</swisstopo:routepoint_id>
				</extensions>
			</trkpt>
			<trkpt lat="46.2571692143" lon="8.6703292674">
				<ele>754.7</ele>
				<time>1970-01-01T01:00:00+01:00</time>
				<extensions>
					<swisstopo:routepoint_id>1934843589</swisstopo:routepoint_id>
				</extensions>
			</trkpt>
			<trkpt lat="46.2572059295" lon="8.6703374130">
				<ele>753.5</ele>
				<time>1970-01-01T01:00:00+01:00</time>
				<extensions>
					<swisstopo:routepoint_id>2423987</swisstopo:routepoint_id>
				</extensions>
			</trkpt>
			<trkpt lat="46.2572522367" lon="8.6703021723">
				<ele>749.8</ele>
				<time>1970-01-01T01:00:00+01:00</time>
				<extensions>
					<swisstopo:routepoint_id>1131591043</swisstopo:routepoint_id>
				</extensions>
			</trkpt>
			<trkpt lat="46.2572857532" lon="8.6702369336">
				<ele>747.2</ele>
				<time>1970-01-01T01:00:00+01:00</time>
				<extensions>
					<swisstopo:routepoint_id>753808121</swisstopo:routepoint_id>
				</extensions>
			</trkpt>
			<trkpt lat="46.2573577298" lon="8.6701236482">
				<ele>741.7</ele>
				<time>1970-01-01T01:00:00+01:00</time>
				<extensions>
					<swisstopo:routepoint_id>1538012482</swisstopo:routepoint_id>
				</extensions>
			</trkpt>
			<trkpt lat="46.2573919096" lon="8.6700676896">
				<ele>740.2</ele>
				<time>1970-01-01T01:00:00+01:00</time>
				<extensions>
					<swisstopo:routepoint_id>1112354499</swisstopo:routepoint_id>
				</extensions>
			</trkpt>
			<trkpt lat="46.2574743752" lon="8.6700126334">
				<ele>739.8</ele>
				<time>1970-01-01T01:00:00+01:00</time>
				<extensions>
					<swisstopo:routepoint_id>1193158169</swisstopo:routepoint_id>
				</extensions>
			</trkpt>
			<trkpt lat="46.2575402107" lon="8.6699663141">
				<ele>739.4</ele>
				<time>1970-01-01T01:00:00+01:00</time>
				<extensions>
					<swisstopo:routepoint_id>545436908</swisstopo:routepoint_id>
				</extensions>
			</trkpt>
			<trkpt lat="46.2575972670" lon="8.6699436086">
				<ele>739.8</ele>
				<time>1970-01-01T01:00:00+01:00</time>
				<extensions>
					<swisstopo:routepoint_id>1894431379</swisstopo:routepoint_id>
				</extensions>
			</trkpt>
			<trkpt lat="46.2576861738" lon="8.6698973171">
				<ele>741.4</ele>
				<time>1970-01-01T01:00:00+01:00</time>
				<extensions>
					<swisstopo:routepoint_id>469049785</swisstopo:routepoint_id>
				</extensions>
			</trkpt>
			<trkpt lat="46.2577345904" lon="8.6698732888">
				<ele>740.7</ele>
				<time>1970-01-01T01:00:00+01:00</time>
				<extensions>
					<swisstopo:routepoint_id>279173492</swisstopo:routepoint_id>
				</extensions>
			</trkpt>
			<trkpt lat="46.2577834693" lon="8.6698980108">
				<ele>740.2</ele>
				<time>1970-01-01T01:00:00+01:00</time>
				<extensions>
					<swisstopo:routepoint_id>1468757341</swisstopo:routepoint_id>
				</extensions>
			</trkpt>
			<trkpt lat="46.2578430007" lon="8.6699498010">
				<ele>740.2</ele>
				<time>1970-01-01T01:00:00+01:00</time>
				<extensions>
					<swisstopo:routepoint_id>1654126462</swisstopo:routepoint_id>
				</extensions>
			</trkpt>
			<trkpt lat="46.2578766177" lon="8.6699955966">
				<ele>740.0</ele>
				<time>1970-01-01T01:00:00+01:00</time>
				<extensions>
					<swisstopo:routepoint_id>552457552</swisstopo:routepoint_id>
				</extensions>
			</trkpt>
			<trkpt lat="46.2579097571" lon="8.6699988859">
				<ele>740.3</ele>
				<time>1970-01-01T01:00:00+01:00</time>
				<extensions>
					<swisstopo:routepoint_id>1381152424</swisstopo:routepoint_id>
				</extensions>
			</trkpt>
			<trkpt lat="46.2579509950" lon="8.6699692740">
				<ele>739.9</ele>
				<time>1970-01-01T01:00:00+01:00</time>
				<extensions>
					<swisstopo:routepoint_id>819074007</swisstopo:routepoint_id>
				</extensions>
			</trkpt>
			<trkpt lat="46.2579928535" lon="8.6699593279">
				<ele>739.7</ele>
				<time>1970-01-01T01:00:00+01:00</time>
				<extensions>
					<swisstopo:routepoint_id>401246517</swisstopo:routepoint_id>
				</extensions>
			</trkpt>
			<trkpt lat="46.2580483419" lon="8.6699595952">
				<ele>739.7</ele>
				<time>1970-01-01T01:00:00+01:00</time>
				<extensions>
					<swisstopo:routepoint_id>1590328148</swisstopo:routepoint_id>
				</extensions>
			</trkpt>
			<trkpt lat="46.2580763758" lon="8.6699726678">
				<ele>739.7</ele>
				<time>1970-01-01T01:00:00+01:00</time>
				<extensions>
					<swisstopo:routepoint_id>761711974</swisstopo:routepoint_id>
				</extensions>
			</trkpt>
			<trkpt lat="46.2581139539" lon="8.6699548033">
				<ele>739.8</ele>
				<time>1970-01-01T01:00:00+01:00</time>
				<extensions>
					<swisstopo:routepoint_id>301845431</swisstopo:routepoint_id>
				</extensions>
			</trkpt>
			<trkpt lat="46.2581747063" lon="8.6699162026">
				<ele>739.8</ele>
				<time>1970-01-01T01:00:00+01:00</time>
				<extensions>
					<swisstopo:routepoint_id>775784373</swisstopo:routepoint_id>
				</extensions>
			</trkpt>
			<trkpt lat="46.2582289521" lon="8.6698812925">
				<ele>739.3</ele>
				<time>1970-01-01T01:00:00+01:00</time>
				<extensions>
					<swisstopo:routepoint_id>156086238</swisstopo:routepoint_id>
				</extensions>
			</trkpt>
			<trkpt lat="46.2582923052" lon="8.6698943471">
				<ele>738.9</ele>
				<time>1970-01-01T01:00:00+01:00</time>
				<extensions>
					<swisstopo:routepoint_id>1791458441</swisstopo:routepoint_id>
				</extensions>
			</trkpt>
			<trkpt lat="46.2583736804" lon="8.6699047631">
				<ele>739.3</ele>
				<time>1970-01-01T01:00:00+01:00</time>
				<extensions>
					<swisstopo:routepoint_id>890858327</swisstopo:routepoint_id>
				</extensions>
			</trkpt>
			<trkpt lat="46.2584153807" lon="8.6699238891">
				<ele>739.5</ele>
				<time>1970-01-01T01:00:00+01:00</time>
				<extensions>
					<swisstopo:routepoint_id>1465581734</swisstopo:routepoint_id>
				</extensions>
			</trkpt>
			<trkpt lat="46.2584781383" lon="8.6700449371">
				<ele>739.7</ele>
				<time>1970-01-01T01:00:00+01:00</time>
				<extensions>
					<swisstopo:routepoint_id>144628913</swisstopo:routepoint_id>
				</extensions>
			</trkpt>
			<trkpt lat="46.2585836338" lon="8.6702576508">
				<ele>740.1</ele>
				<time>1970-01-01T01:00:00+01:00</time>
				<extensions>
					<swisstopo:routepoint_id>2035371575</swisstopo:routepoint_id>
				</extensions>
			</trkpt>
			<trkpt lat="46.2586998690" lon="8.6704829202">
				<ele>741.1</ele>
				<time>1970-01-01T01:00:00+01:00</time>
				<extensions>
					<swisstopo:routepoint_id>1260703383</swisstopo:routepoint_id>
				</extensions>
			</trkpt>
			<trkpt lat="46.2587432787" lon="8.6705838794">
				<ele>742.2</ele>
				<time>1970-01-01T01:00:00+01:00</time>
				<extensions>
					<swisstopo:routepoint_id>1967263705</swisstopo:routepoint_id>
				</extensions>
			</trkpt>
			<trkpt lat="46.2587442082" lon="8.6706421411">
				<ele>741.9</ele>
				<time>1970-01-01T01:00:00+01:00</time>
				<extensions>
					<swisstopo:routepoint_id>154010617</swisstopo:routepoint_id>
				</extensions>
			</trkpt>
			<trkpt lat="46.2587178966" lon="8.6707105337">
				<ele>742.5</ele>
				<time>1970-01-01T01:00:00+01:00</time>
				<extensions>
					<swisstopo:routepoint_id>1754350972</swisstopo:routepoint_id>
				</extensions>
			</trkpt>
			<trkpt lat="46.2587071794" lon="8.6708201161">
				<ele>743.0</ele>
				<time>1970-01-01T01:00:00+01:00</time>
				<extensions>
					<swisstopo:routepoint_id>1181035468</swisstopo:routepoint_id>
				</extensions>
			</trkpt>
			<trkpt lat="46.2587089246" lon="8.6708784912">
				<ele>743.2</ele>
				<time>1970-01-01T01:00:00+01:00</time>
				<extensions>
					<swisstopo:routepoint_id>611895153</swisstopo:routepoint_id>
				</extensions>
			</trkpt>
			<trkpt lat="46.2587024461" lon="8.6709263886">
				<ele>743.2</ele>
				<time>1970-01-01T01:00:00+01:00</time>
				<extensions>
					<swisstopo:routepoint_id>19236543</swisstopo:routepoint_id>
				</extensions>
			</trkpt>
			<trkpt lat="46.2586613620" lon="8.6709838003">
				<ele>745.8</ele>
				<time>1970-01-01T01:00:00+01:00</time>
				<extensions>
					<swisstopo:routepoint_id>1708133600</swisstopo:routepoint_id>
				</extensions>
			</trkpt>
			<trkpt lat="46.2586335062" lon="8.6710277873">
				<ele>746.0</ele>
				<time>1970-01-01T01:00:00+01:00</time>
				<extensions>
					<swisstopo:routepoint_id>992575574</swisstopo:routepoint_id>
				</extensions>
			</trkpt>
			<trkpt lat="46.2586244506" lon="8.6710944993">
				<ele>747.2</ele>
				<time>1970-01-01T01:00:00+01:00</time>
				<extensions>
					<swisstopo:routepoint_id>1365406768</swisstopo:routepoint_id>
				</extensions>
			</trkpt>
			<trkpt lat="46.2586634519" lon="8.6711194045">
				<ele>745.1</ele>
				<time>1970-01-01T01:00:00+01:00</time>
				<extensions>
					<swisstopo:routepoint_id>724108383</swisstopo:routepoint_id>
				</extensions>
			</trkpt>
			<trkpt lat="46.2586884601" lon="8.6711182545">
				<ele>745.5</ele>
				<time>1970-01-01T01:00:00+01:00</time>
				<extensions>
					<swisstopo:routepoint_id>266263416</swisstopo:routepoint_id>
				</extensions>
			</trkpt>
			<trkpt lat="46.2587396250" lon="8.6711194131">
				<ele>745.4</ele>
				<time>1970-01-01T01:00:00+01:00</time>
				<extensions>
					<swisstopo:routepoint_id>425674038</swisstopo:routepoint_id>
				</extensions>
			</trkpt>
			<trkpt lat="46.2587729414" lon="8.6711201675">
				<ele>745.1</ele>
				<time>1970-01-01T01:00:00+01:00</time>
				<extensions>
					<swisstopo:routepoint_id>962406971</swisstopo:routepoint_id>
				</extensions>
			</trkpt>
			<trkpt lat="46.2588258614" lon="8.6710698890">
				<ele>743.8</ele>
				<time>1970-01-01T01:00:00+01:00</time>
				<extensions>
					<swisstopo:routepoint_id>1874199588</swisstopo:routepoint_id>
				</extensions>
			</trkpt>
			<trkpt lat="46.2588568161" lon="8.6710688799">
				<ele>743.4</ele>
				<time>1970-01-01T01:00:00+01:00</time>
				<extensions>
					<swisstopo:routepoint_id>87604917</swisstopo:routepoint_id>
				</extensions>
			</trkpt>
			<trkpt lat="46.2588809750" lon="8.6710368170">
				<ele>741.2</ele>
				<time>1970-01-01T01:00:00+01:00</time>
				<extensions>
					<swisstopo:routepoint_id>835052455</swisstopo:routepoint_id>
				</extensions>
			</trkpt>
			<trkpt lat="46.2589384787" lon="8.6710020890">
				<ele>739.7</ele>
				<time>1970-01-01T01:00:00+01:00</time>
				<extensions>
					<swisstopo:routepoint_id>151211034</swisstopo:routepoint_id>
				</extensions>
			</trkpt>
			<trkpt lat="46.2590268438" lon="8.6709749186">
				<ele>738.6</ele>
				<time>1970-01-01T01:00:00+01:00</time>
				<extensions>
					<swisstopo:routepoint_id>1938307923</swisstopo:routepoint_id>
				</extensions>
			</trkpt>
			<trkpt lat="46.2590792780" lon="8.6709692405">
				<ele>737.6</ele>
				<time>1970-01-01T01:00:00+01:00</time>
				<extensions>
					<swisstopo:routepoint_id>57362033</swisstopo:routepoint_id>
				</extensions>
			</trkpt>
			<trkpt lat="46.2591158990" lon="8.6709940919">
				<ele>737.1</ele>
				<time>1970-01-01T01:00:00+01:00</time>
				<extensions>
					<swisstopo:routepoint_id>99401086</swisstopo:routepoint_id>
				</extensions>
			</trkpt>
			<trkpt lat="46.2591479175" lon="8.6710051148">
				<ele>736.3</ele>
				<time>1970-01-01T01:00:00+01:00</time>
				<extensions>
					<swisstopo:routepoint_id>814543775</swisstopo:routepoint_id>
				</extensions>
			</trkpt>
			<trkpt lat="46.2592383827" lon="8.6710037305">
				<ele>735.4</ele>
				<time>1970-01-01T01:00:00+01:00</time>
				<extensions>
					<swisstopo:routepoint_id>605625736</swisstopo:routepoint_id>
				</extensions>
			</trkpt>
			<trkpt lat="46.2593016550" lon="8.6709862898">
				<ele>735.0</ele>
				<time>1970-01-01T01:00:00+01:00</time>
				<extensions>
					<swisstopo:routepoint_id>657870638</swisstopo:routepoint_id>
				</extensions>
			</trkpt>
			<trkpt lat="46.2593728804" lon="8.6710033495">
				<ele>733.8</ele>
				<time>1970-01-01T01:00:00+01:00</time>
				<extensions>
					<swisstopo:routepoint_id>2032409694</swisstopo:routepoint_id>
				</extensions>
			</trkpt>
			<trkpt lat="46.2594695065" lon="8.6709832250">
				<ele>731.6</ele>
				<time>1970-01-01T01:00:00+01:00</time>
				<extensions>
					<swisstopo:routepoint_id>837988151</swisstopo:routepoint_id>
				</extensions>
			</trkpt>
			<trkpt lat="46.2595123543" lon="8.6709824851">
				<ele>730.8</ele>
				<time>1970-01-01T01:00:00+01:00</time>
				<extensions>
					<swisstopo:routepoint_id>1646829528</swisstopo:routepoint_id>
				</extensions>
			</trkpt>
			<trkpt lat="46.2595968631" lon="8.6709826759">
				<ele>729.5</ele>
				<time>1970-01-01T01:00:00+01:00</time>
				<extensions>
					<swisstopo:routepoint_id>1002970400</swisstopo:routepoint_id>
				</extensions>
			</trkpt>
			<trkpt lat="46.2597038975" lon="8.6709902484">
				<ele>727.2</ele>
				<time>1970-01-01T01:00:00+01:00</time>
				<extensions>
					<swisstopo:routepoint_id>204878351</swisstopo:routepoint_id>
				</extensions>
			</trkpt>
			<trkpt lat="46.2597656388" lon="8.6710036545">
				<ele>725.9</ele>
				<time>1970-01-01T01:00:00+01:00</time>
				<extensions>
					<swisstopo:routepoint_id>324848856</swisstopo:routepoint_id>
				</extensions>
			</trkpt>
			<trkpt lat="46.2598436647" lon="8.6710190823">
				<ele>724.4</ele>
				<time>1970-01-01T01:00:00+01:00</time>
				<extensions>
					<swisstopo:routepoint_id>1881360958</swisstopo:routepoint_id>
				</extensions>
			</trkpt>
			<trkpt lat="46.2599278128" lon="8.6710306081">
				<ele>723.2</ele>
				<time>1970-01-01T01:00:00+01:00</time>
				<extensions>
					<swisstopo:routepoint_id>1653836059</swisstopo:routepoint_id>
				</extensions>
			</trkpt>
			<trkpt lat="46.2599776933" lon="8.6710399773">
				<ele>721.8</ele>
				<time>1970-01-01T01:00:00+01:00</time>
				<extensions>
					<swisstopo:routepoint_id>786228237</swisstopo:routepoint_id>
				</extensions>
			</trkpt>
			<trkpt lat="46.2600114963" lon="8.6710839872">
				<ele>720.3</ele>
				<time>1970-01-01T01:00:00+01:00</time>
				<extensions>
					<swisstopo:routepoint_id>1689599112</swisstopo:routepoint_id>
				</extensions>
			</trkpt>
			<trkpt lat="46.2600353706" lon="8.6711215973">
				<ele>718.9</ele>
				<time>1970-01-01T01:00:00+01:00</time>
				<extensions>
					<swisstopo:routepoint_id>1735114429</swisstopo:routepoint_id>
				</extensions>
			</trkpt>
			<trkpt lat="46.2600674190" lon="8.6711943909">
				<ele>716.9</ele>
				<time>1970-01-01T01:00:00+01:00</time>
				<extensions>
					<swisstopo:routepoint_id>1620385516</swisstopo:routepoint_id>
				</extensions>
			</trkpt>
			<trkpt lat="46.2600907552" lon="8.6712813959">
				<ele>714.6</ele>
				<time>1970-01-01T01:00:00+01:00</time>
				<extensions>
					<swisstopo:routepoint_id>1766803227</swisstopo:routepoint_id>
				</extensions>
			</trkpt>
			<trkpt lat="46.2600601173" lon="8.6713404197">
				<ele>714.1</ele>
				<time>1970-01-01T01:00:00+01:00</time>
				<extensions>
					<swisstopo:routepoint_id>801313423</swisstopo:routepoint_id>
				</extensions>
			</trkpt>
			<trkpt lat="46.2600421057" lon="8.6714203131">
				<ele>712.9</ele>
				<time>1970-01-01T01:00:00+01:00</time>
				<extensions>
					<swisstopo:routepoint_id>984025216</swisstopo:routepoint_id>
				</extensions>
			</trkpt>
			<trkpt lat="46.2600283217" lon="8.6715064899">
				<ele>712.1</ele>
				<time>1970-01-01T01:00:00+01:00</time>
				<extensions>
					<swisstopo:routepoint_id>726312158</swisstopo:routepoint_id>
				</extensions>
			</trkpt>
			<trkpt lat="46.2600138153" lon="8.6715267449">
				<ele>712.2</ele>
				<time>1970-01-01T01:00:00+01:00</time>
				<extensions>
					<swisstopo:routepoint_id>939732729</swisstopo:routepoint_id>
				</extensions>
			</trkpt>
			<trkpt lat="46.2599878226" lon="8.6715529274">
				<ele>713.8</ele>
				<time>1970-01-01T01:00:00+01:00</time>
				<extensions>
					<swisstopo:routepoint_id>1909185060</swisstopo:routepoint_id>
				</extensions>
			</trkpt>
			<trkpt lat="46.2599724635" lon="8.6716514186">
				<ele>712.3</ele>
				<time>1970-01-01T01:00:00+01:00</time>
				<extensions>
					<swisstopo:routepoint_id>539547475</swisstopo:routepoint_id>
				</extensions>
			</trkpt>
			<trkpt lat="46.2599748333" lon="8.6716967814">
				<ele>709.8</ele>
				<time>1970-01-01T01:00:00+01:00</time>
				<extensions>
					<swisstopo:routepoint_id>338069121</swisstopo:routepoint_id>
				</extensions>
			</trkpt>
			<trkpt lat="46.2599511793" lon="8.6717703716">
				<ele>709.5</ele>
				<time>1970-01-01T01:00:00+01:00</time>
				<extensions>
					<swisstopo:routepoint_id>127354516</swisstopo:routepoint_id>
				</extensions>
			</trkpt>
			<trkpt lat="46.2599306044" lon="8.6718234354">
				<ele>709.0</ele>
				<time>1970-01-01T01:00:00+01:00</time>
				<extensions>
					<swisstopo:routepoint_id>1722988554</swisstopo:routepoint_id>
				</extensions>
			</trkpt>
			<trkpt lat="46.2599080367" lon="8.6719279381">
				<ele>708.1</ele>
				<time>1970-01-01T01:00:00+01:00</time>
				<extensions>
					<swisstopo:routepoint_id>296780641</swisstopo:routepoint_id>
				</extensions>
			</trkpt>
			<trkpt lat="46.2598533852" lon="8.6720934895">
				<ele>706.8</ele>
				<time>1970-01-01T01:00:00+01:00</time>
				<extensions>
					<swisstopo:routepoint_id>777690421</swisstopo:routepoint_id>
				</extensions>
			</trkpt>
			<trkpt lat="46.2598350226" lon="8.6722063206">
				<ele>706.1</ele>
				<time>1970-01-01T01:00:00+01:00</time>
				<extensions>
					<swisstopo:routepoint_id>51809948</swisstopo:routepoint_id>
				</extensions>
			</trkpt>
			<trkpt lat="46.2598111887" lon="8.6722963795">
				<ele>705.5</ele>
				<time>1970-01-01T01:00:00+01:00</time>
				<extensions>
					<swisstopo:routepoint_id>1123764148</swisstopo:routepoint_id>
				</extensions>
			</trkpt>
			<trkpt lat="46.2597967355" lon="8.6724422581">
				<ele>702.6</ele>
				<time>1970-01-01T01:00:00+01:00</time>
				<extensions>
					<swisstopo:routepoint_id>1599219945</swisstopo:routepoint_id>
				</extensions>
			</trkpt>
			<trkpt lat="46.2597941989" lon="8.6725451497">
				<ele>699.4</ele>
				<time>1970-01-01T01:00:00+01:00</time>
				<extensions>
					<swisstopo:routepoint_id>1589014096</swisstopo:routepoint_id>
				</extensions>
			</trkpt>
			<trkpt lat="46.2597888708" lon="8.6726397573">
				<ele>696.4</ele>
				<time>1970-01-01T01:00:00+01:00</time>
				<extensions>
					<swisstopo:routepoint_id>929617729</swisstopo:routepoint_id>
				</extensions>
			</trkpt>
			<trkpt lat="46.2597672040" lon="8.6727936929">
				<ele>693.2</ele>
				<time>1970-01-01T01:00:00+01:00</time>
				<extensions>
					<swisstopo:routepoint_id>1915121232</swisstopo:routepoint_id>
				</extensions>
			</trkpt>
			<trkpt lat="46.2597413090" lon="8.6729413637">
				<ele>691.8</ele>
				<time>1970-01-01T01:00:00+01:00</time>
				<extensions>
					<swisstopo:routepoint_id>1158524758</swisstopo:routepoint_id>
				</extensions>
			</trkpt>
			<trkpt lat="46.2597129722" lon="8.6730519161">
				<ele>691.9</ele>
				<time>1970-01-01T01:00:00+01:00</time>
				<extensions>
					<swisstopo:routepoint_id>1029439294</swisstopo:routepoint_id>
				</extensions>
			</trkpt>
			<trkpt lat="46.2596828803" lon="8.6731912582">
				<ele>689.2</ele>
				<time>1970-01-01T01:00:00+01:00</time>
				<extensions>
					<swisstopo:routepoint_id>633109800</swisstopo:routepoint_id>
				</extensions>
			</trkpt>
			<trkpt lat="46.2596702486" lon="8.6733021539">
				<ele>688.2</ele>
				<time>1970-01-01T01:00:00+01:00</time>
				<extensions>
					<swisstopo:routepoint_id>1321980672</swisstopo:routepoint_id>
				</extensions>
			</trkpt>
			<trkpt lat="46.2596345007" lon="8.6734372507">
				<ele>686.7</ele>
				<time>1970-01-01T01:00:00+01:00</time>
				<extensions>
					<swisstopo:routepoint_id>1269093090</swisstopo:routepoint_id>
				</extensions>
			</trkpt>
			<trkpt lat="46.2596090543" lon="8.6735437452">
				<ele>685.1</ele>
				<time>1970-01-01T01:00:00+01:00</time>
				<extensions>
					<swisstopo:routepoint_id>698525940</swisstopo:routepoint_id>
				</extensions>
			</trkpt>
			<trkpt lat="46.2595992319" lon="8.6736588339">
				<ele>682.3</ele>
				<time>1970-01-01T01:00:00+01:00</time>
				<extensions>
					<swisstopo:routepoint_id>1686104267</swisstopo:routepoint_id>
				</extensions>
			</trkpt>
			<trkpt lat="46.2595494624" lon="8.6737688866">
				<ele>682.6</ele>
				<time>1970-01-01T01:00:00+01:00</time>
				<extensions>
					<swisstopo:routepoint_id>191761845</swisstopo:routepoint_id>
				</extensions>
			</trkpt>
			<trkpt lat="46.2595157975" lon="8.6738443128">
				<ele>682.6</ele>
				<time>1970-01-01T01:00:00+01:00</time>
				<extensions>
					<swisstopo:routepoint_id>2066205278</swisstopo:routepoint_id>
				</extensions>
			</trkpt>
			<trkpt lat="46.2594811415" lon="8.6738785371">
				<ele>682.5</ele>
				<time>1970-01-01T01:00:00+01:00</time>
				<extensions>
					<swisstopo:routepoint_id>1313326369</swisstopo:routepoint_id>
				</extensions>
			</trkpt>
			<trkpt lat="46.2594369102" lon="8.6740051881">
				<ele>679.5</ele>
				<time>1970-01-01T01:00:00+01:00</time>
				<extensions>
					<swisstopo:routepoint_id>2070279533</swisstopo:routepoint_id>
				</extensions>
			</trkpt>
			<trkpt lat="46.2593833725" lon="8.6741995971">
				<ele>675.8</ele>
				<time>1970-01-01T01:00:00+01:00</time>
				<extensions>
					<swisstopo:routepoint_id>933801005</swisstopo:routepoint_id>
				</extensions>
			</trkpt>
			<trkpt lat="46.2593367132" lon="8.6742870778">
				<ele>674.8</ele>
				<time>1970-01-01T01:00:00+01:00</time>
				<extensions>
					<swisstopo:routepoint_id>636360299</swisstopo:routepoint_id>
				</extensions>
			</trkpt>
			<trkpt lat="46.2592814898" lon="8.6743743640">
				<ele>673.4</ele>
				<time>1970-01-01T01:00:00+01:00</time>
				<extensions>
					<swisstopo:routepoint_id>1040491069</swisstopo:routepoint_id>
				</extensions>
			</trkpt>
			<trkpt lat="46.2591784673" lon="8.6745223398">
				<ele>672.5</ele>
				<time>1970-01-01T01:00:00+01:00</time>
				<extensions>
					<swisstopo:routepoint_id>2009064342</swisstopo:routepoint_id>
				</extensions>
			</trkpt>
			<trkpt lat="46.2591301824" lon="8.6746283143">
				<ele>671.4</ele>
				<time>1970-01-01T01:00:00+01:00</time>
				<extensions>
					<swisstopo:routepoint_id>1222323804</swisstopo:routepoint_id>
				</extensions>
			</trkpt>
			<trkpt lat="46.2590890297" lon="8.6747344506">
				<ele>669.5</ele>
				<time>1970-01-01T01:00:00+01:00</time>
				<extensions>
					<swisstopo:routepoint_id>186764682</swisstopo:routepoint_id>
				</extensions>
			</trkpt>
			<trkpt lat="46.2590748007" lon="8.6748313816">
				<ele>667.6</ele>
				<time>1970-01-01T01:00:00+01:00</time>
				<extensions>
					<swisstopo:routepoint_id>601663608</swisstopo:routepoint_id>
				</extensions>
			</trkpt>
			<trkpt lat="46.2590548668" lon="8.6749132934">
				<ele>665.7</ele>
				<time>1970-01-01T01:00:00+01:00</time>
				<extensions>
					<swisstopo:routepoint_id>1781830544</swisstopo:routepoint_id>
				</extensions>
			</trkpt>
			<trkpt lat="46.2590218640" lon="8.6749931793">
				<ele>665.1</ele>
				<time>1970-01-01T01:00:00+01:00</time>
				<extensions>
					<swisstopo:routepoint_id>964042569</swisstopo:routepoint_id>
				</extensions>
			</trkpt>
			<trkpt lat="46.2589901318" lon="8.6750645251">
				<ele>664.1</ele>
				<time>1970-01-01T01:00:00+01:00</time>
				<extensions>
					<swisstopo:routepoint_id>41288480</swisstopo:routepoint_id>
				</extensions>
			</trkpt>
			<trkpt lat="46.2589803189" lon="8.6750917760">
				<ele>663.8</ele>
				<time>1970-01-01T01:00:00+01:00</time>
				<extensions>
					<swisstopo:routepoint_id>1497147742</swisstopo:routepoint_id>
				</extensions>
			</trkpt>
			<trkpt lat="46.2589847711" lon="8.6751193193">
				<ele>663.7</ele>
				<time>1970-01-01T01:00:00+01:00</time>
				<extensions>
					<swisstopo:routepoint_id>1671178606</swisstopo:routepoint_id>
				</extensions>
			</trkpt>
			<trkpt lat="46.2590094130" lon="8.6751524892">
				<ele>663.4</ele>
				<time>1970-01-01T01:00:00+01:00</time>
				<extensions>
					<swisstopo:routepoint_id>1320500141</swisstopo:routepoint_id>
				</extensions>
			</trkpt>
			<trkpt lat="46.2590330581" lon="8.6751667380">
				<ele>663.0</ele>
				<time>1970-01-01T01:00:00+01:00</time>
				<extensions>
					<swisstopo:routepoint_id>1325954124</swisstopo:routepoint_id>
				</extensions>
			</trkpt>
			<trkpt lat="46.2590648424" lon="8.6751983539">
				<ele>662.3</ele>
				<time>1970-01-01T01:00:00+01:00</time>
				<extensions>
					<swisstopo:routepoint_id>610279499</swisstopo:routepoint_id>
				</extensions>
			</trkpt>
			<trkpt lat="46.2590833141" lon="8.6752502443">
				<ele>661.2</ele>
				<time>1970-01-01T01:00:00+01:00</time>
				<extensions>
					<swisstopo:routepoint_id>194146419</swisstopo:routepoint_id>
				</extensions>
			</trkpt>
			<trkpt lat="46.2590862790" lon="8.6753069504">
				<ele>660.5</ele>
				<time>1970-01-01T01:00:00+01:00</time>
				<extensions>
					<swisstopo:routepoint_id>1831582361</swisstopo:routepoint_id>
				</extensions>
			</trkpt>
			<trkpt lat="46.2590846068" lon="8.6753498079">
				<ele>659.8</ele>
				<time>1970-01-01T01:00:00+01:00</time>
				<extensions>
					<swisstopo:routepoint_id>430489338</swisstopo:routepoint_id>
				</extensions>
			</trkpt>
			<trkpt lat="46.2590871317" lon="8.6754459478">
				<ele>658.5</ele>
				<time>1970-01-01T01:00:00+01:00</time>
				<extensions>
					<swisstopo:routepoint_id>2047662083</swisstopo:routepoint_id>
				</extensions>
			</trkpt>
			<trkpt lat="46.2590991503" lon="8.6755440325">
				<ele>657.4</ele>
				<time>1970-01-01T01:00:00+01:00</time>
				<extensions>
					<swisstopo:routepoint_id>1282011432</swisstopo:routepoint_id>
				</extensions>
			</trkpt>
			<trkpt lat="46.2591266931" lon="8.6756373211">
				<ele>655.9</ele>
				<time>1970-01-01T01:00:00+01:00</time>
				<extensions>
					<swisstopo:routepoint_id>1984027734</swisstopo:routepoint_id>
				</extensions>
			</trkpt>
			<trkpt lat="46.2591568502" lon="8.6757100733">
				<ele>654.5</ele>
				<time>1970-01-01T01:00:00+01:00</time>
				<extensions>
					<swisstopo:routepoint_id>1907829852</swisstopo:routepoint_id>
				</extensions>
			</trkpt>
			<trkpt lat="46.2591845484" lon="8.6757618190">
				<ele>653.5</ele>
				<time>1970-01-01T01:00:00+01:00</time>
				<extensions>
					<swisstopo:routepoint_id>2082067508</swisstopo:routepoint_id>
				</extensions>
			</trkpt>
			<trkpt lat="46.2592077358" lon="8.6757560571">
				<ele>653.0</ele>
				<time>1970-01-01T01:00:00+01:00</time>
				<extensions>
					<swisstopo:routepoint_id>1783360053</swisstopo:routepoint_id>
				</extensions>
			</trkpt>
			<trkpt lat="46.2592345533" lon="8.6758071875">
				<ele>652.1</ele>
				<time>1970-01-01T01:00:00+01:00</time>
				<extensions>
					<swisstopo:routepoint_id>1077331244</swisstopo:routepoint_id>
				</extensions>
			</trkpt>
			<trkpt lat="46.2592944952" lon="8.6758718200">
				<ele>649.9</ele>
				<time>1970-01-01T01:00:00+01:00</time>
				<extensions>
					<swisstopo:routepoint_id>779804310</swisstopo:routepoint_id>
				</extensions>
			</trkpt>
			<trkpt lat="46.2593300552" lon="8.6759020087">
				<ele>647.8</ele>
				<time>1970-01-01T01:00:00+01:00</time>
				<extensions>
					<swisstopo:routepoint_id>372777898</swisstopo:routepoint_id>
				</extensions>
			</trkpt>
			<trkpt lat="46.2593590126" lon="8.6758988669">
				<ele>646.8</ele>
				<time>1970-01-01T01:00:00+01:00</time>
				<extensions>
					<swisstopo:routepoint_id>268965960</swisstopo:routepoint_id>
				</extensions>
			</trkpt>
			<trkpt lat="46.2593716041" lon="8.6758746368">
				<ele>646.0</ele>
				<time>1970-01-01T01:00:00+01:00</time>
				<extensions>
					<swisstopo:routepoint_id>1132404272</swisstopo:routepoint_id>
				</extensions>
			</trkpt>
			<trkpt lat="46.2593984523" lon="8.6758185131">
				<ele>644.5</ele>
				<time>1970-01-01T01:00:00+01:00</time>
				<extensions>
					<swisstopo:routepoint_id>676966069</swisstopo:routepoint_id>
				</extensions>
			</trkpt>
			<trkpt lat="46.2594050180" lon="8.6757620296">
				<ele>642.9</ele>
				<time>1970-01-01T01:00:00+01:00</time>
				<extensions>
					<swisstopo:routepoint_id>1029788464</swisstopo:routepoint_id>
				</extensions>
			</trkpt>
			<trkpt lat="46.2594175475" lon="8.6757057006">
				<ele>642.0</ele>
				<time>1970-01-01T01:00:00+01:00</time>
				<extensions>
					<swisstopo:routepoint_id>1072220311</swisstopo:routepoint_id>
				</extensions>
			</trkpt>
			<trkpt lat="46.2594420307" lon="8.6757525728">
				<ele>640.0</ele>
				<time>1970-01-01T01:00:00+01:00</time>
				<extensions>
					<swisstopo:routepoint_id>1561520143</swisstopo:routepoint_id>
				</extensions>
			</trkpt>
			<trkpt lat="46.2594632013" lon="8.6757753664">
				<ele>639.0</ele>
				<time>1970-01-01T01:00:00+01:00</time>
				<extensions>
					<swisstopo:routepoint_id>853726386</swisstopo:routepoint_id>
				</extensions>
			</trkpt>
			<trkpt lat="46.2594892827" lon="8.6757845473">
				<ele>638.0</ele>
				<time>1970-01-01T01:00:00+01:00</time>
				<extensions>
					<swisstopo:routepoint_id>1407400734</swisstopo:routepoint_id>
				</extensions>
			</trkpt>
			<trkpt lat="46.2594991793" lon="8.6757504645">
				<ele>637.2</ele>
				<time>1970-01-01T01:00:00+01:00</time>
				<extensions>
					<swisstopo:routepoint_id>1587976907</swisstopo:routepoint_id>
				</extensions>
			</trkpt>
			<trkpt lat="46.2594973993" lon="8.6756955012">
				<ele>636.1</ele>
				<time>1970-01-01T01:00:00+01:00</time>
				<extensions>
					<swisstopo:routepoint_id>1370205761</swisstopo:routepoint_id>
				</extensions>
			</trkpt>
			<trkpt lat="46.2595237334" lon="8.6756823690">
				<ele>633.5</ele>
				<time>1970-01-01T01:00:00+01:00</time>
				<extensions>
					<swisstopo:routepoint_id>560375128</swisstopo:routepoint_id>
				</extensions>
			</trkpt>
			<trkpt lat="46.2595890777" lon="8.6756924486">
				<ele>628.8</ele>
				<time>1970-01-01T01:00:00+01:00</time>
				<extensions>
					<swisstopo:routepoint_id>284682802</swisstopo:routepoint_id>
				</extensions>
			</trkpt>
			<trkpt lat="46.2596341935" lon="8.6757020494">
				<ele>626.4</ele>
				<time>1970-01-01T01:00:00+01:00</time>
				<extensions>
					<swisstopo:routepoint_id>1440347611</swisstopo:routepoint_id>
				</extensions>
			</trkpt>
			<trkpt lat="46.2596590331" lon="8.6757163257">
				<ele>625.1</ele>
				<time>1970-01-01T01:00:00+01:00</time>
				<extensions>
					<swisstopo:routepoint_id>868271987</swisstopo:routepoint_id>
				</extensions>
			</trkpt>
			<trkpt lat="46.2596729112" lon="8.6757544134">
				<ele>624.5</ele>
				<time>1970-01-01T01:00:00+01:00</time>
				<extensions>
					<swisstopo:routepoint_id>171193618</swisstopo:routepoint_id>
				</extensions>
			</trkpt>
			<trkpt lat="46.2596853524" lon="8.6758130265">
				<ele>622.4</ele>
				<time>1970-01-01T01:00:00+01:00</time>
				<extensions>
					<swisstopo:routepoint_id>1060899106</swisstopo:routepoint_id>
				</extensions>
			</trkpt>
			<trkpt lat="46.2597027969" lon="8.6758511637">
				<ele>621.0</ele>
				<time>1970-01-01T01:00:00+01:00</time>
				<extensions>
					<swisstopo:routepoint_id>1126353721</swisstopo:routepoint_id>
				</extensions>
			</trkpt>
			<trkpt lat="46.2597346372" lon="8.6758776390">
				<ele>619.7</ele>
				<time>1970-01-01T01:00:00+01:00</time>
				<extensions>
					<swisstopo:routepoint_id>1641855411</swisstopo:routepoint_id>
				</extensions>
			</trkpt>
			<trkpt lat="46.2597570401" lon="8.6758970154">
				<ele>619.0</ele>
				<time>1970-01-01T01:00:00+01:00</time>
				<extensions>
					<swisstopo:routepoint_id>179790161</swisstopo:routepoint_id>
				</extensions>
			</trkpt>
			<trkpt lat="46.2597576819" lon="8.6759467850">
				<ele>618.0</ele>
				<time>1970-01-01T01:00:00+01:00</time>
				<extensions>
					<swisstopo:routepoint_id>293967984</swisstopo:routepoint_id>
				</extensions>
			</trkpt>
			<trkpt lat="46.2597390078" lon="8.6760218797">
				<ele>616.4</ele>
				<time>1970-01-01T01:00:00+01:00</time>
				<extensions>
					<swisstopo:routepoint_id>549570929</swisstopo:routepoint_id>
				</extensions>
			</trkpt>
			<trkpt lat="46.2596743839" lon="8.6761628291">
				<ele>612.8</ele>
				<time>1970-01-01T01:00:00+01:00</time>
				<extensions>
					<swisstopo:routepoint_id>593945252</swisstopo:routepoint_id>
				</extensions>
			</trkpt>
			<trkpt lat="46.2596090806" lon="8.6762574341">
				<ele>608.7</ele>
				<time>1970-01-01T01:00:00+01:00</time>
				<extensions>
					<swisstopo:routepoint_id>139832231</swisstopo:routepoint_id>
				</extensions>
			</trkpt>
			<trkpt lat="46.2595110085" lon="8.6764096429">
				<ele>602.1</ele>
				<time>1970-01-01T01:00:00+01:00</time>
				<extensions>
					<swisstopo:routepoint_id>1347427571</swisstopo:routepoint_id>
				</extensions>
			</trkpt>
			<trkpt lat="46.2594821371" lon="8.6765462553">
				<ele>593.3</ele>
				<time>1970-01-01T01:00:00+01:00</time>
				<extensions>
					<swisstopo:routepoint_id>200667681</swisstopo:routepoint_id>
				</extensions>
			</trkpt>
			<trkpt lat="46.2594589086" lon="8.6766023472">
				<ele>590.6</ele>
				<time>1970-01-01T01:00:00+01:00</time>
				<extensions>
					<swisstopo:routepoint_id>830498607</swisstopo:routepoint_id>
				</extensions>
			</trkpt>
			<trkpt lat="46.2593937740" lon="8.6766815144">
				<ele>587.6</ele>
				<time>1970-01-01T01:00:00+01:00</time>
				<extensions>
					<swisstopo:routepoint_id>1302263198</swisstopo:routepoint_id>
				</extensions>
			</trkpt>
			<trkpt lat="46.2593633467" lon="8.6767443140">
				<ele>584.5</ele>
				<time>1970-01-01T01:00:00+01:00</time>
				<extensions>
					<swisstopo:routepoint_id>1410582155</swisstopo:routepoint_id>
				</extensions>
			</trkpt>
			<trkpt lat="46.2593269653" lon="8.6768052554">
				<ele>582.0</ele>
				<time>1970-01-01T01:00:00+01:00</time>
				<extensions>
					<swisstopo:routepoint_id>808365284</swisstopo:routepoint_id>
				</extensions>
			</trkpt>
			<trkpt lat="46.2592599007" lon="8.6768431991">
				<ele>580.1</ele>
				<time>1970-01-01T01:00:00+01:00</time>
				<extensions>
					<swisstopo:routepoint_id>1794883685</swisstopo:routepoint_id>
				</extensions>
			</trkpt>
			<trkpt lat="46.2592473318" lon="8.6769046757">
				<ele>578.8</ele>
				<time>1970-01-01T01:00:00+01:00</time>
				<extensions>
					<swisstopo:routepoint_id>1843295476</swisstopo:routepoint_id>
				</extensions>
			</trkpt>
			<trkpt lat="46.2592042498" lon="8.6769260078">
				<ele>577.5</ele>
				<time>1970-01-01T01:00:00+01:00</time>
				<extensions>
					<swisstopo:routepoint_id>1386661143</swisstopo:routepoint_id>
				</extensions>
			</trkpt>
			<trkpt lat="46.2591522688" lon="8.6769986146">
				<ele>573.8</ele>
				<time>1970-01-01T01:00:00+01:00</time>
				<extensions>
					<swisstopo:routepoint_id>60183961</swisstopo:routepoint_id>
				</extensions>
			</trkpt>
			<trkpt lat="46.2590725512" lon="8.6771048977">
				<ele>569.6</ele>
				<time>1970-01-01T01:00:00+01:00</time>
				<extensions>
					<swisstopo:routepoint_id>1262929574</swisstopo:routepoint_id>
				</extensions>
			</trkpt>
			<trkpt lat="46.2590165156" lon="8.6772220300">
				<ele>565.6</ele>
				<time>1970-01-01T01:00:00+01:00</time>
				<extensions>
					<swisstopo:routepoint_id>176062078</swisstopo:routepoint_id>
				</extensions>
			</trkpt>
			<trkpt lat="46.2589726448" lon="8.6773154040">
				<ele>562.0</ele>
				<time>1970-01-01T01:00:00+01:00</time>
				<extensions>
					<swisstopo:routepoint_id>1812303225</swisstopo:routepoint_id>
				</extensions>
			</trkpt>
			<trkpt lat="46.2589565746" lon="8.6773716579">
				<ele>560.0</ele>
				<time>1970-01-01T01:00:00+01:00</time>
				<extensions>
					<swisstopo:routepoint_id>2121026884</swisstopo:routepoint_id>
				</extensions>
			</trkpt>
			<trkpt lat="46.2588349514" lon="8.6774993111">
				<ele>554.4</ele>
				<time>1970-01-01T01:00:00+01:00</time>
				<extensions>
					<swisstopo:routepoint_id>1631004273</swisstopo:routepoint_id>
				</extensions>
			</trkpt>
			<trkpt lat="46.2587369993" lon="8.6776412077">
				<ele>550.5</ele>
				<time>1970-01-01T01:00:00+01:00</time>
				<extensions>
					<swisstopo:routepoint_id>847025606</swisstopo:routepoint_id>
				</extensions>
			</trkpt>
			<trkpt lat="46.2586587762" lon="8.6777200747">
				<ele>547.3</ele>
				<time>1970-01-01T01:00:00+01:00</time>
				<extensions>
					<swisstopo:routepoint_id>1303294105</swisstopo:routepoint_id>
				</extensions>
			</trkpt>
			<trkpt lat="46.2585792835" lon="8.6778057651">
				<ele>542.1</ele>
				<time>1970-01-01T01:00:00+01:00</time>
				<extensions>
					<swisstopo:routepoint_id>2077341797</swisstopo:routepoint_id>
				</extensions>
			</trkpt>
			<trkpt lat="46.2585396559" lon="8.6778518049">
				<ele>540.4</ele>
				<time>1970-01-01T01:00:00+01:00</time>
				<extensions>
					<swisstopo:routepoint_id>1839586789</swisstopo:routepoint_id>
				</extensions>
			</trkpt>
			<trkpt lat="46.2584935575" lon="8.6778878112">
				<ele>539.2</ele>
				<time>1970-01-01T01:00:00+01:00</time>
				<extensions>
					<swisstopo:routepoint_id>113489183</swisstopo:routepoint_id>
				</extensions>
			</trkpt>
			<trkpt lat="46.2584511058" lon="8.6779390114">
				<ele>537.5</ele>
				<time>1970-01-01T01:00:00+01:00</time>
				<extensions>
					<swisstopo:routepoint_id>379448505</swisstopo:routepoint_id>
				</extensions>
			</trkpt>
			<trkpt lat="46.2584013020" lon="8.6780518122">
				<ele>534.1</ele>
				<time>1970-01-01T01:00:00+01:00</time>
				<extensions>
					<swisstopo:routepoint_id>1889401913</swisstopo:routepoint_id>
				</extensions>
			</trkpt>
			<trkpt lat="46.2583616448" lon="8.6781085605">
				<ele>532.3</ele>
				<time>1970-01-01T01:00:00+01:00</time>
				<extensions>
					<swisstopo:routepoint_id>676821855</swisstopo:routepoint_id>
				</extensions>
			</trkpt>
			<trkpt lat="46.2583438701" lon="8.6781671876">
				<ele>531.3</ele>
				<time>1970-01-01T01:00:00+01:00</time>
				<extensions>
					<swisstopo:routepoint_id>881108945</swisstopo:routepoint_id>
				</extensions>
			</trkpt>
			<trkpt lat="46.2583867982" lon="8.6781599257">
				<ele>529.8</ele>
				<time>1970-01-01T01:00:00+01:00</time>
				<extensions>
					<swisstopo:routepoint_id>832385737</swisstopo:routepoint_id>
				</extensions>
			</trkpt>
			<trkpt lat="46.2584382001" lon="8.6781610963">
				<ele>528.2</ele>
				<time>1970-01-01T01:00:00+01:00</time>
				<extensions>
					<swisstopo:routepoint_id>1092284482</swisstopo:routepoint_id>
				</extensions>
			</trkpt>
			<trkpt lat="46.2584409045" lon="8.6781748820">
				<ele>528.0</ele>
				<time>1970-01-01T01:00:00+01:00</time>
				<extensions>
					<swisstopo:routepoint_id>1733328556</swisstopo:routepoint_id>
				</extensions>
			</trkpt>
			<trkpt lat="46.2584000492" lon="8.6782535729">
				<ele>526.3</ele>
				<time>1970-01-01T01:00:00+01:00</time>
				<extensions>
					<swisstopo:routepoint_id>154135753</swisstopo:routepoint_id>
				</extensions>
			</trkpt>
			<trkpt lat="46.2583535146" lon="8.6783293794">
				<ele>524.6</ele>
				<time>1970-01-01T01:00:00+01:00</time>
				<extensions>
					<swisstopo:routepoint_id>1349627005</swisstopo:routepoint_id>
				</extensions>
			</trkpt>
			<trkpt lat="46.2583233699" lon="8.6783863441">
				<ele>523.2</ele>
				<time>1970-01-01T01:00:00+01:00</time>
				<extensions>
					<swisstopo:routepoint_id>393277571</swisstopo:routepoint_id>
				</extensions>
			</trkpt>
			<trkpt lat="46.2582874106" lon="8.6784527901">
				<ele>521.5</ele>
				<time>1970-01-01T01:00:00+01:00</time>
				<extensions>
					<swisstopo:routepoint_id>1456817271</swisstopo:routepoint_id>
				</extensions>
			</trkpt>
			<trkpt lat="46.2582506315" lon="8.6785082483">
				<ele>521.4</ele>
				<time>1970-01-01T01:00:00+01:00</time>
				<extensions>
					<swisstopo:routepoint_id>45164373</swisstopo:routepoint_id>
				</extensions>
			</trkpt>
			<trkpt lat="46.2582083161" lon="8.6786335621">
				<ele>520.0</ele>
				<time>1970-01-01T01:00:00+01:00</time>
				<extensions>
					<swisstopo:routepoint_id>937569174</swisstopo:routepoint_id>
				</extensions>
			</trkpt>
			<trkpt lat="46.2581964170" lon="8.6787636917">
				<ele>519.0</ele>
				<time>1970-01-01T01:00:00+01:00</time>
				<extensions>
					<swisstopo:routepoint_id>22133323</swisstopo:routepoint_id>
				</extensions>
			</trkpt>
			<trkpt lat="46.2581992574" lon="8.6788516233">
				<ele>517.7</ele>
				<time>1970-01-01T01:00:00+01:00</time>
				<extensions>
					<swisstopo:routepoint_id>1654863161</swisstopo:routepoint_id>
				</extensions>
			</trkpt>
			<trkpt lat="46.2582138406" lon="8.6788244948">
				<ele>517.2</ele>
				<time>1970-01-01T01:00:00+01:00</time>
				<extensions>
					<swisstopo:routepoint_id>1714770326</swisstopo:routepoint_id>
				</extensions>
			</trkpt>
			<trkpt lat="46.2582315191" lon="8.6787754796">
				<ele>516.0</ele>
				<time>1970-01-01T01:00:00+01:00</time>
				<extensions>
					<swisstopo:routepoint_id>1569187789</swisstopo:routepoint_id>
				</extensions>
			</trkpt>
			<trkpt lat="46.2582571350" lon="8.6786964485">
				<ele>514.5</ele>
				<time>1970-01-01T01:00:00+01:00</time>
				<extensions>
					<swisstopo:routepoint_id>1734699724</swisstopo:routepoint_id>
				</extensions>
			</trkpt>
			<trkpt lat="46.2582747294" lon="8.6786542965">
				<ele>514.2</ele>
				<time>1970-01-01T01:00:00+01:00</time>
				<extensions>
					<swisstopo:routepoint_id>580365902</swisstopo:routepoint_id>
				</extensions>
			</trkpt>
			<trkpt lat="46.2582949254" lon="8.6786369096">
				<ele>513.9</ele>
				<time>1970-01-01T01:00:00+01:00</time>
				<extensions>
					<swisstopo:routepoint_id>1210599065</swisstopo:routepoint_id>
				</extensions>
			</trkpt>
			<trkpt lat="46.2583011409" lon="8.6786782297">
				<ele>512.9</ele>
				<time>1970-01-01T01:00:00+01:00</time>
				<extensions>
					<swisstopo:routepoint_id>395364383</swisstopo:routepoint_id>
				</extensions>
			</trkpt>
			<trkpt lat="46.2583107244" lon="8.6788459237">
				<ele>509.1</ele>
				<time>1970-01-01T01:00:00+01:00</time>
				<extensions>
					<swisstopo:routepoint_id>1289386338</swisstopo:routepoint_id>
				</extensions>
			</trkpt>
			<trkpt lat="46.2583138658" lon="8.6789063888">
				<ele>508.6</ele>
				<time>1970-01-01T01:00:00+01:00</time>
				<extensions>
					<swisstopo:routepoint_id>692541452</swisstopo:routepoint_id>
				</extensions>
			</trkpt>
			<trkpt lat="46.2583315451" lon="8.6789438600">
				<ele>508.1</ele>
				<time>1970-01-01T01:00:00+01:00</time>
				<extensions>
					<swisstopo:routepoint_id>965277619</swisstopo:routepoint_id>
				</extensions>
			</trkpt>
			<trkpt lat="46.2583482005" lon="8.6789881668">
				<ele>507.4</ele>
				<time>1970-01-01T01:00:00+01:00</time>
				<extensions>
					<swisstopo:routepoint_id>817732778</swisstopo:routepoint_id>
				</extensions>
			</trkpt>
			<trkpt lat="46.2583600201" lon="8.6790392160">
				<ele>506.3</ele>
				<time>1970-01-01T01:00:00+01:00</time>
				<extensions>
					<swisstopo:routepoint_id>1701146124</swisstopo:routepoint_id>
				</extensions>
			</trkpt>
			<trkpt lat="46.2583471774" lon="8.6790814825">
				<ele>505.3</ele>
				<time>1970-01-01T01:00:00+01:00</time>
				<extensions>
					<swisstopo:routepoint_id>1154922465</swisstopo:routepoint_id>
				</extensions>
			</trkpt>
			<trkpt lat="46.2583126115" lon="8.6791081493">
				<ele>504.4</ele>
				<time>1970-01-01T01:00:00+01:00</time>
				<extensions>
					<swisstopo:routepoint_id>1189804922</swisstopo:routepoint_id>
				</extensions>
			</trkpt>
			<trkpt lat="46.2583000849" lon="8.6791215879">
				<ele>504.4</ele>
				<time>1970-01-01T01:00:00+01:00</time>
				<extensions>
					<swisstopo:routepoint_id>1697893292</swisstopo:routepoint_id>
				</extensions>
			</trkpt>
			<trkpt lat="46.2583313748" lon="8.6791332891">
				<ele>503.4</ele>
				<time>1970-01-01T01:00:00+01:00</time>
				<extensions>
					<swisstopo:routepoint_id>2097668523</swisstopo:routepoint_id>
				</extensions>
			</trkpt>
			<trkpt lat="46.2583824306" lon="8.6791660239">
				<ele>501.5</ele>
				<time>1970-01-01T01:00:00+01:00</time>
				<extensions>
					<swisstopo:routepoint_id>1584150976</swisstopo:routepoint_id>
				</extensions>
			</trkpt>
			<trkpt lat="46.2584356483" lon="8.6791754700">
				<ele>500.0</ele>
				<time>1970-01-01T01:00:00+01:00</time>
				<extensions>
					<swisstopo:routepoint_id>1645823207</swisstopo:routepoint_id>
				</extensions>
			</trkpt>
			<trkpt lat="46.2584776729" lon="8.6791640781">
				<ele>498.7</ele>
				<time>1970-01-01T01:00:00+01:00</time>
				<extensions>
					<swisstopo:routepoint_id>1057016176</swisstopo:routepoint_id>
				</extensions>
			</trkpt>
			<trkpt lat="46.2585082011" lon="8.6791579023">
				<ele>497.9</ele>
				<time>1970-01-01T01:00:00+01:00</time>
				<extensions>
					<swisstopo:routepoint_id>1732021021</swisstopo:routepoint_id>
				</extensions>
			</trkpt>
			<trkpt lat="46.2585175570" lon="8.6791732267">
				<ele>497.4</ele>
				<time>1970-01-01T01:00:00+01:00</time>
				<extensions>
					<swisstopo:routepoint_id>1295264037</swisstopo:routepoint_id>
				</extensions>
			</trkpt>
			<trkpt lat="46.2585200054" lon="8.6792103383">
				<ele>496.7</ele>
				<time>1970-01-01T01:00:00+01:00</time>
				<extensions>
					<swisstopo:routepoint_id>678249983</swisstopo:routepoint_id>
				</extensions>
			</trkpt>
			<trkpt lat="46.2585445922" lon="8.6792259971">
				<ele>495.9</ele>
				<time>1970-01-01T01:00:00+01:00</time>
				<extensions>
					<swisstopo:routepoint_id>1890141124</swisstopo:routepoint_id>
				</extensions>
			</trkpt>
			<trkpt lat="46.2585799501" lon="8.6792144532">
				<ele>495.0</ele>
				<time>1970-01-01T01:00:00+01:00</time>
				<extensions>
					<swisstopo:routepoint_id>1340050985</swisstopo:routepoint_id>
				</extensions>
			</trkpt>
			<trkpt lat="46.2586228243" lon="8.6792113075">
				<ele>493.6</ele>
				<time>1970-01-01T01:00:00+01:00</time>
				<extensions>
					<swisstopo:routepoint_id>844802130</swisstopo:routepoint_id>
				</extensions>
			</trkpt>
			<trkpt lat="46.2586577007" lon="8.6792436737">
				<ele>492.5</ele>
				<time>1970-01-01T01:00:00+01:00</time>
				<extensions>
					<swisstopo:routepoint_id>1304462632</swisstopo:routepoint_id>
				</extensions>
			</trkpt>
			<trkpt lat="46.2586801556" lon="8.6792798798">
				<ele>491.5</ele>
				<time>1970-01-01T01:00:00+01:00</time>
				<extensions>
					<swisstopo:routepoint_id>1603192045</swisstopo:routepoint_id>
				</extensions>
			</trkpt>
			<trkpt lat="46.2587177299" lon="8.6793274061">
				<ele>490.4</ele>
				<time>1970-01-01T01:00:00+01:00</time>
				<extensions>
					<swisstopo:routepoint_id>1434683948</swisstopo:routepoint_id>
				</extensions>
			</trkpt>
			<trkpt lat="46.2587278990" lon="8.6793550926">
				<ele>489.8</ele>
				<time>1970-01-01T01:00:00+01:00</time>
				<extensions>
					<swisstopo:routepoint_id>537784860</swisstopo:routepoint_id>
				</extensions>
			</trkpt>
			<trkpt lat="46.2587396128" lon="8.6794157664">
				<ele>488.4</ele>
				<time>1970-01-01T01:00:00+01:00</time>
				<extensions>
					<swisstopo:routepoint_id>1370282495</swisstopo:routepoint_id>
				</extensions>
			</trkpt>
			<trkpt lat="46.2587534197" lon="8.6794586344">
				<ele>487.3</ele>
				<time>1970-01-01T01:00:00+01:00</time>
				<extensions>
					<swisstopo:routepoint_id>600429182</swisstopo:routepoint_id>
				</extensions>
			</trkpt>
			<trkpt lat="46.2587551302" lon="8.6794765079">
				<ele>487.0</ele>
				<time>1970-01-01T01:00:00+01:00</time>
				<extensions>
					<swisstopo:routepoint_id>2067647084</swisstopo:routepoint_id>
				</extensions>
			</trkpt>
			<trkpt lat="46.2587535104" lon="8.6795368777">
				<ele>485.5</ele>
				<time>1970-01-01T01:00:00+01:00</time>
				<extensions>
					<swisstopo:routepoint_id>1134404424</swisstopo:routepoint_id>
				</extensions>
			</trkpt>
			<trkpt lat="46.2587488190" lon="8.6796177606">
				<ele>483.8</ele>
				<time>1970-01-01T01:00:00+01:00</time>
				<extensions>
					<swisstopo:routepoint_id>358588723</swisstopo:routepoint_id>
				</extensions>
			</trkpt>
			<trkpt lat="46.2587351479" lon="8.6796490265">
				<ele>483.0</ele>
				<time>1970-01-01T01:00:00+01:00</time>
				<extensions>
					<swisstopo:routepoint_id>1339335341</swisstopo:routepoint_id>
				</extensions>
			</trkpt>
			<trkpt lat="46.2587159094" lon="8.6796664223">
				<ele>482.5</ele>
				<time>1970-01-01T01:00:00+01:00</time>
				<extensions>
					<swisstopo:routepoint_id>1438463212</swisstopo:routepoint_id>
				</extensions>
			</trkpt>
			<trkpt lat="46.2586909550" lon="8.6796850811">
				<ele>481.9</ele>
				<time>1970-01-01T01:00:00+01:00</time>
				<extensions>
					<swisstopo:routepoint_id>518057613</swisstopo:routepoint_id>
				</extensions>
			</trkpt>
			<trkpt lat="46.2586678828" lon="8.6797051508">
				<ele>481.4</ele>
				<time>1970-01-01T01:00:00+01:00</time>
				<extensions>
					<swisstopo:routepoint_id>1577570412</swisstopo:routepoint_id>
				</extensions>
			</trkpt>
			<trkpt lat="46.2586380387" lon="8.6797346609">
				<ele>480.3</ele>
				<time>1970-01-01T01:00:00+01:00</time>
				<extensions>
					<swisstopo:routepoint_id>471653559</swisstopo:routepoint_id>
				</extensions>
			</trkpt>
			<trkpt lat="46.2586312514" lon="8.6797454944">
				<ele>479.9</ele>
				<time>1970-01-01T01:00:00+01:00</time>
				<extensions>
					<swisstopo:routepoint_id>1138878976</swisstopo:routepoint_id>
				</extensions>
			</trkpt>
			<trkpt lat="46.2586396198" lon="8.6797635197">
				<ele>479.5</ele>
				<time>1970-01-01T01:00:00+01:00</time>
				<extensions>
					<swisstopo:routepoint_id>1957838802</swisstopo:routepoint_id>
				</extensions>
			</trkpt>
			<trkpt lat="46.2586594695" lon="8.6797777091">
				<ele>478.6</ele>
				<time>1970-01-01T01:00:00+01:00</time>
				<extensions>
					<swisstopo:routepoint_id>1775411504</swisstopo:routepoint_id>
				</extensions>
			</trkpt>
			<trkpt lat="46.2586592136" lon="8.6798010350">
				<ele>478.1</ele>
				<time>1970-01-01T01:00:00+01:00</time>
				<extensions>
					<swisstopo:routepoint_id>3252831</swisstopo:routepoint_id>
				</extensions>
			</trkpt>
			<trkpt lat="46.2586408032" lon="8.6798294379">
				<ele>477.4</ele>
				<time>1970-01-01T01:00:00+01:00</time>
				<extensions>
					<swisstopo:routepoint_id>1204737589</swisstopo:routepoint_id>
				</extensions>
			</trkpt>
			<trkpt lat="46.2585593611" lon="8.6798756373">
				<ele>474.5</ele>
				<time>1970-01-01T01:00:00+01:00</time>
				<extensions>
					<swisstopo:routepoint_id>1753137594</swisstopo:routepoint_id>
				</extensions>
			</trkpt>
			<trkpt lat="46.2584874344" lon="8.6799234153">
				<ele>472.2</ele>
				<time>1970-01-01T01:00:00+01:00</time>
				<extensions>
					<swisstopo:routepoint_id>52070085</swisstopo:routepoint_id>
				</extensions>
			</trkpt>
			<trkpt lat="46.2584260958" lon="8.6799590721">
				<ele>470.7</ele>
				<time>1970-01-01T01:00:00+01:00</time>
				<extensions>
					<swisstopo:routepoint_id>1040652347</swisstopo:routepoint_id>
				</extensions>
			</trkpt>
			<trkpt lat="46.2583808186" lon="8.6800074577">
				<ele>469.0</ele>
				<time>1970-01-01T01:00:00+01:00</time>
				<extensions>
					<swisstopo:routepoint_id>1999613602</swisstopo:routepoint_id>
				</extensions>
			</trkpt>
			<trkpt lat="46.2583054560" lon="8.6801073237">
				<ele>465.9</ele>
				<time>1970-01-01T01:00:00+01:00</time>
				<extensions>
					<swisstopo:routepoint_id>350559170</swisstopo:routepoint_id>
				</extensions>
			</trkpt>
			<trkpt lat="46.2582647976" lon="8.6801431290">
				<ele>464.6</ele>
				<time>1970-01-01T01:00:00+01:00</time>
				<extensions>
					<swisstopo:routepoint_id>378766193</swisstopo:routepoint_id>
				</extensions>
			</trkpt>
			<trkpt lat="46.2582387382" lon="8.6801663981">
				<ele>463.7</ele>
				<time>1970-01-01T01:00:00+01:00</time>
				<extensions>
					<swisstopo:routepoint_id>1989363545</swisstopo:routepoint_id>
				</extensions>
			</trkpt>
			<trkpt lat="46.2582060199" lon="8.6802536453">
				<ele>460.8</ele>
				<time>1970-01-01T01:00:00+01:00</time>
				<extensions>
					<swisstopo:routepoint_id>2102696700</swisstopo:routepoint_id>
				</extensions>
			</trkpt>
			<trkpt lat="46.2581885849" lon="8.6803052306">
				<ele>458.9</ele>
				<time>1970-01-01T01:00:00+01:00</time>
				<extensions>
					<swisstopo:routepoint_id>1980931501</swisstopo:routepoint_id>
				</extensions>
			</trkpt>
			<trkpt lat="46.2581235192" lon="8.6804235007">
				<ele>456.2</ele>
				<time>1970-01-01T01:00:00+01:00</time>
				<extensions>
					<swisstopo:routepoint_id>585678492</swisstopo:routepoint_id>
				</extensions>
			</trkpt>
			<trkpt lat="46.2580934633" lon="8.6805115050">
				<ele>454.4</ele>
				<time>1970-01-01T01:00:00+01:00</time>
				<extensions>
					<swisstopo:routepoint_id>1884342587</swisstopo:routepoint_id>
				</extensions>
			</trkpt>
			<trkpt lat="46.2580986816" lon="8.6805259561">
				<ele>453.3</ele>
				<time>1970-01-01T01:00:00+01:00</time>
				<extensions>
					<swisstopo:routepoint_id>1557601829</swisstopo:routepoint_id>
				</extensions>
			</trkpt>
			<trkpt lat="46.2581664433" lon="8.6804942592">
				<ele>451.6</ele>
				<time>1970-01-01T01:00:00+01:00</time>
				<extensions>
					<swisstopo:routepoint_id>766677772</swisstopo:routepoint_id>
				</extensions>
			</trkpt>
			<trkpt lat="46.2581906808" lon="8.6804912973">
				<ele>451.0</ele>
				<time>1970-01-01T01:00:00+01:00</time>
				<extensions>
					<swisstopo:routepoint_id>232909550</swisstopo:routepoint_id>
				</extensions>
			</trkpt>
			<trkpt lat="46.2581940252" lon="8.6805307915">
				<ele>449.6</ele>
				<time>1970-01-01T01:00:00+01:00</time>
				<extensions>
					<swisstopo:routepoint_id>834254766</swisstopo:routepoint_id>
				</extensions>
			</trkpt>
			<trkpt lat="46.2581470967" lon="8.6806711538">
				<ele>445.8</ele>
				<time>1970-01-01T01:00:00+01:00</time>
				<extensions>
					<swisstopo:routepoint_id>617621423</swisstopo:routepoint_id>
				</extensions>
			</trkpt>
			<trkpt lat="46.2581084560" lon="8.6807720338">
				<ele>443.0</ele>
				<time>1970-01-01T01:00:00+01:00</time>
				<extensions>
					<swisstopo:routepoint_id>235878071</swisstopo:routepoint_id>
				</extensions>
			</trkpt>
			<trkpt lat="46.2580263221" lon="8.6809092172">
				<ele>438.3</ele>
				<time>1970-01-01T01:00:00+01:00</time>
				<extensions>
					<swisstopo:routepoint_id>241840458</swisstopo:routepoint_id>
				</extensions>
			</trkpt>
			<trkpt lat="46.2579739072" lon="8.6809602886">
				<ele>436.2</ele>
				<time>1970-01-01T01:00:00+01:00</time>
				<extensions>
					<swisstopo:routepoint_id>728311743</swisstopo:routepoint_id>
				</extensions>
			</trkpt>
			<trkpt lat="46.2579269706" lon="8.6810197371">
				<ele>434.4</ele>
				<time>1970-01-01T01:00:00+01:00</time>
				<extensions>
					<swisstopo:routepoint_id>1843424859</swisstopo:routepoint_id>
				</extensions>
			</trkpt>
			<trkpt lat="46.2579086002" lon="8.6810860631">
				<ele>433.5</ele>
				<time>1970-01-01T01:00:00+01:00</time>
				<extensions>
					<swisstopo:routepoint_id>1988014758</swisstopo:routepoint_id>
				</extensions>
			</trkpt>
			<trkpt lat="46.2579157031" lon="8.6812473032">
				<ele>430.9</ele>
				<time>1970-01-01T01:00:00+01:00</time>
				<extensions>
					<swisstopo:routepoint_id>1909248577</swisstopo:routepoint_id>
				</extensions>
			</trkpt>
			<trkpt lat="46.2579302234" lon="8.6813043420">
				<ele>429.5</ele>
				<time>1970-01-01T01:00:00+01:00</time>
				<extensions>
					<swisstopo:routepoint_id>966809653</swisstopo:routepoint_id>
				</extensions>
			</trkpt>
			<trkpt lat="46.2579648032" lon="8.6813644481">
				<ele>427.5</ele>
				<time>1970-01-01T01:00:00+01:00</time>
				<extensions>
					<swisstopo:routepoint_id>1526662284</swisstopo:routepoint_id>
				</extensions>
			</trkpt>
			<trkpt lat="46.2580199367" lon="8.6814330223">
				<ele>425.5</ele>
				<time>1970-01-01T01:00:00+01:00</time>
				<extensions>
					<swisstopo:routepoint_id>1767215257</swisstopo:routepoint_id>
				</extensions>
			</trkpt>
			<trkpt lat="46.2579787905" lon="8.6816051560">
				<ele>421.8</ele>
				<time>1970-01-01T01:00:00+01:00</time>
				<extensions>
					<swisstopo:routepoint_id>843725703</swisstopo:routepoint_id>
				</extensions>
			</trkpt>
			<trkpt lat="46.2579311553" lon="8.6817433474">
				<ele>418.6</ele>
				<time>1970-01-01T01:00:00+01:00</time>
				<extensions>
					<swisstopo:routepoint_id>1135626145</swisstopo:routepoint_id>
				</extensions>
			</trkpt>
			<trkpt lat="46.2579283036" lon="8.6817861896">
				<ele>418.0</ele>
				<time>1970-01-01T01:00:00+01:00</time>
				<extensions>
					<swisstopo:routepoint_id>753101213</swisstopo:routepoint_id>
				</extensions>
			</trkpt>
			<trkpt lat="46.2579005091" lon="8.6818250104">
				<ele>417.1</ele>
				<time>1970-01-01T01:00:00+01:00</time>
				<extensions>
					<swisstopo:routepoint_id>22273910</swisstopo:routepoint_id>
				</extensions>
			</trkpt>
			<trkpt lat="46.2578644542" lon="8.6818567901">
				<ele>416.2</ele>
				<time>1970-01-01T01:00:00+01:00</time>
				<extensions>
					<swisstopo:routepoint_id>2098666394</swisstopo:routepoint_id>
				</extensions>
			</trkpt>
			<trkpt lat="46.2578467085" lon="8.6819181901">
				<ele>415.1</ele>
				<time>1970-01-01T01:00:00+01:00</time>
				<extensions>
					<swisstopo:routepoint_id>164085242</swisstopo:routepoint_id>
				</extensions>
			</trkpt>
			<trkpt lat="46.2578200361" lon="8.6820068025">
				<ele>413.1</ele>
				<time>1970-01-01T01:00:00+01:00</time>
				<extensions>
					<swisstopo:routepoint_id>1901007639</swisstopo:routepoint_id>
				</extensions>
			</trkpt>
			<trkpt lat="46.2577767546" lon="8.6821692916">
				<ele>409.6</ele>
				<time>1970-01-01T01:00:00+01:00</time>
				<extensions>
					<swisstopo:routepoint_id>1848994562</swisstopo:routepoint_id>
				</extensions>
			</trkpt>
			<trkpt lat="46.2577423557" lon="8.6823533325">
				<ele>405.9</ele>
				<time>1970-01-01T01:00:00+01:00</time>
				<extensions>
					<swisstopo:routepoint_id>661886154</swisstopo:routepoint_id>
				</extensions>
			</trkpt>
			<trkpt lat="46.2577492683" lon="8.6824821676">
				<ele>404.2</ele>
				<time>1970-01-01T01:00:00+01:00</time>
				<extensions>
					<swisstopo:routepoint_id>10250057</swisstopo:routepoint_id>
				</extensions>
			</trkpt>
			<trkpt lat="46.2577431583" lon="8.6826055751">
				<ele>402.3</ele>
				<time>1970-01-01T01:00:00+01:00</time>
				<extensions>
					<swisstopo:routepoint_id>395346118</swisstopo:routepoint_id>
				</extensions>
			</trkpt>
			<trkpt lat="46.2577435330" lon="8.6826793713">
				<ele>401.5</ele>
				<time>1970-01-01T01:00:00+01:00</time>
				<extensions>
					<swisstopo:routepoint_id>545318339</swisstopo:routepoint_id>
				</extensions>
			</trkpt>
			<trkpt lat="46.2577514173" lon="8.6827190071">
				<ele>401.4</ele>
				<time>1970-01-01T01:00:00+01:00</time>
				<extensions>
					<swisstopo:routepoint_id>1403685053</swisstopo:routepoint_id>
				</extensions>
			</trkpt>
			<trkpt lat="46.2577535235" lon="8.6827447995">
				<ele>401.4</ele>
				<time>1970-01-01T01:00:00+01:00</time>
				<extensions>
					<swisstopo:routepoint_id>218354112</swisstopo:routepoint_id>
				</extensions>
			</trkpt>
			<trkpt lat="46.2577462127" lon="8.6827600663">
				<ele>401.3</ele>
				<time>1970-01-01T01:00:00+01:00</time>
				<extensions>
					<swisstopo:routepoint_id>423329672</swisstopo:routepoint_id>
				</extensions>
			</trkpt>
			<trkpt lat="46.2577706852" lon="8.6827655030">
				<ele>401.4</ele>
				<time>1970-01-01T01:00:00+01:00</time>
				<extensions>
					<swisstopo:routepoint_id>1966484367</swisstopo:routepoint_id>
				</extensions>
			</trkpt>
			<trkpt lat="46.2577897171" lon="8.6827659373">
				<ele>401.5</ele>
				<time>1970-01-01T01:00:00+01:00</time>
				<extensions>
					<swisstopo:routepoint_id>1651433037</swisstopo:routepoint_id>
				</extensions>
			</trkpt>
			<trkpt lat="46.2577833526" lon="8.6828129002">
				<ele>401.1</ele>
				<time>1970-01-01T01:00:00+01:00</time>
				<extensions>
					<swisstopo:routepoint_id>723347063</swisstopo:routepoint_id>
				</extensions>
			</trkpt>
			<trkpt lat="46.2577761219" lon="8.6828355628">
				<ele>400.5</ele>
				<time>1970-01-01T01:00:00+01:00</time>
				<extensions>
					<swisstopo:routepoint_id>149056349</swisstopo:routepoint_id>
				</extensions>
			</trkpt>
			<trkpt lat="46.2577582176" lon="8.6828602123">
				<ele>399.7</ele>
				<time>1970-01-01T01:00:00+01:00</time>
				<extensions>
					<swisstopo:routepoint_id>2144515126</swisstopo:routepoint_id>
				</extensions>
			</trkpt>
			<trkpt lat="46.2577386754" lon="8.6828995845">
				<ele>399.1</ele>
				<time>1970-01-01T01:00:00+01:00</time>
				<extensions>
					<swisstopo:routepoint_id>592414308</swisstopo:routepoint_id>
				</extensions>
			</trkpt>
			<trkpt lat="46.2577330862" lon="8.6829406507">
				<ele>398.7</ele>
				<time>1970-01-01T01:00:00+01:00</time>
				<extensions>
					<swisstopo:routepoint_id>2036793328</swisstopo:routepoint_id>
				</extensions>
			</trkpt>
			<trkpt lat="46.2577351949" lon="8.6829845774">
				<ele>397.7</ele>
				<time>1970-01-01T01:00:00+01:00</time>
				<extensions>
					<swisstopo:routepoint_id>539936860</swisstopo:routepoint_id>
				</extensions>
			</trkpt>
			<trkpt lat="46.2577253720" lon="8.6830089698">
				<ele>397.0</ele>
				<time>1970-01-01T01:00:00+01:00</time>
				<extensions>
					<swisstopo:routepoint_id>401309348</swisstopo:routepoint_id>
				</extensions>
			</trkpt>
			<trkpt lat="46.2576961840" lon="8.6830566300">
				<ele>395.7</ele>
				<time>1970-01-01T01:00:00+01:00</time>
				<extensions>
					<swisstopo:routepoint_id>966546814</swisstopo:routepoint_id>
				</extensions>
			</trkpt>
			<trkpt lat="46.2576807048" lon="8.6830897396">
				<ele>394.9</ele>
				<time>1970-01-01T01:00:00+01:00</time>
				<extensions>
					<swisstopo:routepoint_id>876615206</swisstopo:routepoint_id>
				</extensions>
			</trkpt>
			<trkpt lat="46.2576127635" lon="8.6832065788">
				<ele>392.2</ele>
				<time>1970-01-01T01:00:00+01:00</time>
				<extensions>
					<swisstopo:routepoint_id>461352474</swisstopo:routepoint_id>
				</extensions>
			</trkpt>
			<trkpt lat="46.2575076608" lon="8.6833483144">
				<ele>389.2</ele>
				<time>1970-01-01T01:00:00+01:00</time>
				<extensions>
					<swisstopo:routepoint_id>142033319</swisstopo:routepoint_id>
				</extensions>
			</trkpt>
			<trkpt lat="46.2574471058" lon="8.6834429999">
				<ele>386.6</ele>
				<time>1970-01-01T01:00:00+01:00</time>
				<extensions>
					<swisstopo:routepoint_id>123083950</swisstopo:routepoint_id>
				</extensions>
			</trkpt>
			<trkpt lat="46.2573877283" lon="8.6835394632">
				<ele>384.3</ele>
				<time>1970-01-01T01:00:00+01:00</time>
				<extensions>
					<swisstopo:routepoint_id>391036139</swisstopo:routepoint_id>
				</extensions>
			</trkpt>
			<trkpt lat="46.2573490229" lon="8.6835951928">
				<ele>381.9</ele>
				<time>1970-01-01T01:00:00+01:00</time>
				<extensions>
					<swisstopo:routepoint_id>1014114044</swisstopo:routepoint_id>
				</extensions>
			</trkpt>
			<trkpt lat="46.2572766075" lon="8.6836835370">
				<ele>379.2</ele>
				<time>1970-01-01T01:00:00+01:00</time>
				<extensions>
					<swisstopo:routepoint_id>821451792</swisstopo:routepoint_id>
				</extensions>
			</trkpt>
			<trkpt lat="46.2572369210" lon="8.6837262215">
				<ele>377.4</ele>
				<time>1970-01-01T01:00:00+01:00</time>
				<extensions>
					<swisstopo:routepoint_id>1184443398</swisstopo:routepoint_id>
				</extensions>
			</trkpt>
			<trkpt lat="46.2572210314" lon="8.6837621743">
				<ele>376.7</ele>
				<time>1970-01-01T01:00:00+01:00</time>
				<extensions>
					<swisstopo:routepoint_id>589015970</swisstopo:routepoint_id>
				</extensions>
			</trkpt>
			<trkpt lat="46.2572951706" lon="8.6837178920">
				<ele>376.1</ele>
				<time>1970-01-01T01:00:00+01:00</time>
				<extensions>
					<swisstopo:routepoint_id>268749919</swisstopo:routepoint_id>
				</extensions>
			</trkpt>
			<trkpt lat="46.2573970254" lon="8.6836683537">
				<ele>375.3</ele>
				<time>1970-01-01T01:00:00+01:00</time>
				<extensions>
					<swisstopo:routepoint_id>249671832</swisstopo:routepoint_id>
				</extensions>
			</trkpt>
			<trkpt lat="46.2575119738" lon="8.6836057962">
				<ele>374.1</ele>
				<time>1970-01-01T01:00:00+01:00</time>
				<extensions>
					<swisstopo:routepoint_id>1649682736</swisstopo:routepoint_id>
				</extensions>
			</trkpt>
			<trkpt lat="46.2576388068" lon="8.6835434786">
				<ele>372.1</ele>
				<time>1970-01-01T01:00:00+01:00</time>
				<extensions>
					<swisstopo:routepoint_id>1890757582</swisstopo:routepoint_id>
				</extensions>
			</trkpt>
			<trkpt lat="46.2577117345" lon="8.6835142661">
				<ele>370.9</ele>
				<time>1970-01-01T01:00:00+01:00</time>
				<extensions>
					<swisstopo:routepoint_id>1453648444</swisstopo:routepoint_id>
				</extensions>
			</trkpt>
			<trkpt lat="46.2577821788" lon="8.6834935719">
				<ele>369.6</ele>
				<time>1970-01-01T01:00:00+01:00</time>
				<extensions>
					<swisstopo:routepoint_id>116567814</swisstopo:routepoint_id>
				</extensions>
			</trkpt>
			<trkpt lat="46.2578631780" lon="8.6834885593">
				<ele>368.4</ele>
				<time>1970-01-01T01:00:00+01:00</time>
				<extensions>
					<swisstopo:routepoint_id>754048652</swisstopo:routepoint_id>
				</extensions>
			</trkpt>
			<trkpt lat="46.2579204679" lon="8.6834744230">
				<ele>367.9</ele>
				<time>1970-01-01T01:00:00+01:00</time>
				<extensions>
					<swisstopo:routepoint_id>176992006</swisstopo:routepoint_id>
				</extensions>
			</trkpt>
			<trkpt lat="46.2579826142" lon="8.6834501126">
				<ele>367.6</ele>
				<time>1970-01-01T01:00:00+01:00</time>
				<extensions>
					<swisstopo:routepoint_id>121988667</swisstopo:routepoint_id>
				</extensions>
			</trkpt>
			<trkpt lat="46.2580350490" lon="8.6834444466">
				<ele>367.0</ele>
				<time>1970-01-01T01:00:00+01:00</time>
				<extensions>
					<swisstopo:routepoint_id>1584684333</swisstopo:routepoint_id>
				</extensions>
			</trkpt>
			<trkpt lat="46.2580754410" lon="8.6834505193">
				<ele>366.5</ele>
				<time>1970-01-01T01:00:00+01:00</time>
				<extensions>
					<swisstopo:routepoint_id>714404723</swisstopo:routepoint_id>
				</extensions>
			</trkpt>
			<trkpt lat="46.2581203847" lon="8.6834772980">
				<ele>365.8</ele>
				<time>1970-01-01T01:00:00+01:00</time>
				<extensions>
					<swisstopo:routepoint_id>1847466257</swisstopo:routepoint_id>
				</extensions>
			</trkpt>
			<trkpt lat="46.2581840621" lon="8.6835302180">
				<ele>364.8</ele>
				<time>1970-01-01T01:00:00+01:00</time>
				<extensions>
					<swisstopo:routepoint_id>1817428018</swisstopo:routepoint_id>
				</extensions>
			</trkpt>
			<trkpt lat="46.2582901795" lon="8.6836218676">
				<ele>362.9</ele>
				<time>1970-01-01T01:00:00+01:00</time>
				<extensions>
					<swisstopo:routepoint_id>1654401559</swisstopo:routepoint_id>
				</extensions>
			</trkpt>
			<trkpt lat="46.2582801295" lon="8.6836696815">
				<ele>362.6</ele>
				<time>1970-01-01T01:00:00+01:00</time>
				<extensions>
					<swisstopo:routepoint_id>130932755</swisstopo:routepoint_id>
				</extensions>
			</trkpt>
			<trkpt lat="46.2582761566" lon="8.6836985778">
				<ele>362.0</ele>
				<time>1970-01-01T01:00:00+01:00</time>
				<extensions>
					<swisstopo:routepoint_id>259746669</swisstopo:routepoint_id>
				</extensions>
			</trkpt>
			<trkpt lat="46.2582723653" lon="8.6837261356">
				<ele>361.4</ele>
				<time>1970-01-01T01:00:00+01:00</time>
				<extensions>
					<swisstopo:routepoint_id>1604578266</swisstopo:routepoint_id>
				</extensions>
			</trkpt>
			<trkpt lat="46.2582717800" lon="8.6837793149">
				<ele>360.4</ele>
				<time>1970-01-01T01:00:00+01:00</time>
				<extensions>
					<swisstopo:routepoint_id>191104960</swisstopo:routepoint_id>
				</extensions>
			</trkpt>
			<trkpt lat="46.2582781094" lon="8.6838532354">
				<ele>359.1</ele>
				<time>1970-01-01T01:00:00+01:00</time>
				<extensions>
					<swisstopo:routepoint_id>1070246513</swisstopo:routepoint_id>
				</extensions>
			</trkpt>
			<trkpt lat="46.2582709544" lon="8.6839628897">
				<ele>357.7</ele>
				<time>1970-01-01T01:00:00+01:00</time>
				<extensions>
					<swisstopo:routepoint_id>1810805301</swisstopo:routepoint_id>
				</extensions>
			</trkpt>
			<trkpt lat="46.2582546932" lon="8.6840345960">
				<ele>357.0</ele>
				<time>1970-01-01T01:00:00+01:00</time>
				<extensions>
					<swisstopo:routepoint_id>2087440522</swisstopo:routepoint_id>
				</extensions>
			</trkpt>
			<trkpt lat="46.2582228798" lon="8.6841127926">
				<ele>356.0</ele>
				<time>1970-01-01T01:00:00+01:00</time>
				<extensions>
					<swisstopo:routepoint_id>824513495</swisstopo:routepoint_id>
				</extensions>
			</trkpt>
			<trkpt lat="46.2581975317" lon="8.6841448032">
				<ele>355.5</ele>
				<time>1970-01-01T01:00:00+01:00</time>
				<extensions>
					<swisstopo:routepoint_id>753531256</swisstopo:routepoint_id>
				</extensions>
			</trkpt>
			<trkpt lat="46.2581521899" lon="8.6841557924">
				<ele>354.7</ele>
				<time>1970-01-01T01:00:00+01:00</time>
				<extensions>
					<swisstopo:routepoint_id>70316334</swisstopo:routepoint_id>
				</extensions>
			</trkpt>
			<trkpt lat="46.2580901481" lon="8.6841698067">
				<ele>353.5</ele>
				<time>1970-01-01T01:00:00+01:00</time>
				<extensions>
					<swisstopo:routepoint_id>1275402923</swisstopo:routepoint_id>
				</extensions>
			</trkpt>
			<trkpt lat="46.2580267982" lon="8.6841941014">
				<ele>352.4</ele>
				<time>1970-01-01T01:00:00+01:00</time>
				<extensions>
					<swisstopo:routepoint_id>1449115805</swisstopo:routepoint_id>
				</extensions>
			</trkpt>
			<trkpt lat="46.2579539169" lon="8.6842198816">
				<ele>351.3</ele>
				<time>1970-01-01T01:00:00+01:00</time>
				<extensions>
					<swisstopo:routepoint_id>1354076389</swisstopo:routepoint_id>
				</extensions>
			</trkpt>
			<trkpt lat="46.2578831803" lon="8.6842663189">
				<ele>349.9</ele>
				<time>1970-01-01T01:00:00+01:00</time>
				<extensions>
					<swisstopo:routepoint_id>425098074</swisstopo:routepoint_id>
				</extensions>
			</trkpt>
			<trkpt lat="46.2578220699" lon="8.6843026597">
				<ele>348.7</ele>
				<time>1970-01-01T01:00:00+01:00</time>
				<extensions>
					<swisstopo:routepoint_id>552701873</swisstopo:routepoint_id>
				</extensions>
			</trkpt>
			<trkpt lat="46.2577763883" lon="8.6843445088">
				<ele>347.8</ele>
				<time>1970-01-01T01:00:00+01:00</time>
				<extensions>
					<swisstopo:routepoint_id>934771566</swisstopo:routepoint_id>
				</extensions>
			</trkpt>
			<trkpt lat="46.2577053119" lon="8.6844218058">
				<ele>346.4</ele>
				<time>1970-01-01T01:00:00+01:00</time>
				<extensions>
					<swisstopo:routepoint_id>1086816882</swisstopo:routepoint_id>
				</extensions>
			</trkpt>
			<trkpt lat="46.2576486119" lon="8.6844908630">
				<ele>345.2</ele>
				<time>1970-01-01T01:00:00+01:00</time>
				<extensions>
					<swisstopo:routepoint_id>525475985</swisstopo:routepoint_id>
				</extensions>
			</trkpt>
			<trkpt lat="46.2576303945" lon="8.6845247653">
				<ele>344.7</ele>
				<time>1970-01-01T01:00:00+01:00</time>
				<extensions>
					<swisstopo:routepoint_id>943507036</swisstopo:routepoint_id>
				</extensions>
			</trkpt>
			<trkpt lat="46.2576168447" lon="8.6845656332">
				<ele>344.4</ele>
				<time>1970-01-01T01:00:00+01:00</time>
				<extensions>
					<swisstopo:routepoint_id>1533114922</swisstopo:routepoint_id>
				</extensions>
			</trkpt>
			<trkpt lat="46.2576547140" lon="8.6845853729">
				<ele>344.3</ele>
				<time>1970-01-01T01:00:00+01:00</time>
				<extensions>
					<swisstopo:routepoint_id>1136708929</swisstopo:routepoint_id>
				</extensions>
			</trkpt>
			<trkpt lat="46.2576936076" lon="8.6846205952">
				<ele>344.0</ele>
				<time>1970-01-01T01:00:00+01:00</time>
				<extensions>
					<swisstopo:routepoint_id>1276656438</swisstopo:routepoint_id>
				</extensions>
			</trkpt>
			<trkpt lat="46.2577347031" lon="8.6846712893">
				<ele>343.6</ele>
				<time>1970-01-01T01:00:00+01:00</time>
				<extensions>
					<swisstopo:routepoint_id>2142062795</swisstopo:routepoint_id>
				</extensions>
			</trkpt>
			<trkpt lat="46.2577874925" lon="8.6847411240">
				<ele>343.0</ele>
				<time>1970-01-01T01:00:00+01:00</time>
				<extensions>
					<swisstopo:routepoint_id>1316847967</swisstopo:routepoint_id>
				</extensions>
			</trkpt>
			<trkpt lat="46.2578859866" lon="8.6848754953">
				<ele>341.7</ele>
				<time>1970-01-01T01:00:00+01:00</time>
				<extensions>
					<swisstopo:routepoint_id>1610070931</swisstopo:routepoint_id>
				</extensions>
			</trkpt>
			<trkpt lat="46.2579780196" lon="8.6849479643">
				<ele>340.8</ele>
				<time>1970-01-01T01:00:00+01:00</time>
				<extensions>
					<swisstopo:routepoint_id>422006058</swisstopo:routepoint_id>
				</extensions>
			</trkpt>
			<trkpt lat="46.2580462377" lon="8.6850233017">
				<ele>339.9</ele>
				<time>1970-01-01T01:00:00+01:00</time>
				<extensions>
					<swisstopo:routepoint_id>1914739963</swisstopo:routepoint_id>
				</extensions>
			</trkpt>
			<trkpt lat="46.2580780483" lon="8.6850514909">
				<ele>339.5</ele>
				<time>1970-01-01T01:00:00+01:00</time>
				<extensions>
					<swisstopo:routepoint_id>1207486812</swisstopo:routepoint_id>
				</extensions>
			</trkpt>
			<trkpt lat="46.2581525063" lon="8.6850995234">
				<ele>338.7</ele>
				<time>1970-01-01T01:00:00+01:00</time>
				<extensions>
					<swisstopo:routepoint_id>1716533502</swisstopo:routepoint_id>
				</extensions>
			</trkpt>
			<trkpt lat="46.2582410400" lon="8.6851650414">
				<ele>338.0</ele>
				<time>1970-01-01T01:00:00+01:00</time>
				<extensions>
					<swisstopo:routepoint_id>1557681349</swisstopo:routepoint_id>
				</extensions>
			</trkpt>
			<trkpt lat="46.2583037474" lon="8.6851990747">
				<ele>337.7</ele>
				<time>1970-01-01T01:00:00+01:00</time>
				<extensions>
					<swisstopo:routepoint_id>49823292</swisstopo:routepoint_id>
				</extensions>
			</trkpt>
			<trkpt lat="46.2584090657" lon="8.6852546923">
				<ele>337.4</ele>
				<time>1970-01-01T01:00:00+01:00</time>
				<extensions>
					<swisstopo:routepoint_id>2087311443</swisstopo:routepoint_id>
				</extensions>
			</trkpt>
			<trkpt lat="46.2585155409" lon="8.6853137439">
				<ele>337.1</ele>
				<time>1970-01-01T01:00:00+01:00</time>
				<extensions>
					<swisstopo:routepoint_id>1336983803</swisstopo:routepoint_id>
				</extensions>
			</trkpt>
			<trkpt lat="46.2586668298" lon="8.6854081486">
				<ele>336.7</ele>
				<time>1970-01-01T01:00:00+01:00</time>
				<extensions>
					<swisstopo:routepoint_id>1941256613</swisstopo:routepoint_id>
				</extensions>
			</trkpt>
			<trkpt lat="46.2587802101" lon="8.6854879739">
				<ele>336.5</ele>
				<time>1970-01-01T01:00:00+01:00</time>
				<extensions>
					<swisstopo:routepoint_id>251148086</swisstopo:routepoint_id>
				</extensions>
			</trkpt>
			<trkpt lat="46.2589859535" lon="8.6856110819">
				<ele>336.3</ele>
				<time>1970-01-01T01:00:00+01:00</time>
				<extensions>
					<swisstopo:routepoint_id>245733018</swisstopo:routepoint_id>
				</extensions>
			</trkpt>
			<trkpt lat="46.2592140045" lon="8.6857604471">
				<ele>336.3</ele>
				<time>1970-01-01T01:00:00+01:00</time>
				<extensions>
					<swisstopo:routepoint_id>1057274045</swisstopo:routepoint_id>
				</extensions>
			</trkpt>
			<trkpt lat="46.2593983899" lon="8.6858779187">
				<ele>336.3</ele>
				<time>1970-01-01T01:00:00+01:00</time>
				<extensions>
					<swisstopo:routepoint_id>2017124187</swisstopo:routepoint_id>
				</extensions>
			</trkpt>
			<trkpt lat="46.2594953243" lon="8.6859384830">
				<ele>336.4</ele>
				<time>1970-01-01T01:00:00+01:00</time>
				<extensions>
					<swisstopo:routepoint_id>1696594220</swisstopo:routepoint_id>
				</extensions>
			</trkpt>
			<trkpt lat="46.2595604598" lon="8.6859674245">
				<ele>336.4</ele>
				<time>1970-01-01T01:00:00+01:00</time>
				<extensions>
					<swisstopo:routepoint_id>1451899099</swisstopo:routepoint_id>
				</extensions>
			</trkpt>
			<trkpt lat="46.2596398876" lon="8.6859949900">
				<ele>336.5</ele>
				<time>1970-01-01T01:00:00+01:00</time>
				<extensions>
					<swisstopo:routepoint_id>863723593</swisstopo:routepoint_id>
				</extensions>
			</trkpt>
			<trkpt lat="46.2598001345" lon="8.6860346807">
				<ele>336.6</ele>
				<time>1970-01-01T01:00:00+01:00</time>
				<extensions>
					<swisstopo:routepoint_id>850304849</swisstopo:routepoint_id>
				</extensions>
			</trkpt>
			<trkpt lat="46.2599307444" lon="8.6860634258">
				<ele>336.7</ele>
				<time>1970-01-01T01:00:00+01:00</time>
				<extensions>
					<swisstopo:routepoint_id>896413932</swisstopo:routepoint_id>
				</extensions>
			</trkpt>
			<trkpt lat="46.2600553803" lon="8.6860937378">
				<ele>336.8</ele>
				<time>1970-01-01T01:00:00+01:00</time>
				<extensions>
					<swisstopo:routepoint_id>419304822</swisstopo:routepoint_id>
				</extensions>
			</trkpt>
			<trkpt lat="46.2601371683" lon="8.6861247715">
				<ele>337.0</ele>
				<time>1970-01-01T01:00:00+01:00</time>
				<extensions>
					<swisstopo:routepoint_id>1485764840</swisstopo:routepoint_id>
				</extensions>
			</trkpt>
			<trkpt lat="46.2601928011" lon="8.6861517921">
				<ele>337.1</ele>
				<time>1970-01-01T01:00:00+01:00</time>
				<extensions>
					<swisstopo:routepoint_id>27225888</swisstopo:routepoint_id>
				</extensions>
			</trkpt>
			<trkpt lat="46.2602293430" lon="8.6861835306">
				<ele>337.1</ele>
				<time>1970-01-01T01:00:00+01:00</time>
				<extensions>
					<swisstopo:routepoint_id>2138748178</swisstopo:routepoint_id>
				</extensions>
			</trkpt>
			<trkpt lat="46.2602811639" lon="8.6862327514">
				<ele>337.2</ele>
				<time>1970-01-01T01:00:00+01:00</time>
				<extensions>
					<swisstopo:routepoint_id>1701185608</swisstopo:routepoint_id>
				</extensions>
			</trkpt>
			<trkpt lat="46.2603200658" lon="8.6862679768">
				<ele>337.2</ele>
				<time>1970-01-01T01:00:00+01:00</time>
				<extensions>
					<swisstopo:routepoint_id>1536250703</swisstopo:routepoint_id>
				</extensions>
			</trkpt>
			<trkpt lat="46.2603693360" lon="8.6863325993">
				<ele>337.3</ele>
				<time>1970-01-01T01:00:00+01:00</time>
				<extensions>
					<swisstopo:routepoint_id>1814334246</swisstopo:routepoint_id>
				</extensions>
			</trkpt>
			<trkpt lat="46.2604792003" lon="8.6865152800">
				<ele>337.3</ele>
				<time>1970-01-01T01:00:00+01:00</time>
				<extensions>
					<swisstopo:routepoint_id>1538535775</swisstopo:routepoint_id>
				</extensions>
			</trkpt>
			<trkpt lat="46.2606311310" lon="8.6867808057">
				<ele>337.2</ele>
				<time>1970-01-01T01:00:00+01:00</time>
				<extensions>
					<swisstopo:routepoint_id>1967344610</swisstopo:routepoint_id>
				</extensions>
			</trkpt>
			<trkpt lat="46.2606741948" lon="8.6868560662">
				<ele>337.2</ele>
				<time>1970-01-01T01:00:00+01:00</time>
				<extensions>
					<swisstopo:routepoint_id>1814069155</swisstopo:routepoint_id>
				</extensions>
			</trkpt>
			<trkpt lat="46.2608588580" lon="8.6871640445">
				<ele>337.0</ele>
				<time>1970-01-01T01:00:00+01:00</time>
				<extensions>
					<swisstopo:routepoint_id>1720056736</swisstopo:routepoint_id>
				</extensions>
			</trkpt>
			<trkpt lat="46.2609253208" lon="8.6872884461">
				<ele>337.0</ele>
				<time>1970-01-01T01:00:00+01:00</time>
				<extensions>
					<swisstopo:routepoint_id>1549591652</swisstopo:routepoint_id>
				</extensions>
			</trkpt>
			<trkpt lat="46.2609498105" lon="8.6873342990">
				<ele>337.0</ele>
				<time>1970-01-01T01:00:00+01:00</time>
				<extensions>
					<swisstopo:routepoint_id>402584119</swisstopo:routepoint_id>
				</extensions>
			</trkpt>
			<trkpt lat="46.2610547799" lon="8.6875288862">
				<ele>337.0</ele>
				<time>1970-01-01T01:00:00+01:00</time>
				<extensions>
					<swisstopo:routepoint_id>852956204</swisstopo:routepoint_id>
				</extensions>
			</trkpt>
			<trkpt lat="46.2611529675" lon="8.6876907387">
				<ele>337.1</ele>
				<time>1970-01-01T01:00:00+01:00</time>
				<extensions>
					<swisstopo:routepoint_id>357058613</swisstopo:routepoint_id>
				</extensions>
			</trkpt>
			<trkpt lat="46.2612253864" lon="8.6878159496">
				<ele>337.3</ele>
				<time>1970-01-01T01:00:00+01:00</time>
				<extensions>
					<swisstopo:routepoint_id>1157663519</swisstopo:routepoint_id>
				</extensions>
			</trkpt>
			<trkpt lat="46.2612812287" lon="8.6879321857">
				<ele>337.5</ele>
				<time>1970-01-01T01:00:00+01:00</time>
				<extensions>
					<swisstopo:routepoint_id>1776705707</swisstopo:routepoint_id>
				</extensions>
			</trkpt>
			<trkpt lat="46.2613265149" lon="8.6880344739">
				<ele>337.8</ele>
				<time>1970-01-01T01:00:00+01:00</time>
				<extensions>
					<swisstopo:routepoint_id>220697546</swisstopo:routepoint_id>
				</extensions>
			</trkpt>
			<trkpt lat="46.2613609335" lon="8.6881502312">
				<ele>338.0</ele>
				<time>1970-01-01T01:00:00+01:00</time>
				<extensions>
					<swisstopo:routepoint_id>256050327</swisstopo:routepoint_id>
				</extensions>
			</trkpt>
			<trkpt lat="46.2613846681" lon="8.6882381733">
				<ele>338.3</ele>
				<time>1970-01-01T01:00:00+01:00</time>
				<extensions>
					<swisstopo:routepoint_id>1836163357</swisstopo:routepoint_id>
				</extensions>
			</trkpt>
			<trkpt lat="46.2614172164" lon="8.6883832505">
				<ele>333.4</ele>
				<time>1970-01-01T01:00:00+01:00</time>
				<extensions>
					<swisstopo:routepoint_id>1091250785</swisstopo:routepoint_id>
				</extensions>
			</trkpt>
			<trkpt lat="46.2615285342" lon="8.6888937111">
				<ele>338.9</ele>
				<time>1970-01-01T01:00:00+01:00</time>
				<extensions>
					<swisstopo:routepoint_id>883982568</swisstopo:routepoint_id>
				</extensions>
			</trkpt>
			<trkpt lat="46.2616516158" lon="8.6894524847">
				<ele>338.3</ele>
				<time>1970-01-01T01:00:00+01:00</time>
				<extensions>
					<swisstopo:routepoint_id>381507546</swisstopo:routepoint_id>
				</extensions>
			</trkpt>
			<trkpt lat="46.2616566697" lon="8.6894801141">
				<ele>338.2</ele>
				<time>1970-01-01T01:00:00+01:00</time>
				<extensions>
					<swisstopo:routepoint_id>696622446</swisstopo:routepoint_id>
				</extensions>
			</trkpt>
			<trkpt lat="46.2616710013" lon="8.6895583217">
				<ele>337.6</ele>
				<time>1970-01-01T01:00:00+01:00</time>
				<extensions>
					<swisstopo:routepoint_id>1752858594</swisstopo:routepoint_id>
				</extensions>
			</trkpt>
			<trkpt lat="46.2616767664" lon="8.6896195230">
				<ele>338.0</ele>
				<time>1970-01-01T01:00:00+01:00</time>
				<extensions>
					<swisstopo:routepoint_id>1153400594</swisstopo:routepoint_id>
				</extensions>
			</trkpt>
			<trkpt lat="46.2616827350" lon="8.6897176318">
				<ele>337.9</ele>
				<time>1970-01-01T01:00:00+01:00</time>
				<extensions>
					<swisstopo:routepoint_id>846289371</swisstopo:routepoint_id>
				</extensions>
			</trkpt>
			<trkpt lat="46.2616870644" lon="8.6897833651">
				<ele>337.9</ele>
				<time>1970-01-01T01:00:00+01:00</time>
				<extensions>
					<swisstopo:routepoint_id>555485167</swisstopo:routepoint_id>
				</extensions>
			</trkpt>
			<trkpt lat="46.2616875770" lon="8.6898256902">
				<ele>338.0</ele>
				<time>1970-01-01T01:00:00+01:00</time>
				<extensions>
					<swisstopo:routepoint_id>444418771</swisstopo:routepoint_id>
				</extensions>
			</trkpt>
			<trkpt lat="46.2616758682" lon="8.6899163624">
				<ele>338.3</ele>
				<time>1970-01-01T01:00:00+01:00</time>
				<extensions>
					<swisstopo:routepoint_id>1512023657</swisstopo:routepoint_id>
				</extensions>
			</trkpt>
			<trkpt lat="46.2616549287" lon="8.6899793755">
				<ele>338.6</ele>
				<time>1970-01-01T01:00:00+01:00</time>
				<extensions>
					<swisstopo:routepoint_id>869188043</swisstopo:routepoint_id>
				</extensions>
			</trkpt>
			<trkpt lat="46.2616269607" lon="8.6900336261">
				<ele>338.9</ele>
				<time>1970-01-01T01:00:00+01:00</time>
				<extensions>
					<swisstopo:routepoint_id>428040292</swisstopo:routepoint_id>
				</extensions>
			</trkpt>
			<trkpt lat="46.2615440625" lon="8.6901038011">
				<ele>339.3</ele>
				<time>1970-01-01T01:00:00+01:00</time>
				<extensions>
					<swisstopo:routepoint_id>1932062880</swisstopo:routepoint_id>
				</extensions>
			</trkpt>
			<trkpt lat="46.2613385596" lon="8.6902826957">
				<ele>340.6</ele>
				<time>1970-01-01T01:00:00+01:00</time>
				<extensions>
					<swisstopo:routepoint_id>638458833</swisstopo:routepoint_id>
				</extensions>
			</trkpt>
			<trkpt lat="46.2612207508" lon="8.6903880880">
				<ele>341.2</ele>
				<time>1970-01-01T01:00:00+01:00</time>
				<extensions>
					<swisstopo:routepoint_id>324413932</swisstopo:routepoint_id>
				</extensions>
			</trkpt>
			<trkpt lat="46.2611606927" lon="8.6904381762">
				<ele>341.4</ele>
				<time>1970-01-01T01:00:00+01:00</time>
				<extensions>
					<swisstopo:routepoint_id>162649833</swisstopo:routepoint_id>
				</extensions>
			</trkpt>
			<trkpt lat="46.2611308341" lon="8.6904477885">
				<ele>341.5</ele>
				<time>1970-01-01T01:00:00+01:00</time>
				<extensions>
					<swisstopo:routepoint_id>1716389741</swisstopo:routepoint_id>
				</extensions>
			</trkpt>
			<trkpt lat="46.2611024098" lon="8.6904351235">
				<ele>341.6</ele>
				<time>1970-01-01T01:00:00+01:00</time>
				<extensions>
					<swisstopo:routepoint_id>265091</swisstopo:routepoint_id>
				</extensions>
			</trkpt>
			<trkpt lat="46.2610753241" lon="8.6904087658">
				<ele>341.6</ele>
				<time>1970-01-01T01:00:00+01:00</time>
				<extensions>
					<swisstopo:routepoint_id>1965962686</swisstopo:routepoint_id>
				</extensions>
			</trkpt>
			<trkpt lat="46.2610508602" lon="8.6903601451">
				<ele>341.7</ele>
				<time>1970-01-01T01:00:00+01:00</time>
				<extensions>
					<swisstopo:routepoint_id>417752958</swisstopo:routepoint_id>
				</extensions>
			</trkpt>
			<trkpt lat="46.2610229861" lon="8.6902977357">
				<ele>341.8</ele>
				<time>1970-01-01T01:00:00+01:00</time>
				<extensions>
					<swisstopo:routepoint_id>1411485036</swisstopo:routepoint_id>
				</extensions>
			</trkpt>
			<trkpt lat="46.2609538091" lon="8.6903539569">
				<ele>341.7</ele>
				<time>1970-01-01T01:00:00+01:00</time>
				<extensions>
					<swisstopo:routepoint_id>867100532</swisstopo:routepoint_id>
				</extensions>
			</trkpt>
			<trkpt lat="46.2608956891" lon="8.6904011969">
				<ele>341.6</ele>
				<time>1970-01-01T01:00:00+01:00</time>
				<extensions>
					<swisstopo:routepoint_id>1192533038</swisstopo:routepoint_id>
				</extensions>
			</trkpt>
			<trkpt lat="46.2607885149" lon="8.6904903205">
				<ele>341.4</ele>
				<time>1970-01-01T01:00:00+01:00</time>
				<extensions>
					<swisstopo:routepoint_id>1392404247</swisstopo:routepoint_id>
				</extensions>
			</trkpt>
			<trkpt lat="46.2607666672" lon="8.6904560029">
				<ele>341.3</ele>
				<time>1970-01-01T01:00:00+01:00</time>
				<extensions>
					<swisstopo:routepoint_id>1223734145</swisstopo:routepoint_id>
				</extensions>
			</trkpt>
			<trkpt lat="46.2607666672" lon="8.6904560029">
				<ele>341.3</ele>
				<extensions>
					<swisstopo:waypoint_id>1519551407</swisstopo:waypoint_id>
					<swisstopo:waypoint_is_controlpoint>1</swisstopo:waypoint_is_controlpoint>
					<swisstopo:waypoint_routepoint_id>1223734145</swisstopo:waypoint_routepoint_id>
					<swisstopo:waypoint_meters_into_tour>23314.841733</swisstopo:waypoint_meters_into_tour>
					<swisstopo:waypoint_stage_before distance="14881.211444" duration="19994.068365" ascent="556.499908" descent="2068.024567" />
					<swisstopo:waypoint_trackpoint_id>swisstopo-770278424</swisstopo:waypoint_trackpoint_id>
					<swisstopo:waypoint_original_name>Lodano</swisstopo:waypoint_original_name>
				</extensions>
				<name>swisstopo-770278424</name>
			</trkpt>
		</trkseg>
	</trk>
</gpx>
